#pragma once
#include <pgmspace.h>

#define SOLIDARNOSC_LOGO_WIDTH  240
#define SOLIDARNOSC_LOGO_HEIGHT 135

const uint16_t solidarnosc_logo[SOLIDARNOSC_LOGO_WIDTH * SOLIDARNOSC_LOGO_HEIGHT] PROGMEM = {
  0xFFFF,0xFFFF,0xFFFF,0xFFFF,0xFFFF,0xFFFF,0xFFFF,0xFFFF,0xFFFF,0xFFFF,0xFFFF,0xFFFF,0xFFFF,0xFFFF,0xFFFF,0xFFFF,
  0xFFFF,0xFFFF,0xFFFF,0xFFFF,0xFFFF,0xFFFF,0xFFFF,0xFFFF,0xFFFF,0xFFFF,0xFFFF,0xFFFF,0xFFFF,0xFFFF,0xFFFF,0xFFFF,
  0xFFFF,0xFFFF,0xFFFF,0xFFFF,0xFFFF,0xFFFF,0xFFFF,0xFFFF,0xFFFF,0xFFFF,0xFFFF,0xFFFF,0xFFFF,0xFFFF,0xFFFF,0xFFFF,
  0xFFFF,0xFFFF,0xFFFF,0xFFFF,0xFFFF,0xFFFF,0xFFFF,0xFFFF,0xFFFF,0xFFFF,0xFFFF,0xFFFF,0xFFFF,0xFFFF,0xFFFF,0xFFFF,
  0xFFFF,0xFFFF,0xFFFF,0xFFFF,0xFFFF,0xFFFF,0xFFFF,0xFFFF,0xFFFF,0xFFFF,0xFFFF,0xFFFF,0xFFFF,0xFFFF,0xFFFF,0xFFFF,
  0xFFFF,0xFFFF,0xFFFF,0xFFFF,0xFFFF,0xFFFF,0xFFFF,0xFFFF,0xFFFF,0xFFFF,0xFFFF,0xFFFF,0xFFFF,0xFFFF,0xFFFF,0xFFFF,
  0xFFFF,0xFFFF,0xFFFF,0xFFFF,0xFFFF,0xFFFF,0xFFFF,0xFFFF,0xFFFF,0xFFFF,0xFFFF,0xFFFF,0xFFFF,0xFFFF,0xFFFF,0xFFFF,
  0xFFFF,0xFFFF,0xFFFF,0xFFFF,0xFFFF,0xFFFF,0xFFFF,0xFFFF,0xFFFF,0xFFFF,0xFFFF,0xFFFF,0xFFFF,0xFFFF,0xFFFF,0xFFFF,
  0xFFFF,0xFFFF,0xFFFF,0xFFFF,0xFFFF,0xFFFF,0xFFFF,0xFFFF,0xFFFF,0xFFFF,0xFFFF,0xFFFF,0xFFFF,0xFFFF,0xFFFF,0xFFFF,
  0xFFFF,0xFFFF,0xFFFF,0xFFFF,0xFFFF,0xFFFF,0xFFFF,0xFFFF,0xFFFF,0xFFFF,0xFFFF,0xFFFF,0xFFFF,0xFFFF,0xFFFF,0xFFFF,
  0xFFFF,0xFFFF,0xFFFF,0xFFFF,0xFFFF,0xFFFF,0xFFFF,0xFFFF,0xFFFF,0xFFFF,0xFFFF,0xFFFF,0xFFFF,0xFFFF,0xFFFF,0xFFFF,
  0xFFFF,0xFFFF,0xFFFF,0xFFFF,0xFFFF,0xFFFF,0xFFFF,0xFFFF,0xFFFF,0xFFFF,0xFFFF,0xFFFF,0xFFFF,0xFFFF,0xFFFF,0xFFFF,
  0xFFFF,0xFFFF,0xFFFF,0xFFFF,0xFFFF,0xFFFF,0xFFFF,0xFFFF,0xFFFF,0xFFFF,0xFFFF,0xFFFF,0xFFFF,0xFFFF,0xFFFF,0xFFFF,
  0xFFFF,0xFFFF,0xFFFF,0xFFFF,0xFFFF,0xFFFF,0xFFFF,0xFFFF,0xFFFF,0xFFFF,0xFFFF,0xFFFF,0xFFFF,0xFFFF,0xFFFF,0xFFFF,
  0xFFFF,0xFFFF,0xFFFF,0xFFFF,0xFFFF,0xFFFF,0xFFFF,0xFFFF,0xFFFF,0xFFFF,0xFFFF,0xFFFF,0xFFFF,0xFFFF,0xFFFF,0xFFFF,
  0xFFFF,0xFFFF,0xFFFF,0xFFFF,0xFFFF,0xFFFF,0xFFFF,0xFFFF,0xFFFF,0xFFFF,0xFFFF,0xFFFF,0xFFFF,0xFFFF,0xFFFF,0xFFFF,
  0xFFFF,0xFFFF,0xFFFF,0xFFFF,0xFFFF,0xFFFF,0xFFFF,0xFFFF,0xFFFF,0xFFFF,0xFFFF,0xFFFF,0xFFFF,0xFFFF,0xFFFF,0xFFFF,
  0xFFFF,0xFFFF,0xFFFF,0xFFFF,0xFFFF,0xFFFF,0xFFFF,0xFFFF,0xFFFF,0xFFFF,0xFFFF,0xFFFF,0xFFFF,0xFFFF,0xFFFF,0xFFFF,
  0xFFFF,0xFFFF,0xFFFF,0xFFFF,0xFFFF,0xFFFF,0xFFFF,0xFFFF,0xFFFF,0xFFFF,0xFFFF,0xFFFF,0xFFFF,0xFFFF,0xFFFF,0xFFFF,
  0xFFFF,0xFFFF,0xFFFF,0xFFFF,0xFFFF,0xFFFF,0xFFFF,0xFFFF,0xFFFF,0xFFFF,0xFFFF,0xFFFF,0xFFFF,0xFFFF,0xFFFF,0xFFFF,
  0xFFFF,0xFFFF,0xFFFF,0xFFFF,0xFFFF,0xFFFF,0xFFFF,0xFFFF,0xFFFF,0xFFFF,0xFFFF,0xFFFF,0xFFFF,0xFFFF,0xFFFF,0xFFFF,
  0xFFFF,0xFFFF,0xFFFF,0xFFFF,0xFFFF,0xFFFF,0xFFFF,0xFFFF,0xFFFF,0xFFFF,0xFFFF,0xFFFF,0xFFFF,0xFFFF,0xFFFF,0xFFFF,
  0xFFFF,0xFFFF,0xFFFF,0xFFFF,0xFFFF,0xFFFF,0xFFFF,0xFFFF,0xFFFF,0xFFFF,0xFFFF,0xFFFF,0xFFFF,0xFFFF,0xFFFF,0xFFFF,
  0xFFFF,0xFFFF,0xFFFF,0xFFFF,0xFFFF,0xFFFF,0xFFFF,0xFFFF,0xFFFF,0xFFFF,0xFFFF,0xFFFF,0xFFFF,0xFFFF,0xFFFF,0xFFFF,
  0xFFFF,0xFFFF,0xFFFF,0xFFFF,0xFFFF,0xFFFF,0xFFFF,0xFFFF,0xFFFF,0xFFFF,0xFFFF,0xFFFF,0xFFFF,0xFFFF,0xFFFF,0xFFFF,
  0xFFFF,0xFFFF,0xFFFF,0xFFFF,0xFFFF,0xFFFF,0xFFFF,0xFFFF,0xFFFF,0xFFFF,0xFFFF,0xFFFF,0xFFFF,0xFFFF,0xFFFF,0xFFFF,
  0xFFFF,0xFFFF,0xFFFF,0xFFFF,0xFFFF,0xFFFF,0xFFFF,0xFFFF,0xFFFF,0xFFFF,0xFFFF,0xFFFF,0xFFFF,0xFFFF,0xFFFF,0xFFFF,
  0xFFFF,0xFFFF,0xFFFF,0xFFFF,0xFFFF,0xFFFF,0xFFFF,0xFFFF,0xFFFF,0xFFFF,0xFFFF,0xFFFF,0xFFFF,0xFFFF,0xFFFF,0xFFFF,
  0xFFFF,0xFFFF,0xFFFF,0xFFFF,0xFFFF,0xFFFF,0xFFFF,0xFFFF,0xFFFF,0xFFFF,0xFFFF,0xFFFF,0xFFFF,0xFFFF,0xFFFF,0xFFFF,
  0xFFFF,0xFFFF,0xFFFF,0xFFFF,0xFFFF,0xFFFF,0xFFFF,0xFFFF,0xFFFF,0xFFFF,0xFFFF,0xFFFF,0xFFFF,0xFFFF,0xFFFF,0xFFFF,
  0xFFFF,0xFFFF,0xFFFF,0xFFFF,0xFFFF,0xFFFF,0xFFFF,0xFFFF,0xFFFF,0xFFFF,0xFFFF,0xFFFF,0xFFFF,0xFFFF,0xFFFF,0xFFFF,
  0xFFFF,0xFFFF,0xFFFF,0xFFFF,0xFFFF,0xFFFF,0xFFFF,0xFFFF,0xFFFF,0xFFFF,0xFFFF,0xFFFF,0xFFFF,0xFFFF,0xFFFF,0xFFFF,
  0xFFFF,0xFFFF,0xFFFF,0xFFFF,0xFFFF,0xFFFF,0xFFFF,0xFFFF,0xFFFF,0xFFFF,0xFFFF,0xFFFF,0xFFFF,0xFFFF,0xFFFF,0xFFFF,
  0xFFFF,0xFFFF,0xFFFF,0xFFFF,0xFFFF,0xFFFF,0xFFFF,0xFFFF,0xFFFF,0xFFFF,0xFFFF,0xFFFF,0xFFFF,0xFFFF,0xFFFF,0xFFFF,
  0xFFFF,0xFFFF,0xFFFF,0xFFFF,0xFFFF,0xFFFF,0xFFFF,0xFFFF,0xFFFF,0xFFFF,0xFFFF,0xFFFF,0xFFFF,0xFFFF,0xFFFF,0xFFFF,
  0xFFFF,0xFFFF,0xFFFF,0xFFFF,0xFFFF,0xFFFF,0xFFFF,0xFFFF,0xFFFF,0xFFFF,0xFFFF,0xFFFF,0xFFFF,0xFFFF,0xFFFF,0xFFFF,
  0xFFFF,0xFFFF,0xFFFF,0xFFFF,0xFFFF,0xFFFF,0xFFFF,0xFFFF,0xFFFF,0xFFFF,0xFFFF,0xFFFF,0xFFFF,0xFFFF,0xFFFF,0xFFFF,
  0xFFFF,0xFFFF,0xFFFF,0xFFFF,0xFFFF,0xFFFF,0xFFFF,0xFFFF,0xFFFF,0xFFFF,0xFFFF,0xFFFF,0xFFFF,0xFFFF,0xFFFF,0xFFFF,
  0xFFFF,0xFFFF,0xFFFF,0xFFFF,0xFFFF,0xFFFF,0xFFFF,0xFFFF,0xFFFF,0xFFFF,0xFFFF,0xFFFF,0xFFFF,0xFFFF,0xFFFF,0xFFFF,
  0xFFFF,0xFFFF,0xFFFF,0xFFFF,0xFFFF,0xFFFF,0xFFFF,0xFFFF,0xFFFF,0xFFFF,0xFFFF,0xFFFF,0xFFFF,0xFFFF,0xFFFF,0xFFFF,
  0xFFFF,0xFFFF,0xFFFF,0xFFFF,0xFFFF,0xFFFF,0xFFFF,0xFFFF,0xFFFF,0xFFFF,0xFFFF,0xFFFF,0xFFFF,0xFFFF,0xFFFF,0xFFFF,
  0xFFFF,0xFFFF,0xFFFF,0xFFFF,0xFFFF,0xFFFF,0xFFFF,0xFFFF,0xFFFF,0xFFFF,0xFFFF,0xFFFF,0xFFFF,0xFFFF,0xFFFF,0xFFFF,
  0xFFFF,0xFFFF,0xFFFF,0xFFFF,0xFFFF,0xFFFF,0xFFFF,0xFFFF,0xFFFF,0xFFFF,0xFFFF,0xFFFF,0xFFFF,0xFFFF,0xFFFF,0xFFFF,
  0xFFFF,0xFFFF,0xFFFF,0xFFFF,0xFFFF,0xFFFF,0xFFFF,0xFFFF,0xFFFF,0xFFFF,0xFFFF,0xFFFF,0xFFFF,0xFFFF,0xFFFF,0xFFFF,
  0xFFFF,0xFFFF,0xFFFF,0xFFFF,0xFFFF,0xFFFF,0xFFFF,0xFFFF,0xFFFF,0xFFFF,0xFFFF,0xFFFF,0xFFFF,0xFFFF,0xFFFF,0xFFFF,
  0xFFFF,0xFFFF,0xFFFF,0xFFFF,0xFFFF,0xFFFF,0xFFFF,0xFFFF,0xFFFF,0xFFFF,0xFFFF,0xFFFF,0xFFFF,0xFFFF,0xFFFF,0xFFFF,
  0xFFFF,0xFFFF,0xFFFF,0xFFFF,0xFFFF,0xFFFF,0xFFFF,0xFFFF,0xFFFF,0xFFFF,0xFFFF,0xFFFF,0xFFFF,0xFFFF,0xFFFF,0xFFFF,
  0xFFFF,0xFFFF,0xFFFF,0xFFFF,0xFFFF,0xFFFF,0xFFFF,0xFFFF,0xFFFF,0xFFFF,0xFFFF,0xFFFF,0xFFFF,0xFFFF,0xFFFF,0xFFFF,
  0xFFFF,0xFFFF,0xFFFF,0xFFFF,0xFFFF,0xFFFF,0xFFFF,0xFFFF,0xFFFF,0xFFFF,0xFFFF,0xFFFF,0xFFFF,0xFFFF,0xFFFF,0xFFFF,
  0xFFFF,0xFFFF,0xFFFF,0xFFFF,0xFFFF,0xFFFF,0xFFFF,0xFFFF,0xFFFF,0xFFFF,0xFFFF,0xFFFF,0xFFFF,0xFFFF,0xFFFF,0xFFFF,
  0xFFFF,0xFFFF,0xFFFF,0xFFFF,0xFFFF,0xFFFF,0xFFFF,0xFFFF,0xFFFF,0xFFFF,0xFFFF,0xFFFF,0xFFFF,0xFFFF,0xFFFF,0xFFFF,
  0xFFFF,0xFFFF,0xFFFF,0xFFFF,0xFFFF,0xFFFF,0xFFFF,0xFFFF,0xFFFF,0xFFFF,0xFFFF,0xFFFF,0xFFFF,0xFFFF,0xFFFF,0xFFFF,
  0xFFFF,0xFFFF,0xFFFF,0xFFFF,0xFFFF,0xFFFF,0xFFFF,0xFFFF,0xFFFF,0xFFFF,0xFFFF,0xFFFF,0xFFFF,0xFFFF,0xFFFF,0xFFFF,
  0xFFFF,0xFFFF,0xFFFF,0xFFFF,0xFFFF,0xFFFF,0xFFFF,0xFFFF,0xFFFF,0xFFFF,0xFFFF,0xFFFF,0xFFFF,0xFFFF,0xFFFF,0xFFFF,
  0xFFFF,0xFFFF,0xFFFF,0xFFFF,0xFFFF,0xFFFF,0xFFFF,0xFFFF,0xFFFF,0xFFFF,0xFFFF,0xFFFF,0xFFFF,0xFFFF,0xFFFF,0xFFFF,
  0xFFFF,0xFFFF,0xFFFF,0xFFFF,0xFFFF,0xFFFF,0xFFFF,0xFFFF,0xFFFF,0xFFFF,0xFFFF,0xFFFF,0xFFFF,0xFFFF,0xFFFF,0xFFFF,
  0xFFFF,0xFFFF,0xFFFF,0xFFFF,0xFFFF,0xFFFF,0xFFFF,0xFFFF,0xFFFF,0xFFFF,0xFFFF,0xFFFF,0xFFFF,0xFFFF,0xFFFF,0xFFFF,
  0xFFFF,0xFFFF,0xFFFF,0xFFFF,0xFFFF,0xFFFF,0xFFFF,0xFFFF,0xFFFF,0xFFFF,0xFFFF,0xFFFF,0xFFFF,0xFFFF,0xFFFF,0xFFFF,
  0xFFFF,0xFFFF,0xFFFF,0xFFFF,0xFFFF,0xFFFF,0xFFFF,0xFFFF,0xFFFF,0xFFFF,0xFFFF,0xFFFF,0xFFFF,0xFFFF,0xFFFF,0xFFFF,
  0xFFFF,0xFFFF,0xFFFF,0xFFFF,0xFFFF,0xFFFF,0xFFFF,0xFFFF,0xFFFF,0xFFFF,0xFFFF,0xFFFF,0xFFFF,0xFFFF,0xFFFF,0xFFFF,
  0xFFFF,0xFFFF,0xFFFF,0xFFFF,0xFFFF,0xFFFF,0xFFFF,0xFFFF,0xFFFF,0xFFFF,0xFFFF,0xFFFF,0xFFFF,0xFFFF,0xFFFF,0xFFFF,
  0xFFFF,0xFFFF,0xFFFF,0xFFFF,0xFFFF,0xFFFF,0xFFFF,0xFFFF,0xFFFF,0xFFFF,0xFFFF,0xFFFF,0xFFFF,0xFFFF,0xFFFF,0xFFFF,
  0xFFFF,0xFFFF,0xFFFF,0xFFFF,0xFFFF,0xFFFF,0xFFFF,0xFFFF,0xFFFF,0xFFFF,0xFFFF,0xFFFF,0xFFFF,0xFFFF,0xFFFF,0xFFFF,
  0xFFFF,0xFFFF,0xFFFF,0xFFFF,0xFFFF,0xFFFF,0xFFFF,0xFFFF,0xFFFF,0xFFFF,0xFFFF,0xFFFF,0xFFFF,0xFFFF,0xFFFF,0xFFFF,
  0xFFFF,0xFFFF,0xFFFF,0xFFFF,0xFFFF,0xFFFF,0xFFFF,0xFFFF,0xFFFF,0xFFFF,0xFFFF,0xFFFF,0xFFFF,0xFFFF,0xFFFF,0xFFFF,
  0xFFFF,0xFFFF,0xFFFF,0xFFFF,0xFFFF,0xFFFF,0xFFFF,0xFFFF,0xFFFF,0xFFFF,0xFFFF,0xFFFF,0xFFFF,0xFFFF,0xFFFF,0xFFFF,
  0xFFFF,0xFFFF,0xFFFF,0xFFFF,0xFFFF,0xFFFF,0xFFFF,0xFFFF,0xFFFF,0xFFFF,0xFFFF,0xFFFF,0xFFFF,0xFFFF,0xFFFF,0xFFFF,
  0xFFFF,0xFFFF,0xFFFF,0xFFFF,0xFFFF,0xFFFF,0xFFFF,0xFFFF,0xFFFF,0xFFFF,0xFFFF,0xFFFF,0xFFFF,0xFFFF,0xFFFF,0xFFFF,
  0xFFFF,0xFFFF,0xFFFF,0xFFFF,0xFFFF,0xFFFF,0xFFFF,0xFFFF,0xFFFF,0xFFFF,0xFFFF,0xFFFF,0xFFFF,0xFFFF,0xFFFF,0xFFFF,
  0xFFFF,0xFFFF,0xFFFF,0xFFFF,0xFFFF,0xFFFF,0xFFFF,0xFFFF,0xFFFF,0xFFFF,0xFFFF,0xFFFF,0xFFFF,0xFFFF,0xFFFF,0xFFFF,
  0xFFFF,0xFFFF,0xFFFF,0xFFFF,0xFFFF,0xFFFF,0xFFFF,0xFFFF,0xFFFF,0xFFFF,0xFFFF,0xFFFF,0xFFFF,0xFFFF,0xFFFF,0xFFFF,
  0xFFFF,0xFFFF,0xFFFF,0xFFFF,0xFFFF,0xFFFF,0xFFFF,0xFFFF,0xFFFF,0xFFFF,0xFFFF,0xFFFF,0xFFFF,0xFFFF,0xFFFF,0xFFFF,
  0xFFFF,0xFFFF,0xFFFF,0xFFFF,0xFFFF,0xFFFF,0xFFFF,0xFFFF,0xFFFF,0xFFFF,0xFFFF,0xFFFF,0xFFFF,0xFFFF,0xFFFF,0xFFFF,
  0xFFFF,0xFFFF,0xFFFF,0xFFFF,0xFFFF,0xFFFF,0xFFFF,0xFFFF,0xFFFF,0xFFFF,0xFFFF,0xFFFF,0xFFFF,0xFFFF,0xFFFF,0xFFFF,
  0xFFFF,0xFFFF,0xFFFF,0xFFFF,0xFFFF,0xFFFF,0xFFFF,0xFFFF,0xFFFF,0xFFFF,0xFFFF,0xFFFF,0xFFFF,0xFFFF,0xFFFF,0xFFFF,
  0xFFFF,0xFFFF,0xFFFF,0xFFFF,0xFFFF,0xFFFF,0xFFFF,0xFFFF,0xFFFF,0xFFFF,0xFFFF,0xFFFF,0xFFFF,0xFFFF,0xFFFF,0xFFFF,
  0xFFFF,0xFFFF,0xFFFF,0xFFFF,0xFFFF,0xFFFF,0xFFFF,0xFFFF,0xFFFF,0xFFFF,0xFFFF,0xFFFF,0xFFFF,0xFFFF,0xFFFF,0xFFFF,
  0xFFFF,0xFFFF,0xFFFF,0xFFFF,0xFFFF,0xFFFF,0xFFFF,0xFFFF,0xFFFF,0xFFFF,0xFFFF,0xFFFF,0xFFFF,0xFFFF,0xFFFF,0xFFFF,
  0xFFFF,0xFFFF,0xFFFF,0xFFFF,0xFFFF,0xFFFF,0xFFFF,0xFFFF,0xFFFF,0xFFFF,0xFFFF,0xFFFF,0xFFFF,0xFFFF,0xFFFF,0xFFFF,
  0xFFFF,0xFFFF,0xFFFF,0xFFFF,0xFFFF,0xFFFF,0xFFFF,0xFFFF,0xFFFF,0xFFFF,0xFFFF,0xFFFF,0xFFFF,0xFFFF,0xFFFF,0xFFFF,
  0xFFFF,0xFFFF,0xFFFF,0xFFFF,0xFFFF,0xFFFF,0xFFFF,0xFFFF,0xFFFF,0xFFFF,0xFFFF,0xFFFF,0xFFFF,0xFFFF,0xFFFF,0xFFFF,
  0xFFFF,0xFFFF,0xFFFF,0xFFFF,0xFFFF,0xFFFF,0xFFFF,0xFFFF,0xFFFF,0xFFFF,0xFFFF,0xFFFF,0xFFFF,0xFFFF,0xFFFF,0xFFFF,
  0xFFFF,0xFFFF,0xFFFF,0xFFFF,0xFFFF,0xFFFF,0xFFFF,0xFFFF,0xFFFF,0xFFFF,0xFFFF,0xFFFF,0xFFFF,0xFFFF,0xFFFF,0xFFFF,
  0xFFFF,0xFFFF,0xFFFF,0xFFFF,0xFFFF,0xFFFF,0xFFFF,0xFFFF,0xFFFF,0xFFFF,0xFFFF,0xFFFF,0xFFFF,0xFFFF,0xFFFF,0xFFFF,
  0xFFFF,0xFFFF,0xFFFF,0xFFFF,0xFFFF,0xFFFF,0xFFFF,0xFFFF,0xFFFF,0xFFFF,0xFFFF,0xFFFF,0xFFFF,0xFFFF,0xFFFF,0xFFFF,
  0xFFFF,0xFFFF,0xFFFF,0xFFFF,0xFFFF,0xFFFF,0xFFFF,0xFFFF,0xFFFF,0xFFFF,0xFFFF,0xFFFF,0xFFFF,0xFFFF,0xFFFF,0xFFFF,
  0xFFFF,0xFFFF,0xFFFF,0xFFFF,0xFFFF,0xFFFF,0xFFFF,0xFFFF,0xFFFF,0xFFFF,0xFFFF,0xFFFF,0xFFFF,0xFFFF,0xFFFF,0xFFFF,
  0xFFFF,0xFFFF,0xFFFF,0xFFFF,0xFFFF,0xFFFF,0xFFFF,0xFFFF,0xFFFF,0xFFFF,0xFFFF,0xFFFF,0xFFFF,0xFFFF,0xFFFF,0xFFFF,
  0xFFFF,0xFFFF,0xFFFF,0xFFFF,0xFFFF,0xFFFF,0xFFFF,0xFFFF,0xFFFF,0xFFFF,0xFFFF,0xFFFF,0xFFFF,0xFFFF,0xFFFF,0xFFFF,
  0xFFFF,0xFFFF,0xFFFF,0xFFFF,0xFFFF,0xFFFF,0xFFFF,0xFFFF,0xFFFF,0xFFFF,0xFFFF,0xFFFF,0xFFFF,0xFFFF,0xFFFF,0xFFFF,
  0xFFFF,0xFFFF,0xFFFF,0xFFFF,0xFFFF,0xFFFF,0xFFFF,0xFFFF,0xFFFF,0xFFFF,0xFFFF,0xFFFF,0xFFFF,0xFFFF,0xFFFF,0xFFFF,
  0xFFFF,0xFFFF,0xFFFF,0xFFFF,0xFFFF,0xFFFF,0xFFFF,0xFFFF,0xFFFF,0xFFFF,0xFFFF,0xFFFF,0xFFFF,0xFFFF,0xFFFF,0xFFFF,
  0xFFFF,0xFFFF,0xFFFF,0xFFFF,0xFFFF,0xFFFF,0xFFFF,0xFFFF,0xFFFF,0xFFFF,0xFFFF,0xFFFF,0xFFFF,0xFFFF,0xFFFF,0xFFFF,
  0xFFFF,0xFFFF,0xFFFF,0xFFFF,0xFFFF,0xFFFF,0xFFFF,0xFFFF,0xFFFF,0xFFFF,0xFFFF,0xFFFF,0xFFFF,0xFFFF,0xFFFF,0xFFFF,
  0xFFFF,0xFFFF,0xFFFF,0xFFFF,0xFFFF,0xFFFF,0xFFFF,0xFFFF,0xFFFF,0xFFFF,0xFFFF,0xFFFF,0xFFFF,0xFFFF,0xFFFF,0xFFFF,
  0xFFFF,0xFFFF,0xFFFF,0xFFFF,0xFFFF,0xFFFF,0xFFFF,0xFFFF,0xFFFF,0xFFFF,0xFFFF,0xFFFF,0xFFFF,0xFFFF,0xFFFF,0xFFFF,
  0xFFFF,0xFFFF,0xFFFF,0xFFFF,0xFFFF,0xFFFF,0xFFFF,0xFFFF,0xFFFF,0xFFFF,0xFFFF,0xFFFF,0xFFFF,0xFFFF,0xFFFF,0xFFFF,
  0xFFFF,0xFFFF,0xFFFF,0xFFFF,0xFFFF,0xFFFF,0xFFFF,0xFFFF,0xFFFF,0xFFFF,0xFFFF,0xFFFF,0xFFFF,0xFFFF,0xFFFF,0xFFFF,
  0xFFFF,0xFFFF,0xFFFF,0xFFFF,0xFFFF,0xFFFF,0xFFFF,0xFFFF,0xFFFF,0xFFFF,0xFFFF,0xFFFF,0xFFFF,0xFFFF,0xFFFF,0xFFFF,
  0xFFFF,0xFFFF,0xFFFF,0xFFFF,0xFFFF,0xFFFF,0xFFFF,0xFFFF,0xFFFF,0xFFFF,0xFFFF,0xFFFF,0xFFFF,0xFFFF,0xFFFF,0xFFFF,
  0xFFFF,0xFFFF,0xFFFF,0xFFFF,0xFFFF,0xFFFF,0xFFFF,0xFFFF,0xFFFF,0xFFFF,0xFFFF,0xFFFF,0xFFFF,0xFFFF,0xFFFF,0xFFFF,
  0xFFFF,0xFFFF,0xFFFF,0xFFFF,0xFFFF,0xFFFF,0xFFFF,0xFFFF,0xFFFF,0xFFFF,0xFFFF,0xFFFF,0xFFFF,0xFFFF,0xFFFF,0xFFFF,
  0xFFFF,0xFFFF,0xFFFF,0xFFFF,0xFFFF,0xFFFF,0xFFFF,0xFFFF,0xFFFF,0xFFFF,0xFFFF,0xFFFF,0xFFFF,0xFFFF,0xFFFF,0xFFFF,
  0xFFFF,0xFFFF,0xFFFF,0xFFFF,0xFFFF,0xFFFF,0xFFFF,0xFFFF,0xFFFF,0xFFFF,0xFFFF,0xFFFF,0xFFFF,0xFFFF,0xFFFF,0xFFFF,
  0xFFFF,0xFFFF,0xFFFF,0xFFFF,0xFFFF,0xFFFF,0xFFFF,0xFFFF,0xFFFF,0xFFFF,0xFFFF,0xFFFF,0xFFFF,0xFFFF,0xFFFF,0xFFFF,
  0xFFFF,0xFFFF,0xFFFF,0xFFFF,0xFFFF,0xFFFF,0xFFFF,0xFFFF,0xFFFF,0xFFFF,0xFFFF,0xFFFF,0xFFFF,0xFFFF,0xFFFF,0xFFFF,
  0xFFFF,0xFFFF,0xFFFF,0xFFFF,0xFFFF,0xFFFF,0xFFFF,0xFFFF,0xFFFF,0xFFFF,0xFFFF,0xFFFF,0xFFFF,0xFFFF,0xFFFF,0xFFFF,
  0xFFFF,0xFFFF,0xFFFF,0xFFFF,0xFFFF,0xFFFF,0xFFFF,0xFFFF,0xFFFF,0xFFFF,0xFFFF,0xFFFF,0xFFFF,0xFFFF,0xFFFF,0xFFFF,
  0xFFFF,0xFFFF,0xFFFF,0xFFFF,0xFFFF,0xFFFF,0xFFFF,0xFFFF,0xFFFF,0xFFFF,0xFFFF,0xFFFF,0xFFFF,0xFFFF,0xFFFF,0xFFFF,
  0xFFFF,0xFFFF,0xFFFF,0xFFFF,0xFFFF,0xFFFF,0xFFFF,0xFFFF,0xFFFF,0xFFFF,0xFFFF,0xFFFF,0xFFFF,0xFFFF,0xFFFF,0xFFFF,
  0xFFFF,0xFFFF,0xFFFF,0xFFFF,0xFFFF,0xFFFF,0xFFFF,0xFFFF,0xFFFF,0xFFFF,0xFFFF,0xFFFF,0xFFFF,0xFFFF,0xFFFF,0xFFFF,
  0xFFFF,0xFFFF,0xFFFF,0xFFFF,0xFFFF,0xFFFF,0xFFFF,0xFFFF,0xFFFF,0xFFFF,0xFFFF,0xFFFF,0xFFFF,0xFFFF,0xFFFF,0xFFFF,
  0xFFFF,0xFFFF,0xFFFF,0xFFFF,0xFFFF,0xFFFF,0xFFFF,0xFFFF,0xFFFF,0xFFFF,0xFFFF,0xFFFF,0xFFFF,0xFFFF,0xFFFF,0xFFFF,
  0xFFFF,0xFFFF,0xFFFF,0xFFFF,0xFFFF,0xFFFF,0xFFFF,0xFFFF,0xFFFF,0xFFFF,0xFFFF,0xFFFF,0xFFFF,0xFFFF,0xFFFF,0xFFFF,
  0xFFFF,0xFFFF,0xFFFF,0xFFFF,0xFFFF,0xFFFF,0xFFFF,0xFFFF,0xFFFF,0xFFFF,0xFFFF,0xFFFF,0xFFFF,0xFFFF,0xFFFF,0xFFFF,
  0xFFFF,0xFFFF,0xFFFF,0xFFFF,0xFFFF,0xFFFF,0xFFFF,0xFFFF,0xFFFF,0xFFFF,0xFFFF,0xFFFF,0xFFFF,0xFFFF,0xFFFF,0xFFFF,
  0xFFFF,0xFFFF,0xFFFF,0xFFFF,0xFFFF,0xFFFF,0xFFFF,0xFFFF,0xFFFF,0xFFFF,0xFFFF,0xFFFF,0xFFFF,0xFFFF,0xFFFF,0xFFFF,
  0xFFFF,0xFFFF,0xFFFF,0xFFFF,0xFFFF,0xFFFF,0xFFFF,0xFFFF,0xFFFF,0xFFFF,0xFFFF,0xFFFF,0xFFFF,0xFFFF,0xFFFF,0xFFFF,
  0xFFFF,0xFFFF,0xFFFF,0xFFFF,0xFFFF,0xFFFF,0xFFFF,0xFFFF,0xFFFF,0xFFFF,0xFFFF,0xFFFF,0xFFFF,0xFFFF,0xFFFF,0xFFFF,
  0xFFFF,0xFFFF,0xFFFF,0xFFFF,0xFFFF,0xFFFF,0xFFFF,0xFFFF,0xFFFF,0xFFFF,0xFFFF,0xFFFF,0xFFFF,0xFFFF,0xFFFF,0xFFFF,
  0xFFFF,0xFFFF,0xFFFF,0xFFFF,0xFFFF,0xFFFF,0xFFFF,0xFFFF,0xFFFF,0xFFFF,0xFFFF,0xFFFF,0xFFFF,0xFFFF,0xFFFF,0xFFFF,
  0xFFFF,0xFFFF,0xFFFF,0xFFFF,0xFFFF,0xFFFF,0xFFFF,0xFFFF,0xFFFF,0xFFFF,0xFFFF,0xFFFF,0xFFFF,0xFFFF,0xFFFF,0xFFFF,
  0xFFFF,0xFFFF,0xFFFF,0xFFFF,0xFFFF,0xFFFF,0xFFFF,0xFFFF,0xFFFF,0xFFFF,0xFFFF,0xFFFF,0xFFFF,0xFFFF,0xFFFF,0xFFFF,
  0xFFFF,0xFFFF,0xFFFF,0xFFFF,0xFFFF,0xFFFF,0xFFFF,0xFFFF,0xFFFF,0xFFFF,0xFFFF,0xFFFF,0xFFFF,0xFFFF,0xFFFF,0xFFFF,
  0xFFFF,0xFFFF,0xFFFF,0xFFFF,0xFFFF,0xFFFF,0xFFFF,0xFFFF,0xFFFF,0xFFFF,0xFFFF,0xFFFF,0xFFFF,0xFFFF,0xFFFF,0xFFFF,
  0xFFFF,0xFFFF,0xFFFF,0xFFFF,0xFFFF,0xFFFF,0xFFFF,0xFFFF,0xFFFF,0xFFFF,0xFFFF,0xFFFF,0xFFFF,0xFFFF,0xFFFF,0xFFFF,
  0xFFFF,0xFFFF,0xFFFF,0xFFFF,0xFFFF,0xFFFF,0xFFFF,0xFFFF,0xFFFF,0xFFFF,0xFFFF,0xFFFF,0xFFFF,0xFFFF,0xFFFF,0xFFFF,
  0xFFFF,0xFFFF,0xFFFF,0xFFFF,0xFFFF,0xFFFF,0xFFFF,0xFFFF,0xFFFF,0xFFFF,0xFFFF,0xFFFF,0xFFFF,0xFFFF,0xFFFF,0xFFFF,
  0xFFFF,0xFFFF,0xFFFF,0xFFFF,0xFFFF,0xFFFF,0xFFFF,0xFFFF,0xFFFF,0xFFFF,0xFFFF,0xFFFF,0xFFFF,0xFFFF,0xFFFF,0xFFFF,
  0xFFFF,0xFFFF,0xFFFF,0xFFFF,0xFFFF,0xFFFF,0xFFFF,0xFFFF,0xFFFF,0xFFFF,0xFFFF,0xFFFF,0xFFFF,0xFFFF,0xFFFF,0xFFFF,
  0xFFFF,0xFFFF,0xFFFF,0xFFFF,0xFFFF,0xFFFF,0xFFFF,0xFFFF,0xFFFF,0xFFFF,0xFFFF,0xFFFF,0xFFFF,0xFFFF,0xFFFF,0xFFFF,
  0xFFFF,0xFFFF,0xFFFF,0xFFFF,0xFFFF,0xFFFF,0xFFFF,0xFFFF,0xFFFF,0xFFFF,0xFFFF,0xFFFF,0xFFFF,0xFFFF,0xFFFF,0xFFFF,
  0xFFFF,0xFFFF,0xFFFF,0xFFFF,0xFFFF,0xFFFF,0xFFFF,0xFFFF,0xFFFF,0xFFFF,0xFFFF,0xFFFF,0xFFFF,0xFFFF,0xFFFF,0xFFFF,
  0xFFFF,0xFFFF,0xFFFF,0xFFFF,0xFFFF,0xFFFF,0xFFFF,0xFFFF,0xFFFF,0xFFFF,0xFFFF,0xFFFF,0xFFFF,0xFFFF,0xFFFF,0xFFFF,
  0xFFFF,0xFFFF,0xFFFF,0xFFFF,0xFFFF,0xFFFF,0xFFFF,0xFFFF,0xFFFF,0xFFFF,0xFFFF,0xFFFF,0xFFFF,0xFFFF,0xFFFF,0xFFFF,
  0xFFFF,0xFFFF,0xFFFF,0xFFFF,0xFFFF,0xFFFF,0xFFFF,0xFFFF,0xFFFF,0xFFFF,0xFFFF,0xFFFF,0xFFFF,0xFFFF,0xFFFF,0xFFFF,
  0xFFFF,0xFFFF,0xFFFF,0xFFFF,0xFFFF,0xFFFF,0xFFFF,0xFFFF,0xFFFF,0xFFFF,0xFFFF,0xFFFF,0xFFFF,0xFFFF,0xFFFF,0xFFFF,
  0xFFFF,0xFFFF,0xFFFF,0xFFFF,0xFFFF,0xFFFF,0xFFFF,0xFFFF,0xFFFF,0xFFFF,0xFFFF,0xFFFF,0xFFFF,0xFFFF,0xFFFF,0xFFFF,
  0xFFFF,0xFFFF,0xFFFF,0xFFFF,0xFFFF,0xFFFF,0xFFFF,0xFFFF,0xFFFF,0xFFFF,0xFFFF,0xFFFF,0xFFFF,0xFFFF,0xFFFF,0xFFFF,
  0xFFFF,0xFFFF,0xFFFF,0xFFFF,0xFFFF,0xFFFF,0xFFFF,0xFFFF,0xFFFF,0xFFFF,0xFFFF,0xFFFF,0xFFFF,0xFFFF,0xFFFF,0xFFFF,
  0xFFFF,0xFFFF,0xFFFF,0xFFFF,0xFFFF,0xFFFF,0xFFFF,0xFFFF,0xFFFF,0xFFFF,0xFFFF,0xFFFF,0xFFFF,0xFFFF,0xFFFF,0xFFFF,
  0xFFFF,0xFFFF,0xFFFF,0xFFFF,0xFFFF,0xFFFF,0xFFFF,0xFFFF,0xFFFF,0xFFFF,0xFFFF,0xFFFF,0xFFFF,0xFFFF,0xFFFF,0xFFFF,
  0xFFFF,0xFFFF,0xFFFF,0xFFFF,0xFFFF,0xFFFF,0xFFFF,0xFFFF,0xFFFF,0xFFFF,0xFFFF,0xFFFF,0xFFFF,0xFFFF,0xFFFF,0xFFFF,
  0xFFFF,0xFFFF,0xFFFF,0xFFFF,0xFFFF,0xFFFF,0xFFFF,0xFFFF,0xFFFF,0xFFFF,0xFFFF,0xFFFF,0xFFFF,0xFFFF,0xFFFF,0xFFFF,
  0xFFFF,0xFFFF,0xFFFF,0xFFFF,0xFFFF,0xFFFF,0xFFFF,0xFFFF,0xFFFF,0xFFFF,0xFFFF,0xFFFF,0xFFFF,0xFFFF,0xFFFF,0xFFFF,
  0xFFFF,0xFFFF,0xFFFF,0xFFFF,0xFFFF,0xFFFF,0xFFFF,0xFFFF,0xFFFF,0xFFFF,0xFFFF,0xFFFF,0xFFFF,0xFFFF,0xFFFF,0xFFFF,
  0xFFFF,0xFFFF,0xFFFF,0xFFFF,0xFFFF,0xFFFF,0xFFFF,0xFFFF,0xFFFF,0xFFFF,0xFFFF,0xFFFF,0xFFFF,0xFFFF,0xFFFF,0xFFFF,
  0xFFFF,0xFFFF,0xFFFF,0xFFFF,0xFFFF,0xFFFF,0xFFFF,0xFFFF,0xFFFF,0xFFFF,0xFFFF,0xFFFF,0xFFFF,0xFFFF,0xFFFF,0xFFFF,
  0xFFFF,0xFFFF,0xFFFF,0xFFFF,0xFFFF,0xFFFF,0xFFFF,0xFFFF,0xFFFF,0xFFFF,0xFFFF,0xFFFF,0xFFFF,0xFFFF,0xFFFF,0xFFFF,
  0xFFFF,0xFFFF,0xFFFF,0xFFFF,0xFFFF,0xFFFF,0xFFFF,0xFFFF,0xFFFF,0xFFFF,0xFFFF,0xFFFF,0xFFFF,0xFFFF,0xFFFF,0xFFFF,
  0xFFFF,0xFFFF,0xFFFF,0xFFFF,0xFFFF,0xFFFF,0xFFFF,0xFFFF,0xFFFF,0xFFFF,0xFFFF,0xFFFF,0xFFFF,0xFFFF,0xFFFF,0xFFFF,
  0xFFFF,0xFFFF,0xFFFF,0xFFFF,0xFFFF,0xFFFF,0xFFFF,0xFFFF,0xFFFF,0xFFFF,0xFFFF,0xFFFF,0xFFFF,0xFFFF,0xFFFF,0xFFFF,
  0xFFFF,0xFFFF,0xFFFF,0xFFFF,0xFFFF,0xFFFF,0xFFFF,0xFFFF,0xFFFF,0xFFFF,0xFFFF,0xFFFF,0xFFFF,0xFFFF,0xFFFF,0xFFFF,
  0xFFFF,0xFFFF,0xFFFF,0xFFFF,0xFFFF,0xFFFF,0xFFFF,0xFFFF,0xFFFF,0xFFFF,0xFFFF,0xFFFF,0xFFFF,0xFFFF,0xFFFF,0xFFFF,
  0xFFFF,0xFFFF,0xFFFF,0xFFFF,0xFFFF,0xFFFF,0xFFFF,0xFFFF,0xFFFF,0xFFFF,0xFFFF,0xFFFF,0xFFFF,0xFFFF,0xFFFF,0xFFFF,
  0xFFFF,0xFFFF,0xFFFF,0xFFFF,0xFFFF,0xFFFF,0xFFFF,0xFFFF,0xFFFF,0xFFFF,0xFFFF,0xFFFF,0xFFFF,0xFFFF,0xFFFF,0xFFFF,
  0xFFFF,0xFFFF,0xFFFF,0xFFFF,0xFFFF,0xFFFF,0xFFFF,0xFFFF,0xFFFF,0xFFFF,0xFFFF,0xFFFF,0xFFFF,0xFFFF,0xFFFF,0xFFFF,
  0xFFFF,0xFFFF,0xFFFF,0xFFFF,0xFFFF,0xFFFF,0xFFFF,0xFFFF,0xFFFF,0xFFFF,0xFFFF,0xFFFF,0xFFFF,0xFFFF,0xFFFF,0xFFFF,
  0xFFFF,0xFFFF,0xFFFF,0xFFFF,0xFFFF,0xFFFF,0xFFFF,0xFFFF,0xFFFF,0xFFFF,0xFFFF,0xFFFF,0xFFFF,0xFFFF,0xFFFF,0xFFFF,
  0xFFFF,0xFFFF,0xFFFF,0xFFFF,0xFFFF,0xFFFF,0xFFFF,0xFFFF,0xFFFF,0xFFFF,0xFFFF,0xFFFF,0xFFFF,0xFFFF,0xFFFF,0xFFFF,
  0xFFFF,0xFFFF,0xFFFF,0xFFFF,0xFFFF,0xFFFF,0xFFFF,0xFFFF,0xFFFF,0xFFFF,0xFFFF,0xFFFF,0xFFFF,0xFFFF,0xFFFF,0xFFFF,
  0xFFFF,0xFFFF,0xFFFF,0xFFFF,0xFFFF,0xFFFF,0xFFFF,0xFFFF,0xFFFF,0xFFFF,0xFFFF,0xFFFF,0xFFFF,0xFFFF,0xFFFF,0xFFFF,
  0xFFFF,0xFFFF,0xFFFF,0xFFFF,0xFFFF,0xFFFF,0xFFFF,0xFFFF,0xFFFF,0xFFFF,0xFFFF,0xFFFF,0xFFFF,0xFFFF,0xFFFF,0xFFFF,
  0xFFFF,0xFFFF,0xFFFF,0xFFFF,0xFFFF,0xFFFF,0xFFFF,0xFFFF,0xFFFF,0xFFFF,0xFFFF,0xFFFF,0xFFFF,0xFFFF,0xFFFF,0xFFFF,
  0xFFFF,0xFFFF,0xFFFF,0xFFFF,0xFFFF,0xFFFF,0xFFFF,0xFFFF,0xFFFF,0xFFFF,0xFFFF,0xFFFF,0xFFFF,0xFFFF,0xFFFF,0xFFFF,
  0xFFFF,0xFFFF,0xFFFF,0xFFFF,0xFFFF,0xFFFF,0xFFFF,0xFFFF,0xFFFF,0xFFFF,0xFFFF,0xFFFF,0xFFFF,0xFFFF,0xFFFF,0xFFFF,
  0xFFFF,0xFFFF,0xFFFF,0xFFFF,0xFFFF,0xFFFF,0xFFFF,0xFFFF,0xFFFF,0xFFFF,0xFFFF,0xFFFF,0xFFFF,0xFFFF,0xFFFF,0xFFFF,
  0xFFFF,0xFFFF,0xFFFF,0xFFFF,0xFFFF,0xFFFF,0xFFFF,0xFFFF,0xFFFF,0xFFFF,0xFFFF,0xFFFF,0xFFFF,0xFFFF,0xFFFF,0xFFFF,
  0xFFFF,0xFFFF,0xFFFF,0xFFFF,0xFFFF,0xFFFF,0xFFFF,0xFFFF,0xFFFF,0xFFFF,0xFFFF,0xFFFF,0xFFFF,0xFFFF,0xFFFF,0xFFFF,
  0xFFFF,0xFFFF,0xFFFF,0xFFFF,0xFFFF,0xFFFF,0xFFFF,0xFFFF,0xFFFF,0xFFFF,0xFFFF,0xFFFF,0xFFFF,0xFFFF,0xFFFF,0xFFFF,
  0xFFFF,0xFFFF,0xFFFF,0xFFFF,0xFFFF,0xFFFF,0xFFFF,0xFFFF,0xFFFF,0xFFFF,0xFFFF,0xFFFF,0xFFFF,0xFFFF,0xFFFF,0xFFFF,
  0xFFFF,0xFFFF,0xFFFF,0xFFFF,0xFFFF,0xFFFF,0xFFFF,0xFFFF,0xFFFF,0xFFFF,0xFFFF,0xFFFF,0xFFFF,0xFFFF,0xFFFF,0xFFFF,
  0xFFFF,0xFFFF,0xFFFF,0xFFFF,0xFFFF,0xFFFF,0xFFFF,0xFFFF,0xFFFF,0xFFFF,0xFFFF,0xFFFF,0xFFFF,0xFFFF,0xFFFF,0xFFFF,
  0xFFFF,0xFFFF,0xFFFF,0xFFFF,0xFFFF,0xFFFF,0xFFFF,0xFFFF,0xFFFF,0xFFFF,0xFFFF,0xFFFF,0xFFFF,0xFFFF,0xFFFF,0xFFFF,
  0xFFFF,0xFFFF,0xFFFF,0xFFFF,0xFFFF,0xFFFF,0xFFFF,0xFFFF,0xFFFF,0xFFFF,0xFFFF,0xFFFF,0xFFFF,0xFFFF,0xFFFF,0xFFFF,
  0xFFFF,0xFFFF,0xFFFF,0xFFFF,0xFFFF,0xFFFF,0xFFFF,0xFFFF,0xFFFF,0xFFFF,0xFFFF,0xFFFF,0xFFFF,0xFFFF,0xFFFF,0xFFFF,
  0xFFFF,0xFFFF,0xFFFF,0xFFFF,0xFFFF,0xFFFF,0xFFFF,0xFFFF,0xFFFF,0xFFFF,0xFFFF,0xFFFF,0xFFFF,0xFFFF,0xFFFF,0xFFFF,
  0xFFFF,0xFFFF,0xFFFF,0xFFFF,0xFFFF,0xFFFF,0xFFFF,0xFFFF,0xFFFF,0xFFFF,0xFFFF,0xFFFF,0xFFFF,0xFFFF,0xFFFF,0xFFFF,
  0xFFFF,0xFFFF,0xFFFF,0xFFFF,0xFFFF,0xFFFF,0xFFFF,0xFFFF,0xFFFF,0xFFFF,0xFFFF,0xFFFF,0xFFFF,0xFFFF,0xFFFF,0xFFFF,
  0xFFFF,0xFFFF,0xFFFF,0xFFFF,0xFFFF,0xFFFF,0xFFFF,0xFFFF,0xFFFF,0xFFFF,0xFFFF,0xFFFF,0xFFFF,0xFFFF,0xFFFF,0xFFFF,
  0xFFFF,0xFFFF,0xFFFF,0xFFFF,0xFFFF,0xFFFF,0xFFFF,0xFFFF,0xFFFF,0xFFFF,0xFFFF,0xFFFF,0xFFFF,0xFFFF,0xFFFF,0xFFFF,
  0xFFFF,0xFFFF,0xFFFF,0xFFFF,0xFFFF,0xFFFF,0xFFFF,0xFFFF,0xFFFF,0xFFFF,0xFFFF,0xFFFF,0xFFFF,0xFFFF,0xFFFF,0xFFFF,
  0xFFFF,0xFFFF,0xFFFF,0xFFFF,0xFFFF,0xFFFF,0xFFFF,0xFFFF,0xFFFF,0xFFFF,0xFFFF,0xFFFF,0xFFFF,0xFFFF,0xFFFF,0xFFFF,
  0xFFFF,0xFFFF,0xFFFF,0xFFFF,0xFFFF,0xFFFF,0xFFFF,0xFFFF,0xFFFF,0xFFFF,0xFFFF,0xFFFF,0xFFFF,0xFFFF,0xFFFF,0xFFFF,
  0xFFFF,0xFFFF,0xFFFF,0xFFFF,0xFFFF,0xFFFF,0xFFFF,0xFFFF,0xFFFF,0xFFFF,0xFFFF,0xFFFF,0xFFFF,0xFFFF,0xFFFF,0xFFFF,
  0xFFFF,0xFFFF,0xFFFF,0xFFFF,0xFFFF,0xFFFF,0xFFFF,0xFFFF,0xFFFF,0xFFFF,0xFFFF,0xFFFF,0xFFFF,0xFFFF,0xFFFF,0xFFFF,
  0xFFFF,0xFFFF,0xFFFF,0xFFFF,0xFFFF,0xFFFF,0xFFFF,0xFFFF,0xFFFF,0xFFFF,0xFFFF,0xFFFF,0xFFFF,0xFFFF,0xFFFF,0xFFFF,
  0xFFFF,0xFFFF,0xFFFF,0xFFFF,0xFFFF,0xFFFF,0xFFFF,0xFFFF,0xFFFF,0xFFFF,0xFFFF,0xFFFF,0xFFFF,0xFFFF,0xFFFF,0xFFFF,
  0xFFFF,0xFFFF,0xFFFF,0xFFFF,0xFFFF,0xFFFF,0xFFFF,0xFFFF,0xFFFF,0xFFFF,0xFFFF,0xFFFF,0xFFFF,0xFFFF,0xFFFF,0xFFFF,
  0xFFFF,0xFFFF,0xFFFF,0xFFFF,0xFFFF,0xFFFF,0xFFFF,0xFFFF,0xFFFF,0xFFFF,0xFFFF,0xFFFF,0xFFFF,0xFFFF,0xFFFF,0xFFFF,
  0xFFFF,0xFFFF,0xFFFF,0xFFFF,0xFFFF,0xFFFF,0xFFFF,0xFFFF,0xFFFF,0xFFFF,0xFFFF,0xFFFF,0xFFFF,0xFFFF,0xFFFF,0xFFFF,
  0xFFFF,0xFFFF,0xFFFF,0xFFFF,0xFFFF,0xFFFF,0xFFFF,0xFFFF,0xFFFF,0xFFFF,0xFFFF,0xFFFF,0xFFFF,0xFFFF,0xFFFF,0xFFFF,
  0xFFFF,0xFFFF,0xFFFF,0xFFFF,0xFFFF,0xFFFF,0xFFFF,0xFFFF,0xFFFF,0xFFFF,0xFFFF,0xFFFF,0xFFFF,0xFFFF,0xFFFF,0xFFFF,
  0xFFFF,0xFFFF,0xFFFF,0xFFFF,0xFFFF,0xFFFF,0xFFFF,0xFFFF,0xFFFF,0xFFFF,0xFFFF,0xFFFF,0xFFFF,0xFFFF,0xFFFF,0xFFFF,
  0xFFFF,0xFFFF,0xFFFF,0xFFFF,0xFFFF,0xFFFF,0xFFFF,0xFFFF,0xFFFF,0xFFFF,0xFFFF,0xFFFF,0xFFFF,0xFFFF,0xFFFF,0xFFFF,
  0xFFFF,0xFFFF,0xFFFF,0xFFFF,0xFFFF,0xFFFF,0xFFFF,0xFFFF,0xFFFF,0xFFFF,0xFFFF,0xFFFF,0xFFFF,0xFFFF,0xFFFF,0xFFFF,
  0xFFFF,0xFFFF,0xFFFF,0xFFFF,0xFFFF,0xFFFF,0xFFFF,0xFFFF,0xFFFF,0xFFFF,0xFFFF,0xFFFF,0xFFFF,0xFFFF,0xFFFF,0xFFFF,
  0xFFFF,0xFFFF,0xFFFF,0xFFFF,0xFFFF,0xFFFF,0xFFFF,0xFFFF,0xFFFF,0xFFFF,0xFFFF,0xFFFF,0xFFFF,0xFFFF,0xFFFF,0xFFFF,
  0xFFFF,0xFFFF,0xFFFF,0xFFFF,0xFFFF,0xFFFF,0xFFFF,0xFFFF,0xFFFF,0xFFFF,0xFFFF,0xFFFF,0xFFFF,0xFFFF,0xFFFF,0xFFFF,
  0xFFFF,0xFFFF,0xFFFF,0xFFFF,0xFFFF,0xFFFF,0xFFFF,0xFFFF,0xFFFF,0xFFFF,0xFFFF,0xFFFF,0xFFFF,0xFFFF,0xFFFF,0xFFFF,
  0xFFFF,0xFFFF,0xFFFF,0xFFFF,0xFFFF,0xFFFF,0xFFFF,0xFFFF,0xFFFF,0xFFFF,0xFFFF,0xFFFF,0xFFFF,0xFFFF,0xFFFF,0xFFFF,
  0xFFFF,0xFFFF,0xFFFF,0xFFFF,0xFFFF,0xFFFF,0xFFFF,0xFFFF,0xFFFF,0xFFFF,0xFFFF,0xFFFF,0xFFFF,0xFFFF,0xFFFF,0xFFFF,
  0xFFFF,0xFFFF,0xFFFF,0xFFFF,0xFFFF,0xFFFF,0xFFFF,0xFFFF,0xFFFF,0xFFFF,0xFFFF,0xFFFF,0xFFFF,0xFFFF,0xFFFF,0xFFFF,
  0xFFFF,0xFFFF,0xFFFF,0xFFFF,0xFFFF,0xFFFF,0xFFFF,0xFFFF,0xFFFF,0xFFFF,0xFFFF,0xFFFF,0xFFFF,0xFFFF,0xFFFF,0xFFFF,
  0xFFFF,0xFFFF,0xFFFF,0xFFFF,0xFFFF,0xFFFF,0xFFFF,0xFFFF,0xFFFF,0xFFFF,0xFFFF,0xFFFF,0xFFFF,0xFFFF,0xFFFF,0xFFFF,
  0xFFFF,0xFFFF,0xFFFF,0xFFFF,0xFFFF,0xFFFF,0xFFFF,0xFFFF,0xFFFF,0xFFFF,0xFFFF,0xFFFF,0xFFFF,0xFFFF,0xFFFF,0xFFFF,
  0xFFFF,0xFFFF,0xFFFF,0xFFFF,0xFFFF,0xFFFF,0xFFFF,0xFFFF,0xFFFF,0xFFFF,0xFFFF,0xFFFF,0xFFFF,0xFFFF,0xFFFF,0xFFFF,
  0xFFFF,0xFFFF,0xFFFF,0xFFFF,0xFFFF,0xFFFF,0xFFFF,0xFFFF,0xFFFF,0xFFFF,0xFFFF,0xFFFF,0xFFFF,0xFFFF,0xFFFF,0xFFFF,
  0xFFFF,0xFFFF,0xFFFF,0xFFFF,0xFFFF,0xFFFF,0xFFFF,0xFFFF,0xFFFF,0xFFFF,0xFFFF,0xFFFF,0xFFFF,0xFFFF,0xFFFF,0xFFFF,
  0xFFFF,0xFFFF,0xFFFF,0xFFFF,0xFFFF,0xFFFF,0xFFFF,0xFFFF,0xFFFF,0xFFFF,0xFFFF,0xFFFF,0xFFFF,0xFFFF,0xFFFF,0xFFFF,
  0xFFFF,0xFFFF,0xFFFF,0xFFFF,0xFFFF,0xFFFF,0xFFFF,0xFFFF,0xFFFF,0xFFFF,0xFFFF,0xFFFF,0xFFFF,0xFFFF,0xFFFF,0xFFFF,
  0xFFFF,0xFFFF,0xFFFF,0xFFFF,0xFFFF,0xFFFF,0xFFFF,0xFFFF,0xFFFF,0xFFFF,0xFFFF,0xFFFF,0xFFFF,0xFFFF,0xFFFF,0xFFFF,
  0xFFFF,0xFFFF,0xFFFF,0xFFFF,0xFFFF,0xFFFF,0xFFFF,0xFFFF,0xFFFF,0xFFFF,0xFFFF,0xFFFF,0xFFFF,0xFFFF,0xFFFF,0xFFFF,
  0xFFFF,0xFFFF,0xFFFF,0xFFFF,0xFFFF,0xFFFF,0xFFFF,0xFFFF,0xFFFF,0xFFFF,0xFFFF,0xFFFF,0xFFFF,0xFFFF,0xFFFF,0xFFFF,
  0xFFFF,0xFFFF,0xFFFF,0xFFFF,0xFFFF,0xFFFF,0xFFFF,0xFFFF,0xFFFF,0xFFFF,0xFFFF,0xFFFF,0xFFFF,0xFFFF,0xFFFF,0xFFFF,
  0xFFFF,0xFFFF,0xFFFF,0xFFFF,0xFFFF,0xFFFF,0xFFFF,0xFFFF,0xFFFF,0xFFFF,0xFFFF,0xFFFF,0xFFFF,0xFFFF,0xFFFF,0xFFFF,
  0xFFFF,0xFFFF,0xFFFF,0xFFFF,0xFFFF,0xFFFF,0xFFFF,0xFFFF,0xFFFF,0xFFFF,0xFFFF,0xFFFF,0xFFFF,0xFFFF,0xFFFF,0xFFFF,
  0xFFFF,0xFFFF,0xFFFF,0xFFFF,0xFFFF,0xFFFF,0xFFFF,0xFFFF,0xFFFF,0xFFFF,0xFFFF,0xFFFF,0xFFFF,0xFFFF,0xFFFF,0xFFFF,
  0xFFFF,0xFFFF,0xFFFF,0xFFFF,0xFFFF,0xFFFF,0xFFFF,0xFFFF,0xFFFF,0xFFFF,0xFFFF,0xFFFF,0xFFFF,0xFFFF,0xFFFF,0xFFFF,
  0xFFFF,0xFFFF,0xFFFF,0xFFFF,0xFFFF,0xFFFF,0xFFFF,0xFFFF,0xFFFF,0xFFFF,0xFFFF,0xFFFF,0xFFFF,0xFFFF,0xFFFF,0xFFFF,
  0xFFFF,0xFFFF,0xFFFF,0xFFFF,0xFFFF,0xFFFF,0xFFFF,0xFFFF,0xFFFF,0xFFFF,0xFFFF,0xFFFF,0xFFFF,0xFFFF,0xFFFF,0xFFFF,
  0xFFFF,0xFFFF,0xFFFF,0xFFFF,0xFFFF,0xFFFF,0xFFFF,0xFFFF,0xFFFF,0xFFFF,0xFFFF,0xFFFF,0xFFFF,0xFFFF,0xFFFF,0xFFFF,
  0xFFFF,0xFFFF,0xFFFF,0xFFFF,0xFFFF,0xFFFF,0xFFFF,0xFFFF,0xFFFF,0xFFFF,0xFFFF,0xFFFF,0xFFFF,0xFFFF,0xFFFF,0xFFFF,
  0xFFFF,0xFFFF,0xFFFF,0xFFFF,0xFFFF,0xFFFF,0xFFFF,0xFFFF,0xFFFF,0xFFFF,0xFFFF,0xFFFF,0xFFFF,0xFFFF,0xFFFF,0xFFFF,
  0xFFFF,0xFFFF,0xFFFF,0xFFFF,0xFFFF,0xFFFF,0xFFFF,0xFFFF,0xFFFF,0xFFFF,0xFFFF,0xFFFF,0xFFFF,0xFFFF,0xFFFF,0xFFFF,
  0xFFFF,0xFFFF,0xFFFF,0xFFFF,0xFFFF,0xFFFF,0xFFFF,0xFFFF,0xFFFF,0xFFFF,0xFFFF,0xFFFF,0xFFFF,0xFFFF,0xFFFF,0xFFFF,
  0xFFFF,0xFFFF,0xFFFF,0xFFFF,0xFFFF,0xFFFF,0xFFFF,0xFFFF,0xFFFF,0xFFFF,0xFFFF,0xFFFF,0xFFFF,0xFFFF,0xFFFF,0xFFFF,
  0xFFFF,0xFFFF,0xFFFF,0xFFFF,0xFFFF,0xFFFF,0xFFFF,0xFFFF,0xFFFF,0xFFFF,0xFFFF,0xFFFF,0xFFFF,0xFFFF,0xFFFF,0xFFFF,
  0xFFFF,0xFFFF,0xFFFF,0xFFFF,0xFFFF,0xFFFF,0xFFFF,0xFFFF,0xFFFF,0xFFFF,0xFFFF,0xFFFF,0xFFFF,0xFFFF,0xFFFF,0xFFFF,
  0xFFFF,0xFFFF,0xFFFF,0xFFFF,0xFFFF,0xFFFF,0xFFFF,0xFFFF,0xFFFF,0xFFFF,0xFFFF,0xFFFF,0xFFFF,0xFFFF,0xFFFF,0xFFFF,
  0xFFFF,0xFFFF,0xFFFF,0xFFFF,0xFFFF,0xFFFF,0xFFFF,0xFFFF,0xFFFF,0xFFFF,0xFFFF,0xFFFF,0xFFFF,0xFFFF,0xFFFF,0xFFFF,
  0xFFFF,0xFFFF,0xFFFF,0xFFFF,0xFFFF,0xFFFF,0xFFFF,0xFFFF,0xFFFF,0xFFFF,0xFFFF,0xFFFF,0xFFFF,0xFFFF,0xFFFF,0xFFFF,
  0xFFFF,0xFFFF,0xFFFF,0xFFFF,0xFFFF,0xFFFF,0xFFFF,0xFFFF,0xFFFF,0xFFFF,0xFFFF,0xFFFF,0xFFFF,0xFFFF,0xFFFF,0xFFFF,
  0xFFFF,0xFFFF,0xFFFF,0xFFFF,0xFFFF,0xFFFF,0xFFFF,0xFFFF,0xFFFF,0xFFFF,0xFFFF,0xFFFF,0xFFFF,0xFFFF,0xFFFF,0xFFFF,
  0xFFFF,0xFFFF,0xFFFF,0xFFFF,0xFFFF,0xFFFF,0xFFFF,0xFFFF,0xFFFF,0xFFFF,0xFFFF,0xFFFF,0xFFFF,0xFFFF,0xFFFF,0xFFFF,
  0xFFFF,0xFFFF,0xFFFF,0xFFFF,0xFFFF,0xFFFF,0xFFFF,0xFFFF,0xFFFF,0xFFFF,0xFFFF,0xFFFF,0xFFFF,0xFFFF,0xFFFF,0xFFFF,
  0xFFFF,0xFFFF,0xFFFF,0xFFFF,0xFFFF,0xFFFF,0xFFFF,0xFFFF,0xFFFF,0xFFFF,0xFFFF,0xFFFF,0xFFFF,0xFFFF,0xFFFF,0xFFFF,
  0xFFFF,0xFFFF,0xFFFF,0xFFFF,0xFFFF,0xFFFF,0xFFFF,0xFFFF,0xFFFF,0xFFFF,0xFFFF,0xFFFF,0xFFFF,0xFFFF,0xFFFF,0xFFFF,
  0xFFFF,0xFFFF,0xFFFF,0xFFFF,0xFFFF,0xFFFF,0xFFFF,0xFFFF,0xFFFF,0xFFFF,0xFFFF,0xFFFF,0xFFFF,0xFFFF,0xFFFF,0xFFFF,
  0xFFFF,0xFFFF,0xFFFF,0xFFFF,0xFFFF,0xFFFF,0xFFFF,0xFFFF,0xFFFF,0xFFFF,0xFFFF,0xFFFF,0xFFFF,0xFFFF,0xFFFF,0xFFFF,
  0xFFFF,0xFFFF,0xFFFF,0xFFFF,0xFFFF,0xFFFF,0xFFFF,0xFFFF,0xFFFF,0xFFFF,0xFFFF,0xFFFF,0xFFFF,0xFFFF,0xFFFF,0xFFFF,
  0xFFFF,0xFFFF,0xFFFF,0xFFFF,0xFFFF,0xFFFF,0xFFFF,0xFFFF,0xFFFF,0xFFFF,0xFFFF,0xFFFF,0xFFFF,0xFFFF,0xFFFF,0xFFFF,
  0xFFFF,0xFFFF,0xFFFF,0xFFFF,0xFFFF,0xFFFF,0xFFFF,0xFFFF,0xFFFF,0xFFFF,0xFFFF,0xFFFF,0xFFFF,0xFFFF,0xFFFF,0xFFFF,
  0xFFFF,0xFFFF,0xFFFF,0xFFFF,0xFFFF,0xFFFF,0xFFFF,0xFFFF,0xFFFF,0xFFFF,0xFFFF,0xFFFF,0xFFFF,0xFFFF,0xFFFF,0xFFFF,
  0xFFFF,0xFFFF,0xFFFF,0xFFFF,0xFFFF,0xFFFF,0xFFFF,0xFFFF,0xFFFF,0xFFFF,0xFFFF,0xFFFF,0xFFFF,0xFFFF,0xFFFF,0xFFFF,
  0xFFFF,0xFFFF,0xFFFF,0xFFFF,0xFFFF,0xFFFF,0xFFFF,0xFFFF,0xFFFF,0xFFFF,0xFFFF,0xFFFF,0xFFFF,0xFFFF,0xFFFF,0xFFFF,
  0xFFFF,0xFFFF,0xFFFF,0xFFFF,0xFFFF,0xFFFF,0xFFFF,0xFFFF,0xFFFF,0xFFFF,0xFFFF,0xFFFF,0xFFFF,0xFFFF,0xFFFF,0xFFFF,
  0xFFFF,0xFFFF,0xFFFF,0xFFFF,0xFFFF,0xFFFF,0xFFFF,0xFFFF,0xFFFF,0xFFFF,0xFFFF,0xFFFF,0xFFFF,0xFFFF,0xFFFF,0xFFFF,
  0xFFFF,0xFFFF,0xFFFF,0xFFFF,0xFFFF,0xFFFF,0xFFFF,0xFFFF,0xFFFF,0xFFFF,0xFFFF,0xFFFF,0xFFFF,0xFFFF,0xFFFF,0xFFFF,
  0xFFFF,0xFFFF,0xFFFF,0xFFFF,0xFFFF,0xFFFF,0xFFFF,0xFFFF,0xFFFF,0xFFFF,0xFFFF,0xFFFF,0xFFFF,0xFFFF,0xFFFF,0xFFFF,
  0xFFFF,0xFFFF,0xFFFF,0xFFFF,0xFFFF,0xFFFF,0xFFFF,0xFFFF,0xFFFF,0xFFFF,0xFFFF,0xFFFF,0xFFFF,0xFFFF,0xFFFF,0xFFFF,
  0xFFFF,0xFFFF,0xFFFF,0xFFFF,0xFFFF,0xFFFF,0xFFFF,0xFFFF,0xFFFF,0xFFFF,0xFFFF,0xFFFF,0xFFFF,0xFFFF,0xFFFF,0xFFFF,
  0xFFFF,0xFFFF,0xFFFF,0xFFFF,0xFFFF,0xFFFF,0xFFFF,0xFFFF,0xFFFF,0xFFFF,0xFFFF,0xFFFF,0xFFFF,0xFFFF,0xFFFF,0xFFFF,
  0xFFFF,0xFFFF,0xFFFF,0xFFFF,0xFFFF,0xFFFF,0xFFFF,0xFFFF,0xFFFF,0xFFFF,0xFFFF,0xFFFF,0xFFFF,0xFFFF,0xFFFF,0xFFFF,
  0xFFFF,0xFFFF,0xFFFF,0xFFFF,0xFFFF,0xFFFF,0xFFFF,0xFFFF,0xFFFF,0xFFFF,0xFFFF,0xFFFF,0xFFFF,0xFFFF,0xFFFF,0xFFFF,
  0xFFFF,0xFFFF,0xFFFF,0xFFFF,0xFFFF,0xFFFF,0xFFFF,0xFFFF,0xFFFF,0xFFFF,0xFFFF,0xFFFF,0xFFFF,0xFFFF,0xFFFF,0xFFFF,
  0xFFFF,0xFFFF,0xFFFF,0xFFFF,0xFFFF,0xFFFF,0xFFFF,0xFFFF,0xFFFF,0xFFFF,0xFFFF,0xFFFF,0xFFFF,0xFFFF,0xFFFF,0xFFFF,
  0xFFFF,0xFFFF,0xFFFF,0xFFFF,0xFFFF,0xFFFF,0xFFFF,0xFFFF,0xFFFF,0xFFFF,0xFFFF,0xFFFF,0xFFFF,0xFFFF,0xFFFF,0xFFFF,
  0xFFFF,0xFFFF,0xFFFF,0xFFFF,0xFFFF,0xFFFF,0xFFFF,0xFFFF,0xFFFF,0xFFFF,0xFFFF,0xFFFF,0xFFFF,0xFFFF,0xFFFF,0xFFFF,
  0xFFFF,0xFFFF,0xFFFF,0xFFFF,0xFFFF,0xFFFF,0xFFFF,0xFFFF,0xFFFF,0xFFFF,0xFFFF,0xFFFF,0xFFFF,0xFFFF,0xFFFF,0xFFFF,
  0xFFFF,0xFFFF,0xFFFF,0xFFFF,0xFFFF,0xFFFF,0xFFFF,0xFFFF,0xFFFF,0xFFFF,0xFFFF,0xFFFF,0xFFFF,0xFFFF,0xFFFF,0xFFFF,
  0xFFFF,0xFFFF,0xFFFF,0xFFFF,0xFFFF,0xFFFF,0xFFFF,0xFFFF,0xFFFF,0xFFFF,0xFFFF,0xFFFF,0xFFFF,0xFFFF,0xFFFF,0xFFFF,
  0xFFFF,0xFFFF,0xFFFF,0xFFFF,0xFFFF,0xFFFF,0xFFFF,0xFFFF,0xFFFF,0xFFFF,0xFFFF,0xFFFF,0xFFFF,0xFFFF,0xFFFF,0xFFFF,
  0xFFFF,0xFFFF,0xFFFF,0xFFFF,0xFFFF,0xFFFF,0xFFFF,0xFFFF,0xFFFF,0xFFFF,0xFFFF,0xFFFF,0xFFFF,0xFFFF,0xFFFF,0xFFFF,
  0xFFFF,0xFFFF,0xFFFF,0xFFFF,0xFFFF,0xFFFF,0xFFFF,0xFFFF,0xFFFF,0xFFFF,0xFFFF,0xFFFF,0xFFFF,0xFFFF,0xFFFF,0xFFFF,
  0xFFFF,0xFFFF,0xFFFF,0xFFFF,0xFFFF,0xFFFF,0xFFFF,0xFFFF,0xFFFF,0xFFFF,0xFFFF,0xFFFF,0xFFFF,0xFFFF,0xFFFF,0xFFFF,
  0xFFFF,0xFFFF,0xFFFF,0xFFFF,0xFFFF,0xFFFF,0xFFFF,0xFFFF,0xFFFF,0xFFFF,0xFFFF,0xFFFF,0xFFFF,0xFFFF,0xFFFF,0xFFFF,
  0xFFFF,0xFFFF,0xFFFF,0xFFFF,0xFFFF,0xFFFF,0xFFFF,0xFFFF,0xFFFF,0xFFFF,0xFFFF,0xFFFF,0xFFFF,0xFFFF,0xFFFF,0xFFFF,
  0xFFFF,0xFFFF,0xFFFF,0xFFFF,0xFFFF,0xFFFF,0xFFFF,0xFFFF,0xFFFF,0xFFFF,0xFFFF,0xFFFF,0xFFFF,0xFFFF,0xFFFF,0xFFFF,
  0xFFFF,0xFFFF,0xFFFF,0xFFFF,0xFFFF,0xFFFF,0xFFFF,0xFFFF,0xFFFF,0xFFFF,0xFFFF,0xFFFF,0xFFFF,0xFFFF,0xFFFF,0xFFFF,
  0xFFFF,0xFFFF,0xFFFF,0xFFFF,0xFFFF,0xFFFF,0xFFFF,0xFFFF,0xFFFF,0xFFFF,0xFFFF,0xFFFF,0xFFFF,0xFFFF,0xFFFF,0xFFFF,
  0xFFFF,0xFFFF,0xFFFF,0xFFFF,0xFFFF,0xFFFF,0xFFFF,0xFFFF,0xFFFF,0xFFFF,0xFFFF,0xFFFF,0xFFFF,0xFFFF,0xFFFF,0xFFFF,
  0xFFFF,0xFFFF,0xFFFF,0xFFFF,0xFFFF,0xFFFF,0xFFFF,0xFFFF,0xFFFF,0xFFFF,0xFFFF,0xFFFF,0xFFFF,0xFFFF,0xFFFF,0xFFFF,
  0xFFFF,0xFFFF,0xFFFF,0xFFFF,0xFFFF,0xFFFF,0xFFFF,0xFFFF,0xFFFF,0xFFFF,0xFFFF,0xFFFF,0xFFFF,0xFFFF,0xFFFF,0xFFFF,
  0xFFFF,0xFFFF,0xFFFF,0xFFFF,0xFFFF,0xFFFF,0xFFFF,0xFFFF,0xFFFF,0xFFFF,0xFFFF,0xFFFF,0xFFFF,0xFFFF,0xFFFF,0xFFFF,
  0xFFFF,0xFFFF,0xFFFF,0xFFFF,0xFFFF,0xFFFF,0xFFFF,0xFFFF,0xFFFF,0xFFFF,0xFFFF,0xFFFF,0xFFFF,0xFFFF,0xFFFF,0xFFFF,
  0xFFFF,0xFFFF,0xFFFF,0xFFFF,0xFFFF,0xFFFF,0xFFFF,0xFFFF,0xFFFF,0xFFFF,0xFFFF,0xFFFF,0xFFFF,0xFFFF,0xFFFF,0xFFFF,
  0xFFFF,0xFFFF,0xFFFF,0xFFFF,0xFFFF,0xFFFF,0xFFFF,0xFFFF,0xFFFF,0xFFFF,0xFFFF,0xFFFF,0xFFFF,0xFFFF,0xFFFF,0xFFFF,
  0xFFFF,0xFFFF,0xFFFF,0xFFFF,0xFFFF,0xFFFF,0xFFFF,0xFFFF,0xFFFF,0xFFFF,0xFFFF,0xFFFF,0xFFFF,0xFFFF,0xFFFF,0xFFFF,
  0xFFFF,0xFFFF,0xFFFF,0xFFFF,0xFFFF,0xFFFF,0xFFFF,0xFFFF,0xFFFF,0xFFFF,0xFFFF,0xFFFF,0xFFFF,0xFFFF,0xFFFF,0xFFFF,
  0xFFFF,0xFFFF,0xFFFF,0xFFFF,0xFFFF,0xFFFF,0xFFFF,0xFFFF,0xFFFF,0xFFFF,0xFFFF,0xFFFF,0xFFFF,0xFFFF,0xFFFF,0xFFFF,
  0xFFFF,0xFFFF,0xFFFF,0xFFFF,0xFFFF,0xFFFF,0xFFFF,0xFFFF,0xFFFF,0xFFFF,0xFFFF,0xFFFF,0xFFFF,0xFFFF,0xFFFF,0xFFFF,
  0xFFFF,0xFFFF,0xFFFF,0xFFFF,0xFFFF,0xFFFF,0xFFFF,0xFFFF,0xFFFF,0xFFFF,0xFFFF,0xFFFF,0xFFFF,0xFFFF,0xFFFF,0xFFFF,
  0xFFFF,0xFFFF,0xFFFF,0xFFFF,0xFFFF,0xFFFF,0xFFFF,0xFFFF,0xFFFF,0xFFFF,0xFFFF,0xFFFF,0xFFFF,0xFFFF,0xFFFF,0xFFFF,
  0xFFFF,0xFFFF,0xFFFF,0xFFFF,0xFFFF,0xFFFF,0xFFFF,0xFFFF,0xFFFF,0xFFFF,0xFFFF,0xFFFF,0xFFFF,0xFFFF,0xFFFF,0xFFFF,
  0xFFFF,0xFFFF,0xFFFF,0xFFFF,0xFFFF,0xFFFF,0xFFFF,0xFFFF,0xFFFF,0xFFFF,0xFFFF,0xFFFF,0xFFFF,0xFFFF,0xFFFF,0xFFFF,
  0xFFFF,0xFFFF,0xFFFF,0xFFFF,0xFFFF,0xFFFF,0xFFFF,0xFFFF,0xFFFF,0xFFFF,0xFFFF,0xFFFF,0xFFFF,0xFFFF,0xFFFF,0xFFFF,
  0xFFFF,0xFFFF,0xFFFF,0xFFFF,0xFFFF,0xFFFF,0xFFFF,0xFFFF,0xFFFF,0xFFFF,0xFFFF,0xFFFF,0xFFFF,0xFFFF,0xFFFF,0xFFFF,
  0xFFFF,0xFFFF,0xFFFF,0xFFFF,0xFFFF,0xFFFF,0xFFFF,0xFFFF,0xFFFF,0xFFFF,0xFFFF,0xFFFF,0xFFFF,0xFFFF,0xFFFF,0xFFFF,
  0xFFFF,0xFFFF,0xFFFF,0xFFFF,0xFFFF,0xFFFF,0xFFFF,0xFFFF,0xFFFF,0xFFFF,0xFFFF,0xFFFF,0xFFFF,0xFFFF,0xFFFF,0xFFFF,
  0xFFFF,0xFFFF,0xFFFF,0xFFFF,0xFFFF,0xFFFF,0xFFFF,0xFFFF,0xFFFF,0xFFFF,0xFFFF,0xFFFF,0xFFFF,0xFFFF,0xFFFF,0xFFFF,
  0xFFFF,0xFFFF,0xFFFF,0xFFFF,0xFFFF,0xFFFF,0xFFFF,0xFFFF,0xFFFF,0xFFFF,0xFFFF,0xFFFF,0xFFFF,0xFFFF,0xFFFF,0xFFFF,
  0xFFFF,0xFFFF,0xFFFF,0xFFFF,0xFFFF,0xFFFF,0xFFFF,0xFFFF,0xFFFF,0xFFFF,0xFFFF,0xFFFF,0xFFFF,0xFFFF,0xFFFF,0xFFFF,
  0xFFFF,0xFFFF,0xFFFF,0xFFFF,0xFFFF,0xFFFF,0xFFFF,0xFFFF,0xFFFF,0xFFFF,0xFFFF,0xFFFF,0xFFFF,0xFFFF,0xFFFF,0xFFFF,
  0xFFFF,0xFFFF,0xFFFF,0xFFFF,0xFFFF,0xFFFF,0xFFFF,0xFFFF,0xFFFF,0xFFFF,0xFFFF,0xFFFF,0xFFFF,0xFFFF,0xFFFF,0xFFFF,
  0xFFFF,0xFFFF,0xFFFF,0xFFFF,0xFFFF,0xFFFF,0xFFFF,0xFFFF,0xFFFF,0xFFFF,0xFFFF,0xFFFF,0xFFFF,0xFFFF,0xFFFF,0xFFFF,
  0xFFFF,0xFFFF,0xFFFF,0xFFFF,0xFFFF,0xFFFF,0xFFFF,0xFFFF,0xFFFF,0xFFFF,0xFFFF,0xFFFF,0xFFFF,0xFFFF,0xFFFF,0xFFFF,
  0xFFFF,0xFFFF,0xFFFF,0xFFFF,0xFFFF,0xFFFF,0xFFFF,0xFFFF,0xFFFF,0xFFFF,0xFFFF,0xFFFF,0xFFFF,0xFFFF,0xFFFF,0xFFFF,
  0xFFFF,0xFFFF,0xFFFF,0xFFFF,0xFFFF,0xFFFF,0xFFFF,0xFFFF,0xFFFF,0xFFFF,0xFFFF,0xFFFF,0xFFFF,0xFFFF,0xFFFF,0xFFFF,
  0xFFFF,0xFFFF,0xFFFF,0xFFFF,0xFFFF,0xFFFF,0xFFFF,0xFFFF,0xFFFF,0xFFFF,0xFFFF,0xFFFF,0xFFFF,0xFFFF,0xFFFF,0xFFFF,
  0xFFFF,0xFFFF,0xFFFF,0xFFFF,0xFFFF,0xFFFF,0xFFFF,0xFFFF,0xFFFF,0xFFFF,0xFFFF,0xFFFF,0xFFFF,0xFFFF,0xFFFF,0xFFFF,
  0xFFFF,0xFFFF,0xFFFF,0xFFFF,0xFFFF,0xFFFF,0xFFFF,0xFFFF,0xFFFF,0xFFFF,0xFFFF,0xFFFF,0xFFFF,0xFFFF,0xFFFF,0xFFFF,
  0xFFFF,0xFFFF,0xFFFF,0xFFFF,0xFFFF,0xFFFF,0xFFFF,0xFFFF,0xFFFF,0xFFFF,0xFFFF,0xFFFF,0xFFFF,0xFFFF,0xFFFF,0xFFFF,
  0xFFFF,0xFFFF,0xFFFF,0xFFFF,0xFFFF,0xFFFF,0xFFFF,0xFFFF,0xFFFF,0xFFFF,0xFFFF,0xFFFF,0xFFFF,0xFFFF,0xFFFF,0xFFFF,
  0xFFFF,0xFFFF,0xFFFF,0xFFFF,0xFFFF,0xFFFF,0xFFFF,0xFFFF,0xFFFF,0xFFFF,0xFFFF,0xFFFF,0xFFFF,0xFFFF,0xFFFF,0xFFFF,
  0xFFFF,0xFFFF,0xFFFF,0xFFFF,0xFFFF,0xFFFF,0xFFFF,0xFFFF,0xFFFF,0xFFFF,0xFFFF,0xFFFF,0xFFFF,0xFFFF,0xFFFF,0xFFFF,
  0xFFFF,0xFFFF,0xFFFF,0xFFFF,0xFFFF,0xFFFF,0xFFFF,0xFFFF,0xFFFF,0xFFFF,0xFFFF,0xFFFF,0xFFFF,0xFFFF,0xFFFF,0xFFFF,
  0xFFFF,0xFFFF,0xFFFF,0xFFFF,0xFFFF,0xFFFF,0xFFFF,0xFFFF,0xFFFF,0xFFFF,0xFFFF,0xFFFF,0xFFFF,0xFFFF,0xFFFF,0xFFFF,
  0xFFFF,0xFFFF,0xFFFF,0xFFFF,0xFFFF,0xFFFF,0xFFFF,0xFFFF,0xFFFF,0xFFFF,0xFFFF,0xFFFF,0xFFFF,0xFFFF,0xFFFF,0xFFFF,
  0xFFFF,0xFFFF,0xFFFF,0xFFFF,0xFFFF,0xFFFF,0xFFFF,0xFFFF,0xFFFF,0xFFFF,0xFFFF,0xFFFF,0xFFFF,0xFFFF,0xFFFF,0xFFFF,
  0xFFFF,0xFFFF,0xFFFF,0xFFFF,0xFFFF,0xFFFF,0xFFFF,0xFFFF,0xFFFF,0xFFFF,0xFFFF,0xFFFF,0xFFFF,0xFFFF,0xFFFF,0xFFFF,
  0xFFFF,0xFFFF,0xFFFF,0xFFFF,0xFFFF,0xFFFF,0xFFFF,0xFFFF,0xFFFF,0xFFFF,0xFFFF,0xFFFF,0xFFFF,0xFFFF,0xFFFF,0xFFFF,
  0xFFFF,0xFFFF,0xFFFF,0xFFFF,0xFFFF,0xFFFF,0xFFFF,0xFFFF,0xFFFF,0xFFFF,0xFFFF,0xFFFF,0xFFFF,0xFFFF,0xFFFF,0xFFFF,
  0xFFFF,0xFFFF,0xFFFF,0xFFFF,0xFFFF,0xFFFF,0xFFFF,0xFFFF,0xFFFF,0xFFFF,0xFFFF,0xFFFF,0xFFFF,0xFFFF,0xFFFF,0xFFFF,
  0xFFFF,0xFFFF,0xFFFF,0xFFFF,0xFFFF,0xFFFF,0xFFFF,0xFFFF,0xFFFF,0xFFFF,0xFFFF,0xFFFF,0xFFFF,0xFFFF,0xFFFF,0xFFFF,
  0xFFFF,0xFFFF,0xFFFF,0xFFFF,0xFFFF,0xFFFF,0xFFFF,0xFFFF,0xFFFF,0xFFFF,0xFFFF,0xFFFF,0xFFFF,0xFFFF,0xFFFF,0xFFFF,
  0xFFFF,0xFFFF,0xFFFF,0xFFFF,0xFFFF,0xFFFF,0xFFFF,0xFFFF,0xFFFF,0xFFFF,0xFFFF,0xFFFF,0xFFFF,0xFFFF,0xFFFF,0xFFFF,
  0xFFFF,0xFFFF,0xFFFF,0xFFFF,0xFFFF,0xFFFF,0xFFFF,0xFFFF,0xFFFF,0xFFFF,0xFFFF,0xFFFF,0xFFFF,0xFFFF,0xFFFF,0xFFFF,
  0xFFFF,0xFFFF,0xFFFF,0xFFFF,0xFFFF,0xFFFF,0xFFFF,0xFFFF,0xFFFF,0xFFFF,0xFFFF,0xFFFF,0xFFFF,0xFFFF,0xFFFF,0xFFFF,
  0xFFFF,0xFFFF,0xFFFF,0xFFFF,0xFFFF,0xFFFF,0xFFFF,0xFFFF,0xFFFF,0xFFFF,0xFFFF,0xFFFF,0xFFFF,0xFFFF,0xFFFF,0xFFFF,
  0xFFFF,0xFFFF,0xFFFF,0xFFFF,0xFFFF,0xFFFF,0xFFFF,0xFFFF,0xFFFF,0xFFFF,0xFFFF,0xFFFF,0xFFFF,0xFFFF,0xFFFF,0xFFFF,
  0xFFFF,0xFFFF,0xFFFF,0xFFFF,0xFFFF,0xFFFF,0xFFFF,0xFFFF,0xFFFF,0xFFFF,0xFFFF,0xFFFF,0xFFFF,0xFFFF,0xFFFF,0xFFFF,
  0xFFFF,0xFFFF,0xFFFF,0xFFFF,0xFFFF,0xFFFF,0xFFFF,0xFFFF,0xFFFF,0xFFFF,0xFFFF,0xFFFF,0xFFFF,0xFFFF,0xFFFF,0xFFFF,
  0xFFFF,0xFFFF,0xFFFF,0xFFFF,0xFFFF,0xFFFF,0xFFFF,0xFFFF,0xFFFF,0xFFFF,0xFFFF,0xFFFF,0xFFFF,0xFFFF,0xFFFF,0xFFFF,
  0xFFFF,0xFFFF,0xFFFF,0xFFFF,0xFFFF,0xFFFF,0xFFFF,0xFFFF,0xFFFF,0xFFFF,0xFFFF,0xFFFF,0xFFFF,0xFFFF,0xFFFF,0xFFFF,
  0xFFFF,0xFFFF,0xFFFF,0xFFFF,0xFFFF,0xFFFF,0xFFFF,0xFFFF,0xFFFF,0xFFFF,0xFFFF,0xFFFF,0xFFFF,0xFFFF,0xFFFF,0xFFFF,
  0xFFFF,0xFFFF,0xFFFF,0xFFFF,0xFFFF,0xFFFF,0xFFFF,0xFFFF,0xFFFF,0xFFFF,0xFFFF,0xFFFF,0xFFFF,0xFFFF,0xFFFF,0xFFFF,
  0xFFFF,0xFFFF,0xFFFF,0xFFFF,0xFFFF,0xFFFF,0xFFFF,0xFFFF,0xFFFF,0xFFFF,0xFFFF,0xFFFF,0xFFFF,0xFFFF,0xFFFF,0xFFFF,
  0xFFFF,0xFFFF,0xFFFF,0xFFFF,0xFFFF,0xFFFF,0xFFFF,0xFFFF,0xFFFF,0xFFFF,0xFFFF,0xFFFF,0xFFFF,0xFFFF,0xFFFF,0xFFFF,
  0xFFFF,0xFFFF,0xFFFF,0xFFFF,0xFFFF,0xFFFF,0xFFFF,0xFFFF,0xFFFF,0xFFFF,0xFFFF,0xFFFF,0xFFFF,0xFFFF,0xFFFF,0xFFFF,
  0xFFFF,0xFFFF,0xFFFF,0xFFFF,0xFFFF,0xFFFF,0xFFFF,0xFFFF,0xFFFF,0xFFFF,0xFFFF,0xFFFF,0xFFFF,0xFFFF,0xFFFF,0xFFFF,
  0xFFFF,0xFFFF,0xFFFF,0xFFFF,0xFFFF,0xFFFF,0xFFFF,0xFFFF,0xFFFF,0xFFFF,0xFFFF,0xFFFF,0xFFFF,0xFFFF,0xFFFF,0xFFFF,
  0xFFFF,0xFFFF,0xFFFF,0xFFFF,0xFFFF,0xFFFF,0xFFFF,0xFFFF,0xFFFF,0xFFFF,0xFFFF,0xFFFF,0xFFFF,0xFFFF,0xFFFF,0xFFFF,
  0xFFFF,0xFFFF,0xFFFF,0xFFFF,0xFFFF,0xFFFF,0xFFFF,0xFFFF,0xFFFF,0xFFFF,0xFFFF,0xFFFF,0xFFFF,0xFFFF,0xFFFF,0xFFFF,
  0xFFFF,0xFFFF,0xFFFF,0xFFFF,0xFFFF,0xFFFF,0xFFFF,0xFFFF,0xFFFF,0xFFFF,0xFFFF,0xFFFF,0xFFFF,0xFFFF,0xFFFF,0xFFFF,
  0xFFFF,0xFFFF,0xFFFF,0xFFFF,0xFFFF,0xFFFF,0xFFFF,0xFFFF,0xFFFF,0xFFFF,0xFFFF,0xFFFF,0xFFFF,0xFFFF,0xFFFF,0xFFFF,
  0xFFFF,0xFFFF,0xFFFF,0xFFFF,0xFFFF,0xFFFF,0xFFFF,0xFFFF,0xFFFF,0xFFFF,0xFFFF,0xFFFF,0xFFFF,0xFFFF,0xFFFF,0xFFFF,
  0xFFFF,0xFFFF,0xFFFF,0xFFFF,0xFFFF,0xFFFF,0xFFFF,0xFFFF,0xFFFF,0xFFFF,0xFFFF,0xFFFF,0xFFFF,0xFFFF,0xFFFF,0xFFFF,
  0xFFFF,0xFFFF,0xFFFF,0xFFFF,0xFFFF,0xFFFF,0xFFFF,0xFFFF,0xFFFF,0xFFFF,0xFFFF,0xFFFF,0xFFFF,0xFFFF,0xFFFF,0xFFFF,
  0xFFFF,0xFFFF,0xFFFF,0xFFFF,0xFFFF,0xFFFF,0xFFFF,0xFFFF,0xFFFF,0xFFFF,0xFFFF,0xFFFF,0xFFFF,0xFFFF,0xFFFF,0xFFFF,
  0xFFFF,0xFFFF,0xFFFF,0xFFFF,0xFFFF,0xFFFF,0xFFFF,0xFFFF,0xFFFF,0xFFFF,0xFFFF,0xFFFF,0xFFFF,0xFFFF,0xFFFF,0xFFFF,
  0xFFFF,0xFFFF,0xFFFF,0xFFFF,0xFFFF,0xFFFF,0xFFFF,0xFFFF,0xFFFF,0xFFFF,0xFFFF,0xFFFF,0xFFFF,0xFFFF,0xFFFF,0xFFFF,
  0xFFFF,0xFFFF,0xFFFF,0xFFFF,0xFFFF,0xFFFF,0xFFFF,0xFFFF,0xFFFF,0xFFFF,0xFFFF,0xFFFF,0xFFFF,0xFFFF,0xFFFF,0xFFFF,
  0xFFFF,0xFFFF,0xFFFF,0xFFFF,0xFFFF,0xFFFF,0xFFFF,0xFFFF,0xFFFF,0xFFFF,0xFFFF,0xFFFF,0xFFFF,0xFFFF,0xFFFF,0xFFFF,
  0xFFFF,0xFFFF,0xFFFF,0xFFFF,0xFFFF,0xFFFF,0xFFFF,0xFFFF,0xFFFF,0xFFFF,0xFFFF,0xFFFF,0xFFFF,0xFFFF,0xFFFF,0xFFFF,
  0xFFFF,0xFFFF,0xFFFF,0xFFFF,0xFFFF,0xFFFF,0xFFFF,0xFFFF,0xFFFF,0xFFFF,0xFFFF,0xFFFF,0xFFFF,0xFFFF,0xFFFF,0xFFFF,
  0xFFFF,0xFFFF,0xFFFF,0xFFFF,0xFFFF,0xFFFF,0xFFFF,0xFFFF,0xFFFF,0xFFFF,0xFFFF,0xFFFF,0xFFFF,0xFFFF,0xFFFF,0xFFFF,
  0xFFFF,0xFFFF,0xFFFF,0xFFFF,0xFFFF,0xFFFF,0xFFFF,0xFFFF,0xFFFF,0xFFFF,0xFFFF,0xFFFF,0xFFFF,0xFFFF,0xFFFF,0xFFFF,
  0xFFFF,0xFFFF,0xFFFF,0xFFFF,0xFFFF,0xFFFF,0xFFFF,0xFFFF,0xFFFF,0xFFFF,0xFFFF,0xFFFF,0xFFFF,0xFFFF,0xFFFF,0xFFFF,
  0xFFFF,0xFFFF,0xFFFF,0xFFFF,0xFFFF,0xFFFF,0xFFFF,0xFFFF,0xFFFF,0xFFFF,0xFFFF,0xFFFF,0xFFFF,0xFFFF,0xFFFF,0xFFFF,
  0xFFFF,0xFFFF,0xFFFF,0xFFFF,0xFFFF,0xFFFF,0xFFFF,0xFFFF,0xFFFF,0xFFFF,0xFFFF,0xFFFF,0xFFFF,0xFFFF,0xFFFF,0xFFFF,
  0xFFFF,0xFFFF,0xFFFF,0xFFFF,0xFFFF,0xFFFF,0xFFFF,0xFFFF,0xFFFF,0xFFFF,0xFFFF,0xFFFF,0xFFFF,0xFFFF,0xFFFF,0xFFFF,
  0xFFFF,0xFFFF,0xFFFF,0xFFFF,0xFFFF,0xFFFF,0xFFFF,0xFFFF,0xFFFF,0xFFFF,0xFFFF,0xFFFF,0xFFFF,0xFFFF,0xFFFF,0xFFFF,
  0xFFFF,0xFFFF,0xFFFF,0xFFFF,0xFFFF,0xFFFF,0xFFFF,0xFFFF,0xFFFF,0xFFFF,0xFFFF,0xFFFF,0xFFFF,0xFFFF,0xFFFF,0xFFFF,
  0xFFFF,0xFFFF,0xFFFF,0xFFFF,0xFFFF,0xFFFF,0xFFFF,0xFFFF,0xFFFF,0xFFFF,0xFFFF,0xFFFF,0xFFFF,0xFFFF,0xFFFF,0xFFFF,
  0xFFFF,0xFFFF,0xFFFF,0xFFFF,0xFFFF,0xFFFF,0xFFFF,0xFFFF,0xFFFF,0xFFFF,0xFFFF,0xFFFF,0xFFFF,0xFFFF,0xFFFF,0xFFFF,
  0xFFFF,0xFFFF,0xFFFF,0xFFFF,0xFFFF,0xFFFF,0xFFFF,0xFFFF,0xFFFF,0xFFFF,0xFFFF,0xFFFF,0xFFFF,0xFFFF,0xFFFF,0xFFFF,
  0xFFFF,0xFFFF,0xFFFF,0xFFFF,0xFFFF,0xFFFF,0xFFFF,0xFFFF,0xFFFF,0xFFFF,0xFFFF,0xFFFF,0xFFFF,0xFFFF,0xFFFF,0xFFFF,
  0xFFFF,0xFFFF,0xFFFF,0xFFFF,0xFFFF,0xFFFF,0xFFFF,0xFFFF,0xFFFF,0xFFFF,0xFFFF,0xFFFF,0xFFFF,0xFFFF,0xFFFF,0xFFFF,
  0xFFFF,0xFFFF,0xFFFF,0xFFFF,0xFFFF,0xFFFF,0xFFFF,0xFFFF,0xFFFF,0xFFFF,0xFFFF,0xFFFF,0xFFFF,0xFFFF,0xFFFF,0xFFFF,
  0xFFFF,0xFFFF,0xFFFF,0xFFFF,0xFFFF,0xFFFF,0xFFFF,0xFFFF,0xFFFF,0xFFFF,0xFFFF,0xFFFF,0xFFFF,0xFFFF,0xFFFF,0xFFFF,
  0xFFFF,0xFFFF,0xFFFF,0xFFFF,0xFFFF,0xFFFF,0xFFFF,0xFFFF,0xFFFF,0xFFFF,0xFFFF,0xFFFF,0xFFFF,0xFFFF,0xFFFF,0xFFFF,
  0xFFFF,0xFFFF,0xFFFF,0xFFFF,0xFFFF,0xFFFF,0xFFFF,0xFFFF,0xFFFF,0xFFFF,0xFFFF,0xFFFF,0xFFFF,0xFFFF,0xFFFF,0xFFFF,
  0xFFFF,0xFFFF,0xFFFF,0xFFFF,0xFFFF,0xFFFF,0xFFFF,0xFFFF,0xFFFF,0xFFFF,0xFFFF,0xFFFF,0xFFFF,0xFFFF,0xFFFF,0xFFFF,
  0xFFFF,0xFFFF,0xFFFF,0xFFFF,0xFFFF,0xFFFF,0xFFFF,0xFFFF,0xFFFF,0xFFFF,0xFFFF,0xFFFF,0xFFFF,0xFFFF,0xFFFF,0xFFFF,
  0xFFFF,0xFFFF,0xFFFF,0xFFFF,0xFFFF,0xFFFF,0xFFFF,0xFFFF,0xFFFF,0xFFFF,0xFFFF,0xFFFF,0xFFFF,0xFFFF,0xFFFF,0xFFFF,
  0xFFFF,0xFFFF,0xFFFF,0xFFFF,0xFFFF,0xFFFF,0xFFFF,0xFFFF,0xFFFF,0xFFFF,0xFFFF,0xFFFF,0xFFFF,0xFFFF,0xFFFF,0xFFFF,
  0xFFFF,0xFFFF,0xFFFF,0xFFFF,0xFFFF,0xFFFF,0xFFFF,0xFFFF,0xFFFF,0xFFFF,0xFFFF,0xFFFF,0xFFFF,0xFFFF,0xFFFF,0xFFFF,
  0xFFFF,0xFFFF,0xFFFF,0xFFFF,0xFFFF,0xFFFF,0xFFFF,0xFFFF,0xFFFF,0xFFFF,0xFFFF,0xFFFF,0xFFFF,0xFFFF,0xFFFF,0xFFFF,
  0xFFFF,0xFFFF,0xFFFF,0xFFFF,0xFFFF,0xFFFF,0xFFFF,0xFFFF,0xFFFF,0xFFFF,0xFFFF,0xFFFF,0xFFFF,0xFFFF,0xFFFF,0xFFFF,
  0xFFFF,0xFFFF,0xFFFF,0xFFFF,0xFFFF,0xFFFF,0xFFFF,0xFFFF,0xFFFF,0xFFFF,0xFFFF,0xFFFF,0xFFFF,0xFFFF,0xFFFF,0xFFFF,
  0xFFFF,0xFFFF,0xFFFF,0xFFFF,0xFFFF,0xFFFF,0xFFFF,0xFFFF,0xFFFF,0xFFFF,0xFFFF,0xFFFF,0xFFFF,0xFFFF,0xFFFF,0xFFFF,
  0xFFFF,0xFFFF,0xFFFF,0xFFFF,0xFFFF,0xFFFF,0xFFFF,0xFFFF,0xFFFF,0xFFFF,0xFFFF,0xFFFF,0xFFFF,0xFFFF,0xFFFF,0xFFFF,
  0xFFFF,0xFFFF,0xFFFF,0xFFFF,0xFFFF,0xFFFF,0xFFFF,0xFFFF,0xFFFF,0xFFFF,0xFFFF,0xFFFF,0xFFFF,0xFFFF,0xFFFF,0xFFFF,
  0xFFFF,0xFFFF,0xFFFF,0xFFFF,0xFFFF,0xFFFF,0xFFFF,0xFFFF,0xFFFF,0xFFFF,0xFFFF,0xFFFF,0xFFFF,0xFFFF,0xFFFF,0xFFFF,
  0xFFFF,0xFFFF,0xFFFF,0xFFFF,0xFFFF,0xFFFF,0xFFFF,0xFFFF,0xFFFF,0xFFFF,0xFFFF,0xFFFF,0xFFFF,0xFFFF,0xFFFF,0xFFFF,
  0xFFFF,0xFFFF,0xFFFF,0xFFFF,0xFFFF,0xFFFF,0xFFFF,0xFFFF,0xFFFF,0xFFFF,0xFFFF,0xFFFF,0xFFFF,0xFFFF,0xFFFF,0xFFFF,
  0xFFFF,0xFFFF,0xFFFF,0xFFFF,0xFFFF,0xFFFF,0xFFFF,0xFFFF,0xFFFF,0xFFFF,0xFFFF,0xFFFF,0xFFFF,0xFFFF,0xFFFF,0xFFFF,
  0xFFFF,0xFFFF,0xFFFF,0xFFFF,0xFFFF,0xFFFF,0xFFFF,0xFFFF,0xFFFF,0xFFFF,0xFFFF,0xFFFF,0xFFFF,0xFFFF,0xFFFF,0xFFFF,
  0xFFFF,0xFFFF,0xFFFF,0xFFFF,0xFFFF,0xFFFF,0xFFFF,0xFFFF,0xFFFF,0xFFFF,0xFFFF,0xFFFF,0xFFFF,0xFFFF,0xFFFF,0xFFFF,
  0xFFFF,0xFFFF,0xFFFF,0xFFFF,0xFFFF,0xFFFF,0xFFFF,0xFFFF,0xFFFF,0xFFFF,0xFFFF,0xFFFF,0xFFFF,0xFFFF,0xFFFF,0xFFFF,
  0xFFFF,0xFFFF,0xFFFF,0xFFFF,0xFFFF,0xFFFF,0xFFFF,0xFFFF,0xFFFF,0xFFFF,0xFFFF,0xFFFF,0xFFFF,0xFFFF,0xFFFF,0xFFFF,
  0xFFFF,0xFFFF,0xFFFF,0xFFFF,0xFFFF,0xFFFF,0xFFFF,0xFFFF,0xFFFF,0xFFFF,0xFFFF,0xFFFF,0xFFFF,0xFFFF,0xFFFF,0xFFFF,
  0xFFFF,0xFFFF,0xFFFF,0xFFFF,0xFFFF,0xFFFF,0xFFFF,0xFFFF,0xFFFF,0xFFFF,0xFFFF,0xFFFF,0xFFFF,0xFFFF,0xFFFF,0xFFFF,
  0xFFFF,0xFFFF,0xFFFF,0xFFFF,0xFFFF,0xFFFF,0xFFFF,0xFFFF,0xFFFF,0xFFFF,0xFFFF,0xFFFF,0xFFFF,0xFFFF,0xFFFF,0xFFFF,
  0xFFFF,0xFFFF,0xFFFF,0xFFBE,0xE69A,0xEE79,0xEEFA,0xFF3B,0xF79E,0xFFDF,0xFFFF,0xFFFF,0xFFFF,0xFFFF,0xFFFF,0xFFFF,
  0xFFFF,0xFFFF,0xFFFF,0xFFFF,0xFFFF,0xFFFF,0xFFFF,0xFFFF,0xFFFF,0xFFFF,0xFFFF,0xFFFF,0xFFFF,0xFFFF,0xFFFF,0xFFFF,
  0xFFFF,0xFFFF,0xFFFF,0xFFFF,0xFFFF,0xFFFF,0xFFFF,0xFFFF,0xFFFF,0xFFFF,0xFFFF,0xFFFF,0xFFFF,0xFFFF,0xFFFF,0xFFFF,
  0xFFFF,0xFFFF,0xFFFF,0xFFFF,0xFFFF,0xFFFF,0xFFFF,0xFFFF,0xFFFF,0xFFFF,0xFFFF,0xFFFF,0xFFFF,0xFFFF,0xFFFF,0xFFFF,
  0xFFFF,0xFFFF,0xFFFF,0xFFFF,0xFFFF,0xFFFF,0xFFFF,0xFFFF,0xFFFF,0xFFFF,0xFFFF,0xFFFF,0xFFFF,0xFFFF,0xFFFF,0xFFFF,
  0xFFFF,0xFFFF,0xFFFF,0xFFFF,0xFFFF,0xFFFF,0xFFFF,0xFFFF,0xFFFF,0xFFFF,0xFFFF,0xFFFF,0xFFFF,0xFFFF,0xFFFF,0xFFFF,
  0xFFFF,0xFFFF,0xFFFF,0xFFFF,0xFFFF,0xFFFF,0xFFFF,0xFFFF,0xFFFF,0xFFFF,0xFFFF,0xFFFF,0xFFFF,0xFFFF,0xFFFF,0xFFFF,
  0xFFFF,0xFFFF,0xFFFF,0xFFFF,0xFFFF,0xFFFF,0xFFFF,0xFFFF,0xFFFF,0xFFFF,0xFFFF,0xFFFF,0xFFFF,0xFFFF,0xFFFF,0xFFFF,
  0xFFFF,0xFFFF,0xFFFF,0xFFFF,0xFFFF,0xFFFF,0xFFFF,0xFFFF,0xFFFF,0xFFFF,0xFFFF,0xFFFF,0xFFFF,0xFFFF,0xFFFF,0xFFFF,
  0xFFFF,0xFFFF,0xFFFF,0xFFFF,0xFFFF,0xFFFF,0xFFFF,0xFFFF,0xFFFF,0xFFFF,0xFFFF,0xFFFF,0xFFFF,0xFFFF,0xFFFF,0xFFFF,
  0xFFFF,0xFFFF,0xFFFF,0xFFFF,0xFFFF,0xFFFF,0xFFFF,0xFFFF,0xFFFF,0xFFFF,0xFFFF,0xFFFF,0xFFFF,0xFFFF,0xFFFF,0xFFFF,
  0xFFFF,0xFFFF,0xFFFF,0xFFFF,0xFFFF,0xFFFF,0xFFFF,0xFFFF,0xFFFF,0xFFFF,0xFFFF,0xFFFF,0xFFFF,0xFFFF,0xFFFF,0xFFFF,
  0xFFFF,0xFFFF,0xFFFF,0xFFFF,0xFFFF,0xFFFF,0xFFFF,0xFFFF,0xFFFF,0xFFFF,0xFFFF,0xFFFF,0xFFFF,0xFFFF,0xFFFF,0xFFFF,
  0xFFFF,0xFFFF,0xFFFF,0xFFFF,0xFFFF,0xFFFF,0xFFFF,0xFFFF,0xFFFF,0xFFFF,0xFFFF,0xFFFF,0xFFFF,0xFFFF,0xFFFF,0xFFFF,
  0xFFFF,0xFFFF,0xFFFF,0xFFFF,0xFFFF,0xFFFF,0xFFFF,0xFFFF,0xFFFF,0xFFFF,0xFFFF,0xFFFF,0xFFDE,0xF77D,0xF6FA,0xF71B,
  0xFFFF,0xFFFF,0xFFFF,0xF7BE,0xE40D,0xD3AC,0xF3AB,0xD2C8,0xABCD,0xFF1A,0xFFFF,0xFFFF,0xFFFF,0xFFFF,0xFFFF,0xFFFF,
  0xFFFF,0xFFFF,0xFFFF,0xFFFF,0xFFFF,0xFFFF,0xFFFF,0xFFFF,0xFFFF,0xFFFF,0xFFFF,0xFFFF,0xFFFF,0xFFFF,0xFFFF,0xFFFF,
  0xFFFF,0xFFFF,0xFFFF,0xFFFF,0xFFFF,0xFFFF,0xFFFF,0xFFFF,0xFFFF,0xFFFF,0xFFFF,0xFFFF,0xFFFF,0xFFFF,0xFFFF,0xFFFF,
  0xFFFF,0xFFFF,0xFFFF,0xFFFF,0xFFFF,0xFFFF,0xFFFF,0xFFFF,0xFFFF,0xFFFF,0xFFFF,0xFFFF,0xFFFF,0xFFFF,0xFFFF,0xFFFF,
  0xFFFF,0xFFFF,0xFFFF,0xFFFF,0xFFFF,0xFFFF,0xFFFF,0xFFFF,0xFFFF,0xFFFF,0xFFFF,0xFFFF,0xFFFF,0xFFFF,0xFFFF,0xFFFF,
  0xFFFF,0xFFFF,0xFFFF,0xFFFF,0xFFFF,0xFFFF,0xFFFF,0xFFFF,0xFFFF,0xFFFF,0xFFFF,0xFFFF,0xFFFF,0xFFFF,0xFFFF,0xFFFF,
  0xFFFF,0xFFFF,0xFFFF,0xFFFF,0xFFFF,0xFFFF,0xFFFF,0xFFFF,0xFFFF,0xFFFF,0xFFFF,0xFFFF,0xFFFF,0xFFFF,0xFFFF,0xFFFF,
  0xFFFF,0xFFFF,0xFFFF,0xFFFF,0xFFFF,0xFFFF,0xFFFF,0xFFFF,0xFFFF,0xFFFF,0xFFFF,0xFFFF,0xFFFF,0xFFFF,0xFFFF,0xFFFF,
  0xFFFF,0xFFFF,0xFFFF,0xFFFF,0xFFFF,0xFFFF,0xFFFF,0xFFFF,0xFFFF,0xFFFF,0xFFFF,0xFFFF,0xFFFF,0xFFFF,0xFFFF,0xFFFF,
  0xFFFF,0xFFFF,0xFFFF,0xFFFF,0xFFFF,0xFFFF,0xFFFF,0xFFFF,0xFFFF,0xFFFF,0xFFFF,0xFFFF,0xFFFF,0xFFFF,0xFFFF,0xFFFF,
  0xFFFF,0xFFFF,0xFFFF,0xFFFF,0xFFFF,0xFFFF,0xFFFF,0xFFFF,0xFFFF,0xFFFF,0xFFFF,0xFFFF,0xFFFF,0xFFFF,0xFFFF,0xFFFF,
  0xFFFF,0xFFFF,0xFFFF,0xFFFF,0xFFFF,0xFFFF,0xFFFF,0xFFFF,0xFFFF,0xFFFF,0xFFFF,0xFFFF,0xFFFF,0xFFFF,0xFFFF,0xFFFF,
  0xFFFF,0xFFFF,0xFFFF,0xFFFF,0xFFFF,0xFFFF,0xFFFF,0xFFFF,0xFFFF,0xFFFF,0xFFFF,0xFFFF,0xFFFF,0xFFFF,0xFFFF,0xFFFF,
  0xFFFF,0xFFFF,0xFFFF,0xFFFF,0xFFFF,0xFFFF,0xFFFF,0xFFFF,0xFFFF,0xFFFF,0xFFFF,0xFFFF,0xFFFF,0xFFFF,0xFFFF,0xFFFF,
  0xFFFF,0xFFFF,0xFFFF,0xFFFF,0xFFFF,0xFFFF,0xFFFF,0xF75D,0xF658,0xE574,0xEC6F,0xDB8B,0xE2C8,0xDA26,0xC1E5,0xE2A8,
  0xFFDF,0xFFFF,0xFFFF,0xFFFF,0xF7FF,0xF7FF,0xFF3B,0xABED,0x9A89,0xFE37,0xFFFF,0xFFFF,0xFFFF,0xFFFF,0xFFFF,0xFFFF,
  0xFFFF,0xFFFF,0xFFFF,0xFFFF,0xFFFF,0xFFFF,0xFFFF,0xFFFF,0xFFFF,0xFFFF,0xFFFF,0xFFFF,0xFFFF,0xFFFF,0xFFFF,0xFFFF,
  0xFFFF,0xFFFF,0xFFFF,0xFFFF,0xFFFF,0xFFFF,0xFFFF,0xFFFF,0xFFFF,0xFFFF,0xFFFF,0xFFFF,0xFFFF,0xFFFF,0xFFFF,0xFFFF,
  0xFFFF,0xFFFF,0xFFFF,0xFFFF,0xFFFF,0xFFFF,0xFFFF,0xFFFF,0xFFFF,0xFFFF,0xFFFF,0xFFFF,0xFFFF,0xFFFF,0xFFFF,0xFFFF,
  0xFFFF,0xFFFF,0xFFFF,0xFFFF,0xFFFF,0xFFFF,0xFFFF,0xFFFF,0xFFFF,0xFFFF,0xFFFF,0xFFFF,0xFFFF,0xFFFF,0xFFFF,0xFFFF,
  0xFFFF,0xFFFF,0xFFFF,0xFFFF,0xFFFF,0xFFFF,0xFFFF,0xFFFF,0xFFFF,0xFFFF,0xFFFF,0xFFFF,0xFFFF,0xFFFF,0xFFFF,0xFFFF,
  0xFFFF,0xFFFF,0xFFFF,0xFFFF,0xFFFF,0xFFFF,0xFFFF,0xFFFF,0xFFFF,0xFFFF,0xFFFF,0xFFFF,0xFFFF,0xFFFF,0xFFFF,0xFFFF,
  0xFFFF,0xFFFF,0xFFFF,0xFFFF,0xFFFF,0xFFFF,0xFFFF,0xFFFF,0xFFFF,0xFFFF,0xFFFF,0xFFFF,0xFFFF,0xFFFF,0xFFFF,0xFFFF,
  0xFFFF,0xFFFF,0xFFFF,0xFFFF,0xFFFF,0xFFFF,0xFFFF,0xFFFF,0xFFFF,0xFFFF,0xFFFF,0xFFFF,0xFFFF,0xFFFF,0xFFFF,0xFFFF,
  0xFFFF,0xFFFF,0xFFFF,0xFFFF,0xFFFF,0xFFFF,0xFFFF,0xFFFF,0xFFFF,0xFFFF,0xFFFF,0xFFFF,0xFFFF,0xFFFF,0xFFFF,0xFFFF,
  0xFFFF,0xFFFF,0xFFFF,0xFFFF,0xFFFF,0xFFFF,0xFFFF,0xFFFF,0xFFFF,0xFFFF,0xFFFF,0xFFFF,0xFFFF,0xFFFF,0xFFFF,0xFFFF,
  0xFFFF,0xFFFF,0xFFFF,0xFFFF,0xFFFF,0xFFFF,0xFFFF,0xFFFF,0xFFFF,0xFFFF,0xFFFF,0xFFFF,0xFFFF,0xFFFF,0xFFFF,0xFFFF,
  0xFFFF,0xFFFF,0xFFFF,0xFFFF,0xFFFF,0xFFFF,0xFFFF,0xFFFF,0xFFFF,0xFFFF,0xFFFF,0xFFFF,0xFFFF,0xFFFF,0xFFFF,0xFFFF,
  0xFFFF,0xFFFF,0xFFFF,0xFFFF,0xFFFF,0xFFFF,0xFFFF,0xFFFF,0xFFFF,0xFFFF,0xFFFF,0xFFFF,0xFFFF,0xFFFF,0xFFFF,0xFFFF,
  0xFFFF,0xFFFF,0xFFFF,0xFFFF,0xFF9D,0xDE79,0xF36B,0xC246,0xD983,0xD9A3,0xD9C4,0xD9E5,0xE204,0xDA25,0xCA46,0xE32A,
  0xF77D,0xFFFF,0xFFFF,0xFFFF,0xFFFF,0xFFFF,0xFF3B,0xAC2F,0x9A67,0xFE16,0xFFFF,0xFFFF,0xFFFF,0xFFFF,0xFFFF,0xFFFF,
  0xFFFF,0xFFFF,0xFFFF,0xFFFF,0xFFFF,0xFFFF,0xFFFF,0xFFFF,0xFFFF,0xFFFF,0xFFFF,0xFFFF,0xFFFF,0xFFFF,0xFFFF,0xFFFF,
  0xFFFF,0xFFFF,0xFFFF,0xFFFF,0xFFFF,0xFFFF,0xFFFF,0xFFFF,0xFFFF,0xFFFF,0xFFFF,0xFFFF,0xFFFF,0xFFFF,0xFFFF,0xFFFF,
  0xFFFF,0xFFFF,0xFFFF,0xFFFF,0xFFFF,0xFFFF,0xFFFF,0xFFFF,0xFFFF,0xFFFF,0xFFFF,0xFFFF,0xFFFF,0xFFFF,0xFFFF,0xFFFF,
  0xFFFF,0xFFFF,0xFFFF,0xFFFF,0xFFFF,0xFFFF,0xFFFF,0xFFFF,0xFFFF,0xFFFF,0xFFFF,0xFFFF,0xFFFF,0xFFFF,0xFFFF,0xFFFF,
  0xFFFF,0xFFFF,0xFFFF,0xFFFF,0xFFFF,0xFFFF,0xFFFF,0xFFFF,0xFFFF,0xFFFF,0xFFFF,0xFFFF,0xFFFF,0xFFFF,0xFFFF,0xFFFF,
  0xFFFF,0xFFFF,0xFFFF,0xFFFF,0xFFFF,0xFFFF,0xFFFF,0xFFFF,0xFFFF,0xFFFF,0xFFFF,0xFFFF,0xFFFF,0xFFFF,0xFFFF,0xFFFF,
  0xFFFF,0xFFFF,0xFFFF,0xFFFF,0xFFFF,0xFFFF,0xFFFF,0xFFFF,0xFFFF,0xFFFF,0xFFFF,0xFFFF,0xFFFF,0xFFFF,0xFFFF,0xFFFF,
  0xFFFF,0xFFFF,0xFFFF,0xFFFF,0xFFFF,0xFFFF,0xFFFF,0xFFFF,0xFFFF,0xFFFF,0xFFFF,0xFFFF,0xFFFF,0xFFFF,0xFFFF,0xFFFF,
  0xFFFF,0xFFFF,0xFFFF,0xFFFF,0xFFFF,0xFFFF,0xFFFF,0xFFFF,0xFFFF,0xFFFF,0xFFFF,0xFFFF,0xFFFF,0xFFFF,0xFFFF,0xFFFF,
  0xFFFF,0xFFFF,0xFFFF,0xFFFF,0xFFFF,0xFFFF,0xFFFF,0xFFFF,0xFFFF,0xFFFF,0xFFFF,0xFFFF,0xFFFF,0xFFFF,0xFFFF,0xFFFF,
  0xFFFF,0xFFFF,0xFFFF,0xFFFF,0xFFFF,0xFFFF,0xFFFF,0xFFFF,0xFFFF,0xFFFF,0xFFFF,0xFFFF,0xFFFF,0xFFFF,0xFFFF,0xFFFF,
  0xFFFF,0xFFFF,0xFFFF,0xFFFF,0xFFFF,0xFFFF,0xFFFF,0xFFFF,0xFFFF,0xFFFF,0xFFFF,0xFFFF,0xFFFF,0xFFFF,0xFFFF,0xFFFF,
  0xFFFF,0xFFFF,0xFFFF,0xFFFF,0xFFFF,0xFFFF,0xFFFF,0xFFFF,0xFFFF,0xFFFF,0xFFFF,0xFFFF,0xFFFF,0xFFFF,0xFFFF,0xFFFF,
  0xFFDF,0xFFBE,0xFEBA,0xD513,0xE286,0xD182,0xC226,0xF3AC,0xE638,0xFEBA,0xEF3C,0xF73C,0xF75D,0xFF3C,0xEF7D,0xFF9E,
  0xFFFF,0xFFFF,0xFFFF,0xFFFF,0xF7FF,0xFFFF,0xFF5B,0xAC0E,0xA226,0xFD73,0xF7FF,0xFFFF,0xFFFF,0xFFFF,0xFFFF,0xFFFF,
  0xFFFF,0xFFFF,0xFFFF,0xFFFF,0xFFFF,0xFFFF,0xFFFF,0xFFFF,0xFFFF,0xFFFF,0xFFFF,0xFFFF,0xFFFF,0xFFFF,0xFFFF,0xFFFF,
  0xFFFF,0xFFFF,0xFFFF,0xFFFF,0xFFFF,0xFFFF,0xFFFF,0xFFFF,0xFFFF,0xFFFF,0xFFFF,0xFFFF,0xFFFF,0xFFFF,0xFFFF,0xFFFF,
  0xFFFF,0xFFFF,0xFFFF,0xFFFF,0xFFFF,0xFFFF,0xFFFF,0xFFFF,0xFFFF,0xFFFF,0xFFFF,0xFFFF,0xFFFF,0xFFFF,0xFFFF,0xFFFF,
  0xFFFF,0xFFFF,0xFFFF,0xFFFF,0xFFFF,0xFFFF,0xFFFF,0xFFFF,0xFFFF,0xFFFF,0xFFFF,0xFFFF,0xFFFF,0xFFFF,0xFFFF,0xFFFF,
  0xFFFF,0xFFFF,0xFFFF,0xFFFF,0xFFFF,0xFFFF,0xFFFF,0xFFFF,0xFFFF,0xFFFF,0xFFFF,0xFFFF,0xFFFF,0xFFFF,0xFFFF,0xFFFF,
  0xFFFF,0xFFFF,0xFFFF,0xFFFF,0xFFFF,0xFFFF,0xFFFF,0xFFFF,0xFFFF,0xFFFF,0xFFFF,0xFFFF,0xFFFF,0xFFFF,0xFFFF,0xFFFF,
  0xFFFF,0xFFFF,0xFFFF,0xFFFF,0xFFFF,0xFFFF,0xFFFF,0xFFFF,0xFFFF,0xFFFF,0xFFFF,0xFFFF,0xFFFF,0xFFFF,0xFFFF,0xFFFF,
  0xFFFF,0xFFFF,0xFFFF,0xFFFF,0xFFFF,0xFFFF,0xFFFF,0xFFFF,0xFFFF,0xFFFF,0xFFFF,0xFFFF,0xFFFF,0xFFFF,0xFFFF,0xFFFF,
  0xFFFF,0xFFFF,0xFFFF,0xFFFF,0xFFFF,0xFFFF,0xFFFF,0xFFFF,0xFFFF,0xFFFF,0xFFFF,0xFFFF,0xFFFF,0xFFFF,0xFFFF,0xFFFF,
  0xFFFF,0xFFFF,0xFFFF,0xFFFF,0xFFFF,0xFFFF,0xFFFF,0xFFFF,0xFFFF,0xFFFF,0xFFFF,0xFFFF,0xFFFF,0xFFFF,0xFFFF,0xFFFF,
  0xFFFF,0xFFFF,0xFFFF,0xFFFF,0xFFFF,0xFFFF,0xFFFF,0xFFFF,0xFFFF,0xFFFF,0xFFFF,0xFFFF,0xFFFF,0xFFFF,0xFFFF,0xFFFF,
  0xFFFF,0xFFFF,0xFFFF,0xFFFF,0xFFFF,0xFFFF,0xFFFF,0xFFFF,0xFFFF,0xFFFF,0xFFFF,0xFFFF,0xFFFF,0xFFFF,0xFFFF,0xF7BE,
  0xFF3C,0xF71B,0xFEFB,0xF71B,0xFE99,0xF678,0xFE37,0xE5B5,0xED53,0xE533,0xF4B0,0xECB0,0xEC4E,0xDBEC,0xEB6A,0xDB4A,
  0xE2C7,0xD287,0xE1A3,0xD183,0xCA87,0xFC4E,0xEF3B,0xFFFF,0xFFFF,0xFFFF,0xFFFF,0xFFFF,0xFFFF,0xFFFF,0xFFFF,0xFFFF,
  0xFFFF,0xFFFF,0xFFFF,0xFFFF,0xFFFF,0xFFFF,0xFF3B,0xAC2F,0xA9E5,0xFCF1,0xFFFF,0xFFFF,0xFFFF,0xFFFF,0xFFFF,0xFFFF,
  0xFFFF,0xFFFF,0xFFFF,0xFFFF,0xFFFF,0xFFFF,0xFFFF,0xFFFF,0xFFFF,0xFFFF,0xFFFF,0xFFFF,0xFFFF,0xFFFF,0xFFFF,0xFFFF,
  0xFFFF,0xFFFF,0xFFFF,0xFFFF,0xFFFF,0xFFFF,0xFFFF,0xFFFF,0xFFFF,0xFFFF,0xFFFF,0xFFFF,0xFFFF,0xFFFF,0xFFFF,0xFFFF,
  0xFFFF,0xFFFF,0xFFFF,0xFFFF,0xFFFF,0xFFFF,0xFFFF,0xFFFF,0xFFFF,0xFFFF,0xFFFF,0xFFFF,0xFFFF,0xFFFF,0xFFFF,0xFFFF,
  0xFFFF,0xFFFF,0xFFFF,0xFFFF,0xFFFF,0xFFFF,0xFFFF,0xFFFF,0xFFFF,0xFFFF,0xFFFF,0xFFFF,0xFFFF,0xFFFF,0xFFFF,0xFFFF,
  0xFFFF,0xFFFF,0xFFFF,0xFFFF,0xFFFF,0xFFFF,0xFFFF,0xFFFF,0xFFFF,0xFFFF,0xFFFF,0xFFFF,0xFFFF,0xFFFF,0xFFFF,0xFFFF,
  0xFFFF,0xFFFF,0xFFFF,0xFFFF,0xFFFF,0xFFFF,0xFFFF,0xFFFF,0xFFFF,0xFFFF,0xFFFF,0xFFFF,0xFFFF,0xFFFF,0xFFFF,0xFFFF,
  0xFFFF,0xFFFF,0xFFFF,0xFFFF,0xFFFF,0xFFFF,0xFFFF,0xFFFF,0xFFFF,0xFFFF,0xFFFF,0xFFFF,0xFFFF,0xFFFF,0xFFFF,0xFFFF,
  0xFFFF,0xFFFF,0xFFFF,0xFFFF,0xFFFF,0xFFFF,0xFFFF,0xFFFF,0xFFFF,0xFFFF,0xFFFF,0xFFFF,0xFFFF,0xFFFF,0xFFFF,0xFFFF,
  0xFFFF,0xFFFF,0xFFFF,0xFFFF,0xFFFF,0xFFFF,0xFFFF,0xFFFF,0xFFFF,0xFFFF,0xFFFF,0xFFFF,0xFFFF,0xFFFF,0xFFFF,0xFFFF,
  0xFFFF,0xFFFF,0xFFFF,0xFFFF,0xFFFF,0xFFFF,0xFFFF,0xFFFF,0xFFFF,0xFFFF,0xFFFF,0xFFFF,0xFFFF,0xFFFF,0xFFFF,0xFFFF,
  0xFFFF,0xFFFF,0xFFFF,0xFFFF,0xFFFF,0xFFFF,0xFFFF,0xFFFF,0xFFFF,0xFFFF,0xFFFF,0xFFFF,0xFFFF,0xFFFF,0xFFFF,0xFFFF,
  0xFFFF,0xFFFF,0xFFFF,0xFFFF,0xFFFF,0xFFFF,0xFFFF,0xFFFF,0xFFFF,0xFFFF,0xFF7D,0xDE38,0xE40D,0xDB8B,0xE329,0xDAA7,
  0xDA05,0xD1A3,0xD1A4,0xD983,0xD183,0xD983,0xD1A3,0xD9A2,0xD1E5,0xDA25,0xDAA8,0xEAC9,0xDB2B,0xE34B,0xDBEE,0xE40E,
  0xDCB1,0xECD1,0xDD75,0xF616,0xEF7E,0xFFFF,0xFFFF,0xFFFF,0xFFFF,0xFFFF,0xFFFF,0xFFFF,0xFFFF,0xFFFF,0xFFFF,0xFFFF,
  0xFFFF,0xFFFF,0xFFFF,0xFFFF,0xF7FF,0xFFFF,0xFF5B,0xAC0E,0xA9C5,0xFC4E,0xFFFF,0xFFFF,0xFFFF,0xFFFF,0xFFFF,0xFFFF,
  0xFFFF,0xFFFF,0xFFFF,0xFFFF,0xFFFF,0xFFFF,0xFFFF,0xFFFF,0xFFFF,0xFFFF,0xFFFF,0xFFFF,0xFFFF,0xFFFF,0xFFFF,0xFFFF,
  0xFFFF,0xFFFF,0xFFFF,0xFFFF,0xFFFF,0xFFFF,0xFFFF,0xFFFF,0xFFFF,0xFFFF,0xFFFF,0xFFFF,0xFFFF,0xFFFF,0xFFFF,0xFFFF,
  0xFFFF,0xFFFF,0xFFFF,0xFFFF,0xFFFF,0xFFFF,0xFFFF,0xFFFF,0xFFFF,0xFFFF,0xFFFF,0xFFFF,0xFFFF,0xFFFF,0xFFFF,0xFFFF,
  0xFFFF,0xFFFF,0xFFFF,0xFFFF,0xFFFF,0xFFFF,0xFFFF,0xFFFF,0xFFFF,0xFFFF,0xFFFF,0xFFFF,0xFFFF,0xFFFF,0xFFFF,0xFFFF,
  0xFFFF,0xFFFF,0xFFFF,0xFFFF,0xFFFF,0xFFFF,0xFFFF,0xFFFF,0xFFFF,0xFFFF,0xFFFF,0xFFFF,0xFFFF,0xFFFF,0xFFFF,0xFFFF,
  0xFFFF,0xFFFF,0xFFFF,0xFFFF,0xFFFF,0xFFFF,0xFFFF,0xFFFF,0xFFFF,0xFFFF,0xFFFF,0xFFFF,0xFFFF,0xFFFF,0xFFFF,0xFFFF,
  0xFFFF,0xFFFF,0xFFFF,0xFFFF,0xFFFF,0xFFFF,0xFFFF,0xFFFF,0xFFFF,0xFFFF,0xFFFF,0xFFFF,0xFFFF,0xFFFF,0xFFFF,0xFFFF,
  0xFFFF,0xFFFF,0xFFFF,0xFFFF,0xFFFF,0xFFFF,0xFFFF,0xFFFF,0xFFFF,0xFFFF,0xFFFF,0xFFFF,0xFFFF,0xFFFF,0xFFFF,0xFFFF,
  0xFFFF,0xFFFF,0xFFFF,0xFFFF,0xFFFF,0xFFFF,0xFFFF,0xFFFF,0xFFFF,0xFFFF,0xFFFF,0xFFFF,0xFFFF,0xFFFF,0xFFFF,0xFFFF,
  0xFFFF,0xFFFF,0xFFFF,0xFFFF,0xFFFF,0xFFFF,0xFFFF,0xFFFF,0xFFFF,0xFFFF,0xFFFF,0xFFFF,0xFFFF,0xFFFF,0xFFFF,0xFFFF,
  0xFFFF,0xFFFF,0xFFFF,0xFFFF,0xFFFF,0xFFFF,0xFFFF,0xFFFF,0xFFFF,0xFFFF,0xFFFF,0xFFFF,0xFFFF,0xFFFF,0xFFFF,0xFFFF,
  0xFFFF,0xFFFF,0xFFFF,0xFFFF,0xFFFF,0xFFFF,0xFFFF,0xFFFF,0xFFFF,0xFFFF,0xFC6F,0xA9E5,0xE161,0xE182,0xD961,0xD982,
  0xD2C8,0xEBEC,0xE470,0xECD2,0xED74,0xF5F6,0xF658,0xFEDA,0xF73B,0xFFBD,0xFFDE,0xFFFF,0xFFFF,0xFFFF,0xFFFF,0xFFFF,
  0xFFFF,0xFFFF,0xFFFF,0xFFFF,0xFFFF,0xFFFF,0xFFFF,0xFFFF,0xFFFF,0xFFFF,0xFFFF,0xFFFF,0xFFFF,0xFFFF,0xFFFF,0xFFFF,
  0xFFFF,0xFFFF,0xFFFF,0xFFFF,0xFFFF,0xFFFF,0xFF5B,0xAC2F,0xB9A3,0xFBEC,0xFFFF,0xFFFF,0xFFFF,0xFFFF,0xFFFF,0xFFFF,
  0xFFFF,0xFFFF,0xFFFF,0xFFFF,0xFFFF,0xFFFF,0xFFFF,0xFFFF,0xFFFF,0xFFFF,0xFFFF,0xFFFF,0xFFFF,0xFFFF,0xFFFF,0xFFFF,
  0xFFFF,0xFFFF,0xFFFF,0xFFFF,0xFFFF,0xFFFF,0xFFFF,0xFFFF,0xFFFF,0xFFFF,0xFFFF,0xFFFF,0xFFFF,0xFFFF,0xFFFF,0xFFFF,
  0xFFFF,0xFFFF,0xFFFF,0xFFFF,0xFFFF,0xFFFF,0xFFFF,0xFFFF,0xFFFF,0xFFFF,0xFFFF,0xFFFF,0xFFFF,0xFFFF,0xFFFF,0xFFFF,
  0xFFFF,0xFFFF,0xFFFF,0xFFFF,0xFFFF,0xFFFF,0xFFFF,0xFFFF,0xFFFF,0xFFFF,0xFFFF,0xFFFF,0xFFFF,0xFFFF,0xFFFF,0xFFFF,
  0xFFFF,0xFFFF,0xFFFF,0xFFFF,0xFFFF,0xFFFF,0xFFFF,0xFFFF,0xFFFF,0xFFFF,0xFFFF,0xFFFF,0xFFFF,0xFFFF,0xFFFF,0xFFFF,
  0xFFFF,0xFFFF,0xFFFF,0xFFFF,0xFFFF,0xFFFF,0xFFFF,0xFFFF,0xFFFF,0xFFFF,0xFFFF,0xFFFF,0xFFFF,0xFFFF,0xFFFF,0xFFFF,
  0xFFFF,0xFFFF,0xFFFF,0xFFFF,0xFFFF,0xFFFF,0xFFFF,0xFFFF,0xFFFF,0xFFFF,0xFFFF,0xFFFF,0xFFFF,0xFFFF,0xFFFF,0xFFFF,
  0xFFFF,0xFFFF,0xFFFF,0xFFFF,0xFFFF,0xFFFF,0xFFFF,0xFFFF,0xFFFF,0xFFFF,0xFFFF,0xFFFF,0xFFFF,0xFFFF,0xFFFF,0xFFFF,
  0xFFFF,0xFFFF,0xFFFF,0xFFFF,0xFFFF,0xFFFF,0xFFFF,0xFFFF,0xFFFF,0xFFFF,0xFFFF,0xFFFF,0xFFFF,0xFFFF,0xFFFF,0xFFFF,
  0xFFFF,0xFFFF,0xFFFF,0xFFFF,0xFFFF,0xFFFF,0xFFFF,0xFFFF,0xFFFF,0xFFFF,0xFFFF,0xFFFF,0xFFFF,0xFFFF,0xFFFF,0xFFFF,
  0xFFFF,0xFFFF,0xFFFF,0xFFFF,0xFFFF,0xFFFF,0xFFFF,0xFFFF,0xFFFF,0xFFFF,0xFFFF,0xFFFF,0xFFFF,0xFFFF,0xFFFF,0xFFFF,
  0xFFFF,0xFFFF,0xFFFF,0xFFFF,0xFFFF,0xFFFF,0xFFFF,0xFFFF,0xFFFF,0xFFFF,0xFF1B,0xC4F2,0xD1E4,0xD9E4,0xC3CD,0xFD94,
  0xF7BF,0xFFFF,0xFFFF,0xFFFF,0xFFFF,0xFFFF,0xFFFF,0xFFFF,0xFFFF,0xFFFF,0xFFFF,0xFFFF,0xFFFF,0xFFFF,0xFFFF,0xFFFF,
  0xFFFF,0xFFFF,0xFFFF,0xFFFF,0xFFFF,0xFFFF,0xFFFF,0xFFFF,0xFFFF,0xFFFF,0xFFFF,0xFFFF,0xFFFF,0xFFFF,0xFFFF,0xFFFF,
  0xFFFF,0xFFFF,0xFFFF,0xFFFF,0xF7FF,0xFFFF,0xFF5C,0xAC2F,0xC1A4,0xFB4A,0xFFFF,0xFFFF,0xFFFF,0xFFFF,0xFFFF,0xFFFF,
  0xFFFF,0xFFFF,0xFFFF,0xFFFF,0xFFFF,0xFFFF,0xFFFF,0xFFFF,0xFFFF,0xFFFF,0xFFFF,0xFFFF,0xFFFF,0xFFFF,0xFFFF,0xFFFF,
  0xFFFF,0xFFFF,0xFFFF,0xFFFF,0xFFFF,0xFFFF,0xFFFF,0xFFFF,0xFFFF,0xFFFF,0xFFFF,0xFFFF,0xFFFF,0xFFFF,0xFFFF,0xFFFF,
  0xFFFF,0xFFFF,0xFFFF,0xFFFF,0xFFFF,0xFFFF,0xFFFF,0xFFFF,0xFFFF,0xFFFF,0xFFFF,0xFFFF,0xFFFF,0xFFFF,0xFFFF,0xFFFF,
  0xFFFF,0xFFFF,0xFFFF,0xFFFF,0xFFFF,0xFFFF,0xFFFF,0xFFFF,0xFFFF,0xFFFF,0xFFFF,0xFFFF,0xFFFF,0xFFFF,0xFFFF,0xFFFF,
  0xFFFF,0xFFFF,0xFFFF,0xFFFF,0xFFFF,0xFFFF,0xFFFF,0xFFFF,0xFFFF,0xFFFF,0xFFFF,0xFFFF,0xFFFF,0xFFFF,0xFFFF,0xFFFF,
  0xFFFF,0xFFFF,0xFFFF,0xFFFF,0xFFFF,0xFFFF,0xFFFF,0xFFFF,0xFFFF,0xFFFF,0xFFFF,0xFFFF,0xFFFF,0xFFFF,0xFFFF,0xFFFF,
  0xFFFF,0xFFFF,0xFFFF,0xFFFF,0xFFFF,0xFFFF,0xFFFF,0xFFFF,0xFFFF,0xFFFF,0xFFFF,0xFFFF,0xFFFF,0xFFFF,0xFFFF,0xFFFF,
  0xFFFF,0xFFFF,0xFFFF,0xFFFF,0xFFFF,0xFFFF,0xFFFF,0xFFFF,0xFFFF,0xFFFF,0xFFFF,0xFFFF,0xFFFF,0xFFFF,0xFFFF,0xFFFF,
  0xFFFF,0xFFFF,0xFFFF,0xFFFF,0xFFFF,0xFFFF,0xFFFF,0xFFFF,0xFFFF,0xFFFF,0xFFFF,0xFFFF,0xFFFF,0xFFFF,0xFFFF,0xFFFF,
  0xFFFF,0xFFFF,0xFFFF,0xFFFF,0xFFFF,0xFFFF,0xFFFF,0xFFFF,0xFFFF,0xFFFF,0xFFFF,0xFFFF,0xFFFF,0xFFFF,0xFFFF,0xFFFF,
  0xFFFF,0xFFFF,0xFFFF,0xFFFF,0xFFFF,0xFFFF,0xFFFF,0xFFFF,0xFFFF,0xFFFF,0xFFFF,0xFFFF,0xFFFF,0xFFFF,0xFFFF,0xFFFF,
  0xFFFF,0xFFFF,0xFFFF,0xFFFF,0xFFFF,0xFFFF,0xFFFF,0xFFFF,0xFFFF,0xFFFF,0xFFFF,0xFFFF,0xF6D9,0xF71A,0xFFFF,0xFFFF,
  0xFFFF,0xFFFF,0xFFFF,0xFFFF,0xFFFF,0xFFFF,0xFFFF,0xFFFF,0xFFFF,0xFFFF,0xFFFF,0xFFFF,0xFFFF,0xFFFF,0xFFFF,0xFFFF,
  0xFFFF,0xFFFF,0xFFFF,0xFFFF,0xFFFF,0xFFFF,0xFFFF,0xFFFF,0xFFFF,0xFFFF,0xFFFF,0xFFFF,0xFFFF,0xFFFF,0xFFFF,0xFFFF,
  0xFFFF,0xFFFF,0xFFFF,0xFFFF,0xFFFF,0xFFFF,0xFF5B,0xAC4F,0xC9A2,0xEB08,0xFFDF,0xFFFF,0xFFFF,0xFFFF,0xFFFF,0xFFFF,
  0xFFFF,0xFFFF,0xFFFF,0xFFFF,0xFFFF,0xFFFF,0xFFFF,0xFFFF,0xFFFF,0xFFFF,0xFFFF,0xFFFF,0xFFFF,0xFFFF,0xFFFF,0xFFFF,
  0xFFFF,0xFFFF,0xFFFF,0xFFFF,0xFFFF,0xFFFF,0xFFFF,0xFFFF,0xFFFF,0xFFFF,0xFFFF,0xFFFF,0xFFFF,0xFFFF,0xFFFF,0xFFFF,
  0xFFFF,0xFFFF,0xFFFF,0xFFFF,0xFFFF,0xFFFF,0xFFFF,0xFFFF,0xFFFF,0xFFFF,0xFFFF,0xFFFF,0xFFFF,0xFFFF,0xFFFF,0xFFFF,
  0xFFFF,0xFFFF,0xFFFF,0xFFFF,0xFFFF,0xFFFF,0xFFFF,0xFFFF,0xFFFF,0xFFFF,0xFFFF,0xFFFF,0xFFFF,0xFFFF,0xFFFF,0xFFFF,
  0xFFFF,0xFFFF,0xFFFF,0xFFFF,0xFFFF,0xFFFF,0xFFFF,0xFFFF,0xFFFF,0xFFFF,0xFFFF,0xFFFF,0xFFFF,0xFFFF,0xFFFF,0xFFFF,
  0xFFFF,0xFFFF,0xFFFF,0xFFFF,0xFFFF,0xFFFF,0xFFFF,0xFFFF,0xFFFF,0xFFFF,0xFFFF,0xFFFF,0xFFFF,0xFFFF,0xFFFF,0xFFFF,
  0xFFFF,0xFFFF,0xFFFF,0xFFFF,0xFFFF,0xFFFF,0xFFFF,0xFFFF,0xFFFF,0xFFFF,0xFFFF,0xFFFF,0xFFFF,0xFFFF,0xFFFF,0xFFFF,
  0xFFFF,0xFFFF,0xFFFF,0xFFFF,0xFFFF,0xFFFF,0xFFFF,0xFFFF,0xFFFF,0xFFFF,0xFFFF,0xFFFF,0xFFFF,0xFFFF,0xFFFF,0xFFFF,
  0xFFFF,0xFFFF,0xFFFF,0xFFFF,0xFFFF,0xFFFF,0xFFFF,0xFFFF,0xFFFF,0xFFFF,0xFFFF,0xFFFF,0xFFFF,0xFFFF,0xFFFF,0xFFFF,
  0xFFFF,0xFFFF,0xFFFF,0xFFFF,0xFFFF,0xFFFF,0xFFFF,0xFFFF,0xFFFF,0xFFFF,0xFFFF,0xFFFF,0xFFFF,0xFFFF,0xFFFF,0xFFFF,
  0xFFFF,0xFFFF,0xFFFF,0xFFFF,0xFFFF,0xFFFF,0xFFFF,0xFFFF,0xFFFF,0xFFFF,0xFFFF,0xFFFF,0xFFFF,0xFFFF,0xFFFF,0xFFFF,
  0xFFFF,0xFFFF,0xFFFF,0xFFFF,0xFFFF,0xFFFF,0xFFFF,0xFFFF,0xFFFF,0xFFFF,0xFFFF,0xFFFF,0xFFFF,0xFFFF,0xFFFF,0xFFFF,
  0xFFFF,0xFFFF,0xFFFF,0xFFFF,0xFFFF,0xFFFF,0xFFFF,0xFFFF,0xFFFF,0xFFFF,0xFFFF,0xFFFF,0xFFFF,0xFFFF,0xFFFF,0xFFFF,
  0xFFFF,0xFFFF,0xFFFF,0xFFFF,0xFFFF,0xFFFF,0xFFFF,0xFFFF,0xFFFF,0xFFFF,0xFFFF,0xFFFF,0xFFFF,0xFFFF,0xFFFF,0xFFFF,
  0xFFFF,0xFFFF,0xFFFF,0xFFFF,0xF7FF,0xFFFF,0xFF5C,0xAC2F,0xC9A3,0xEA86,0xF7BE,0xFFFF,0xFFFF,0xFFFF,0xFFFF,0xFFFF,
  0xFFFF,0xFFFF,0xFFFF,0xFFFF,0xFFFF,0xFFFF,0xFFFF,0xFFFF,0xFFFF,0xFFFF,0xFFFF,0xFFFF,0xFFFF,0xFFFF,0xFFFF,0xFFFF,
  0xFFFF,0xFFFF,0xFFFF,0xFFFF,0xFFFF,0xFFFF,0xFFFF,0xFFFF,0xFFFF,0xFFFF,0xFFFF,0xFFFF,0xFFFF,0xFFFF,0xFFFF,0xFFFF,
  0xFFFF,0xFFFF,0xFFFF,0xFFFF,0xFFFF,0xFFFF,0xFFFF,0xFFFF,0xFFFF,0xFFFF,0xFFFF,0xFFFF,0xFFFF,0xFFFF,0xFFFF,0xFFFF,
  0xFFFF,0xFFFF,0xFFFF,0xFFFF,0xFFFF,0xFFFF,0xFFFF,0xFFFF,0xFFFF,0xFFFF,0xFFFF,0xFFFF,0xFFFF,0xFFFF,0xFFFF,0xFFFF,
  0xFFFF,0xFFFF,0xFFFF,0xFFFF,0xFFFF,0xFFFF,0xFFFF,0xFFFF,0xFFFF,0xFFFF,0xFFFF,0xFFFF,0xFFFF,0xFFFF,0xFFFF,0xFFFF,
  0xFFFF,0xFFFF,0xFFFF,0xFFFF,0xFFFF,0xFFFF,0xFFFF,0xFFFF,0xFFFF,0xFFFF,0xFFFF,0xFFFF,0xFFFF,0xFFFF,0xFFFF,0xFFFF,
  0xFFFF,0xFFFF,0xFFFF,0xFFFF,0xFFFF,0xFFFF,0xFFFF,0xFFFF,0xFFFF,0xFFFF,0xFFFF,0xFFFF,0xFFFF,0xFFFF,0xFFFF,0xFFFF,
  0xFFFF,0xFFFF,0xFFFF,0xFFFF,0xFFFF,0xFFFF,0xFFFF,0xFFFF,0xFFFF,0xFFFF,0xFFFF,0xFFFF,0xFFFF,0xFFFF,0xFFFF,0xFFFF,
  0xFFFF,0xFFFF,0xFFFF,0xFFFF,0xFFFF,0xFFFF,0xFFFF,0xFFFF,0xFFFF,0xFFFF,0xFFFF,0xFFFF,0xFFFF,0xFFFF,0xFFFF,0xFFFF,
  0xFFFF,0xFFFF,0xFFFF,0xFFFF,0xFFFF,0xFFFF,0xFFFF,0xFFFF,0xFFFF,0xFFFF,0xFFFF,0xFFFF,0xFFFF,0xFFFF,0xFFFF,0xFFFF,
  0xFFFF,0xFFFF,0xFFFF,0xFFFF,0xFFFF,0xFFFF,0xFFFF,0xFFFF,0xFFFF,0xFFFF,0xFFFF,0xFFFF,0xFFFF,0xFFFF,0xFFFF,0xFFFF,
  0xFFFF,0xFFFF,0xFFFF,0xFFFF,0xFFFF,0xFFFF,0xFFFF,0xFFFF,0xFFFF,0xFFFF,0xFFFF,0xFFFF,0xFFFF,0xFFFF,0xFFFF,0xFFFF,
  0xFFFF,0xFFFF,0xFFFF,0xFFFF,0xFFFF,0xFFFF,0xFFFF,0xFFFF,0xFFFF,0xFFFF,0xFFFF,0xFFFF,0xFFFF,0xFFFF,0xFFFF,0xFFFF,
  0xFFFF,0xFFFF,0xFFFF,0xFFFF,0xFFFF,0xFFFF,0xFFFF,0xFFFF,0xFFFF,0xFFFF,0xFFFF,0xFFFF,0xFFFF,0xFFFF,0xFFFF,0xFFFF,
  0xFFFF,0xFFFF,0xFFFF,0xFFFF,0xFFFF,0xFFFF,0xFF9C,0xAC70,0xD182,0xE225,0xF73C,0xFFFF,0xFFFF,0xFFFF,0xFFFF,0xFFFF,
  0xFFFF,0xFFFF,0xFFFF,0xFFFF,0xFFFF,0xFFFF,0xFFFF,0xFFFF,0xFFFF,0xFFFF,0xFFFF,0xFFFF,0xFFFF,0xFFFF,0xFFFF,0xFFFF,
  0xFFFF,0xFFFF,0xFFFF,0xFFFF,0xFFFF,0xFFFF,0xFFFF,0xFFFF,0xFFFF,0xFFFF,0xFFFF,0xFFFF,0xFFFF,0xFFFF,0xFFFF,0xFFFF,
  0xFFFF,0xFFFF,0xFFFF,0xFFFF,0xFFFF,0xFFFF,0xFFFF,0xFFFF,0xFFFF,0xFFFF,0xFFFF,0xFFFF,0xFFFF,0xFFFF,0xFFFF,0xFFFF,
  0xFFFF,0xFFFF,0xFFFF,0xFFFF,0xFFFF,0xFFFF,0xFFFF,0xFFFF,0xFFFF,0xFFFF,0xFFFF,0xFFFF,0xFFFF,0xFFFF,0xFFFF,0xFFFF,
  0xFFFF,0xFFFF,0xFFFF,0xFFFF,0xFFFF,0xFFFF,0xFFFF,0xFFFF,0xFFFF,0xFFFF,0xFFFF,0xFFFF,0xFFFF,0xFFFF,0xFFFF,0xFFFF,
  0xFFFF,0xFFFF,0xFFFF,0xFFFF,0xFFFF,0xFFFF,0xFFFF,0xFFFF,0xFFFF,0xFFFF,0xFFFF,0xFFFF,0xFFFF,0xFFFF,0xFFFF,0xFFFF,
  0xFFFF,0xFFFF,0xFFFF,0xFFFF,0xFFFF,0xFFFF,0xFFFF,0xFFFF,0xFFFF,0xFFFF,0xFFFF,0xFFFF,0xFFFF,0xFFFF,0xFFFF,0xFFFF,
  0xFFFF,0xFFFF,0xFFFF,0xFFFF,0xFFFF,0xFFFF,0xFFFF,0xFFFF,0xFFFF,0xFFFF,0xFFFF,0xFFFF,0xFFFF,0xFFFF,0xFFFF,0xFFFF,
  0xFFFF,0xFFFF,0xFFFF,0xFFFF,0xFFFF,0xFFFF,0xFFFF,0xFFFF,0xFFFF,0xFFFF,0xFFFF,0xFFFF,0xFFFF,0xFFFF,0xFFFF,0xFFFF,
  0xFFFF,0xFFFF,0xFFFF,0xFFFF,0xFFFF,0xFFFF,0xFFFF,0xFFFF,0xFFFF,0xFFFF,0xFFFF,0xFFFF,0xFFFF,0xFFFF,0xFFFF,0xFFFF,
  0xFFFF,0xFFFF,0xFFFF,0xFFFF,0xFFFF,0xFFFF,0xFFFF,0xFFFF,0xFFFF,0xFFFF,0xFFFF,0xFFFF,0xFFFF,0xFFFF,0xFFFF,0xFFFF,
  0xFFFF,0xFFFF,0xFFFF,0xFFFF,0xFFFF,0xFFFF,0xFFFF,0xFFFF,0xFFFF,0xFFFF,0xFFFF,0xFFFF,0xFFFF,0xFFFF,0xFFFF,0xFFFF,
  0xFFFF,0xFFFF,0xFFFF,0xFFFF,0xFFFF,0xFFFF,0xFFFF,0xFFFF,0xFFFF,0xFFFF,0xFFFF,0xFFFF,0xFFFF,0xFFFF,0xFFFF,0xFFFF,
  0xFFFF,0xFFFF,0xFFFF,0xFFFF,0xFFFF,0xFFFF,0xFFFF,0xFFFF,0xFFFF,0xFFFF,0xFFFF,0xFFFF,0xFFFF,0xFFFF,0xFFFF,0xFFDF,
  0xFFBE,0xF75C,0xF71B,0xF6DA,0xEE58,0xE5F6,0xFD33,0xC30A,0xD1A4,0xE1E4,0xE71B,0xFFDE,0xFFFF,0xFFFF,0xFFFF,0xFFFF,
  0xFFFF,0xFFFF,0xFFFF,0xFFFF,0xFFFF,0xFFFF,0xFFFF,0xFFFF,0xFFFF,0xFFFF,0xFFFF,0xFFFF,0xFFFF,0xFFFF,0xFFFF,0xFFFF,
  0xFFFF,0xFFFF,0xFFFF,0xFFFF,0xFFFF,0xFFFF,0xFFFF,0xFFFF,0xFFFF,0xFFFF,0xFFFF,0xFFFF,0xFFFF,0xFFFF,0xFFFF,0xFFFF,
  0xFFFF,0xFFFF,0xFFFF,0xFFFF,0xFFFF,0xFFFF,0xFFFF,0xFFFF,0xFFFF,0xFFFF,0xFFFF,0xFFFF,0xFFFF,0xFFFF,0xFFFF,0xFFFF,
  0xFFFF,0xFFFF,0xFFFF,0xFFFF,0xFFFF,0xFFFF,0xFFFF,0xFFFF,0xFFFF,0xFFFF,0xFFFF,0xFFFF,0xFFFF,0xFFFF,0xFFFF,0xFFFF,
  0xFFFF,0xFFFF,0xFFFF,0xFFFF,0xFFFF,0xFFFF,0xFFFF,0xFFFF,0xFFFF,0xFFFF,0xFFFF,0xFFFF,0xFFFF,0xFFFF,0xFFFF,0xFFFF,
  0xFFFF,0xFFFF,0xFFFF,0xFFFF,0xFFFF,0xFFFF,0xFFFF,0xFFFF,0xFFFF,0xFFFF,0xFFFF,0xFFFF,0xFFFF,0xFFFF,0xFFFF,0xFFFF,
  0xFFFF,0xFFFF,0xFFFF,0xFFFF,0xFFFF,0xFFFF,0xFFFF,0xFFFF,0xFFFF,0xFFFF,0xFFFF,0xFFFF,0xFFFF,0xFFFF,0xFFFF,0xFFFF,
  0xFFFF,0xFFFF,0xFFFF,0xFFFF,0xFFFF,0xFFFF,0xFFFF,0xFFFF,0xFFFF,0xFFFF,0xFFFF,0xFFFF,0xFFFF,0xFFFF,0xFFFF,0xFFFF,
  0xFFFF,0xFFFF,0xFFFF,0xFFFF,0xFFFF,0xFFFF,0xFFFF,0xFFFF,0xFFFF,0xFFFF,0xFFFF,0xFFFF,0xFFFF,0xFFFF,0xFFFF,0xFFFF,
  0xFFFF,0xFFFF,0xFFFF,0xFFFF,0xFFFF,0xFFFF,0xFFFF,0xFFFF,0xFFFF,0xFFFF,0xFFFF,0xFFFF,0xFFFF,0xFFFF,0xFFFF,0xFFFF,
  0xFFFF,0xFFFF,0xFFFF,0xFFFF,0xFFFF,0xFFFF,0xFFFF,0xFFFF,0xFFFF,0xFFFF,0xFFFF,0xFFFF,0xFFFF,0xFFFF,0xFFFF,0xFFFF,
  0xFFFF,0xFFFF,0xFFFF,0xFFFF,0xFFFF,0xFFFF,0xFFFF,0xFFFF,0xFFFF,0xFFFF,0xFFFF,0xFFFF,0xFFFF,0xFFFF,0xFFFF,0xFFFF,
  0xFFFF,0xFFFF,0xFFFF,0xFFFF,0xFFFF,0xFFFF,0xFFFF,0xFFFF,0xFFFF,0xFFFF,0xFFFF,0xFFFF,0xFFFF,0xFFFF,0xFFFF,0xFFFF,
  0xFFFF,0xFFFF,0xFFBD,0xF77D,0xFF3B,0xEEDB,0xF658,0xEE37,0xF5D5,0xE574,0xECF1,0xDC90,0xEC0D,0xDBAC,0xE329,0xD309,
  0xE2A7,0xD266,0xE204,0xD9E4,0xE1A3,0xD9A3,0xD962,0xD9A3,0xD9C3,0xD9E4,0xEEDA,0xFFDE,0xFFFF,0xFFFF,0xFFFF,0xFFFF,
  0xFFFF,0xFFFF,0xFFFF,0xFFFF,0xFFFF,0xFFFF,0xFFFF,0xFFFF,0xFFFF,0xFFFF,0xFFFF,0xFFFF,0xFFFF,0xFFFF,0xFFFF,0xFFFF,
  0xFFFF,0xFFFF,0xFFFF,0xFFFF,0xFFFF,0xFFFF,0xFFFF,0xFFFF,0xFFFF,0xFFFF,0xFFFF,0xFFFF,0xFFFF,0xFFFF,0xFFFF,0xFFFF,
  0xFFFF,0xFFFF,0xFFFF,0xFFFF,0xFFFF,0xFFFF,0xFFFF,0xFFFF,0xFFFF,0xFFFF,0xFFFF,0xFFFF,0xFFFF,0xFFFF,0xFFFF,0xFFFF,
  0xFFFF,0xFFFF,0xFFFF,0xFFFF,0xFFFF,0xFFFF,0xFFFF,0xFFFF,0xFFFF,0xFFFF,0xFFFF,0xFFFF,0xFFFF,0xFFFF,0xFFFF,0xFFFF,
  0xFFFF,0xFFFF,0xFFFF,0xFFFF,0xFFFF,0xFFFF,0xFFFF,0xFFFF,0xFFFF,0xFFFF,0xFFFF,0xFFFF,0xFFFF,0xFFFF,0xFFFF,0xFFFF,
  0xFFFF,0xFFFF,0xFFFF,0xFFFF,0xFFFF,0xFFFF,0xFFFF,0xFFFF,0xFFFF,0xFFFF,0xFFFF,0xFFFF,0xFFFF,0xFFFF,0xFFFF,0xFFFF,
  0xFFFF,0xFFFF,0xFFFF,0xFFFF,0xFFFF,0xFFFF,0xFFFF,0xFFFF,0xFFFF,0xFFFF,0xFFFF,0xFFFF,0xFFFF,0xFFFF,0xFFFF,0xFFFF,
  0xFFFF,0xFFFF,0xFFFF,0xFFFF,0xFFFF,0xFFFF,0xFFFF,0xFFFF,0xFFFF,0xFFFF,0xFFFF,0xFFFF,0xFFFF,0xFFFF,0xFFFF,0xFFFF,
  0xFFFF,0xFFFF,0xFFFF,0xFFFF,0xFFFF,0xFFFF,0xFFFF,0xFFFF,0xFFFF,0xFFFF,0xFFFF,0xFFFF,0xFFFF,0xFFFF,0xFFFF,0xFFFF,
  0xFFFF,0xFFFF,0xFFFF,0xFFFF,0xFFFF,0xFFFF,0xFFFF,0xFFFF,0xFFFF,0xFFFF,0xFFFF,0xFFFF,0xFFFF,0xFFFF,0xFFFF,0xFFFF,
  0xFFFF,0xFFFF,0xFFFF,0xFFFF,0xFFFF,0xFFFF,0xFFFF,0xFFFF,0xFFFF,0xFFFF,0xFFFF,0xFFFF,0xFFFF,0xFFFF,0xFFFF,0xFFFF,
  0xFFFF,0xFFFF,0xFFFF,0xFFFF,0xFFFF,0xFFFF,0xFFFF,0xFFFF,0xFFFF,0xFFDF,0xFFFF,0xFFFF,0xFFDF,0xFF9D,0xF79D,0xFF7D,
  0xF77D,0xF75C,0xF73C,0xF71B,0xF6FB,0xF699,0xF679,0xF658,0xEDB5,0xED94,0xED33,0xECF2,0xEC90,0xE42E,0xE3EE,0xDB6C,
  0xDB4B,0xDAE9,0xDA88,0xDA46,0xDA46,0xD9E4,0xD9A4,0xD983,0xD9A3,0xD983,0xD983,0xE162,0xD983,0xE162,0xD9A3,0xE183,
  0xD9A3,0xE183,0xD9C4,0xE1A3,0xD9C4,0xE1A3,0xD9C4,0xE1A3,0xD9C4,0xD9A3,0xDEBA,0xFFBE,0xFFFF,0xFFFF,0xFFFF,0xFFFF,
  0xFFFF,0xFFFF,0xFFFF,0xFFFF,0xFFFF,0xFFFF,0xFFFF,0xFFFF,0xFFFF,0xFFFF,0xFFFF,0xFFFF,0xFFFF,0xFFFF,0xFFFF,0xFFFF,
  0xFFFF,0xFFFF,0xFFFF,0xFFFF,0xFFFF,0xFFFF,0xFFFF,0xFFFF,0xFFFF,0xFFFF,0xFFFF,0xFFFF,0xFFFF,0xFFFF,0xFFFF,0xFFFF,
  0xFFFF,0xFFFF,0xFFFF,0xFFFF,0xFFFF,0xFFFF,0xFFFF,0xFFFF,0xFFFF,0xFFFF,0xFFFF,0xFFFF,0xFFFF,0xFFFF,0xFFFF,0xFFFF,
  0xFFFF,0xFFFF,0xFFFF,0xFFFF,0xFFFF,0xFFFF,0xFFFF,0xFFFF,0xFFFF,0xFFFF,0xFFFF,0xFFFF,0xFFFF,0xFFFF,0xFFFF,0xFFFF,
  0xFFFF,0xFFFF,0xFFFF,0xFFFF,0xFFFF,0xFFFF,0xFFFF,0xFFFF,0xFFFF,0xFFFF,0xFFFF,0xFFFF,0xFFFF,0xFFFF,0xFFFF,0xFFFF,
  0xFFFF,0xFFFF,0xFFFF,0xFFFF,0xFFFF,0xFFFF,0xFFFF,0xFFFF,0xFFFF,0xFFFF,0xFFFF,0xFFFF,0xFFFF,0xFFFF,0xFFFF,0xFFFF,
  0xFFFF,0xFFFF,0xFFFF,0xFFFF,0xFFFF,0xFFFF,0xFFFF,0xFFFF,0xFFFF,0xFFFF,0xFFFF,0xFFFF,0xFFFF,0xFFFF,0xFFFF,0xFFFF,
  0xFFFF,0xFFFF,0xFFFF,0xFFFF,0xFFFF,0xFFFF,0xFFFF,0xFFFF,0xFFFF,0xFFFF,0xFFFF,0xFFFF,0xFFFF,0xFFFF,0xFFFF,0xFFFF,
  0xFFFF,0xFFFF,0xFFFF,0xFFFF,0xFFFF,0xFFFF,0xFFFF,0xFFFF,0xFFFF,0xFFFF,0xFFFF,0xFFFF,0xFFFF,0xFFFF,0xFFFF,0xFFFF,
  0xFFFF,0xFFFF,0xFFFF,0xFFFF,0xFFFF,0xFFFF,0xFFFF,0xFFFF,0xFFFF,0xFFFF,0xFFFF,0xFFFF,0xFFFF,0xFFFF,0xFFFF,0xFFFF,
  0xFFFF,0xFFFF,0xFFFF,0xFFFF,0xFFFF,0xFFFF,0xFFFF,0xFFFF,0xFFFF,0xFFFF,0xFFFF,0xFFFF,0xFFFF,0xFFFF,0xFFFF,0xFFFF,
  0xFFFF,0xFFFF,0xFFFF,0xFFFF,0xFFFF,0xFFFF,0xFFFF,0xFFFF,0xFFFF,0xFFFF,0xFE57,0xCCB1,0xEAE9,0xDA88,0xE266,0xDA87,
  0xE266,0xDA46,0xDA05,0xD206,0xE1E4,0xD9C4,0xD9A3,0xD9C3,0xD982,0xD9A2,0xD962,0xD982,0xD962,0xD982,0xE182,0xD9A2,
  0xE182,0xD9A3,0xE1A3,0xD9C3,0xE1A3,0xD9C4,0xE1C3,0xD9C4,0xE1C3,0xD9C4,0xE1C3,0xD9C4,0xE1C3,0xD9C4,0xE1C3,0xD9C4,
  0xE1C3,0xD9C4,0xE1C3,0xD9C4,0xE1C3,0xD9C4,0xE1C3,0xD9C3,0xE1A3,0xD9A3,0xDE58,0xFFDE,0xFFFF,0xFFFF,0xFFFF,0xFFFF,
  0xFFFF,0xFFFF,0xFFFF,0xFFFF,0xFFFF,0xFFFF,0xFFFF,0xFFFF,0xFFFF,0xFFFF,0xFFFF,0xFFFF,0xFFFF,0xFFFF,0xFFFF,0xFFFF,
  0xFFFF,0xFFFF,0xFFFF,0xFFFF,0xFFFF,0xFFFF,0xFFFF,0xFFFF,0xFFFF,0xFFFF,0xFFFF,0xFFFF,0xFFFF,0xFFFF,0xFFFF,0xFFFF,
  0xFFFF,0xFFFF,0xFFFF,0xFFFF,0xFFFF,0xFFFF,0xFFFF,0xFFFF,0xFFFF,0xFFFF,0xFFFF,0xFFFF,0xFFFF,0xFFFF,0xFFFF,0xFFFF,
  0xFFFF,0xFFFF,0xFFFF,0xFFFF,0xFFFF,0xFFFF,0xFFFF,0xFFFF,0xFFFF,0xFFFF,0xFFFF,0xFFFF,0xFFFF,0xFFFF,0xFFFF,0xFFFF,
  0xFFFF,0xFFFF,0xFFFF,0xFFFF,0xFFFF,0xFFFF,0xFFFF,0xFFFF,0xFFFF,0xFFFF,0xFFFF,0xFFFF,0xFFFF,0xFFFF,0xFFFF,0xFFFF,
  0xFFFF,0xFFFF,0xFFFF,0xFFFF,0xFFFF,0xFFFF,0xFFFF,0xFFFF,0xFFFF,0xFFFF,0xFFFF,0xFFFF,0xFFFF,0xFFFF,0xFFFF,0xFFFF,
  0xFFFF,0xFFFF,0xFFFF,0xFFFF,0xFFFF,0xFFFF,0xFFFF,0xFFFF,0xFFFF,0xFFFF,0xFFFF,0xFFFF,0xFFFF,0xFFFF,0xFFFF,0xFFFF,
  0xFFFF,0xFFFF,0xFFFF,0xFFFF,0xFFFF,0xFFFF,0xFFFF,0xFFFF,0xFFFF,0xFFFF,0xFFFF,0xFFFF,0xFFFF,0xFFFF,0xFFFF,0xFFFF,
  0xFFFF,0xFFFF,0xFFFF,0xFFFF,0xFFFF,0xFFFF,0xFFFF,0xFFFF,0xFFFF,0xFFFF,0xFFFF,0xFFFF,0xFFFF,0xFFFF,0xFFFF,0xFFFF,
  0xFFFF,0xFFFF,0xFFFF,0xFFFF,0xFFFF,0xFFFF,0xFFFF,0xFFFF,0xFFFF,0xFFFF,0xFFFF,0xFFFF,0xFFFF,0xFFFF,0xFFFF,0xFFFF,
  0xFFFF,0xFFFF,0xFFFF,0xFFFF,0xFFFF,0xFFFF,0xFFFF,0xFFFF,0xFFFF,0xFFFF,0xFFFF,0xFFFF,0xFFFF,0xFFFF,0xFFFF,0xFFFF,
  0xFFFF,0xFFFF,0xFFFF,0xFFFF,0xFFFF,0xFFFF,0xFFFF,0xFFFF,0xFF9D,0xCD74,0xD9C4,0xD982,0xD9A3,0xE1A2,0xD9A3,0xD9A3,
  0xD9C4,0xE1A3,0xD9A4,0xE1A3,0xD9A4,0xE1A3,0xD9C4,0xE1A3,0xD9C4,0xD9A3,0xD9C4,0xD9A3,0xD9C4,0xE1A4,0xD9C4,0xD9A3,
  0xD9C4,0xD9A3,0xD9C4,0xD9A3,0xD9C4,0xD9A3,0xD9C4,0xD9A3,0xD9C4,0xD9A3,0xD9C4,0xD9A3,0xD9C4,0xD9A3,0xD9C4,0xD9A3,
  0xD9C4,0xD9A3,0xD9C4,0xD9A3,0xD9A4,0xE183,0xD983,0xE1A3,0xD9C4,0xD983,0xCDF6,0xFFBD,0xFFFF,0xFFFF,0xFFFF,0xFFFF,
  0xFFFF,0xFFFF,0xFFFF,0xFFFF,0xFFFF,0xFFFF,0xFFFF,0xFFFF,0xFFFF,0xFFFF,0xFFFF,0xFFFF,0xFFFF,0xFFFF,0xFFFF,0xFFFF,
  0xFFFF,0xFFFF,0xFFFF,0xFFFF,0xFFFF,0xFFFF,0xFFFF,0xFFFF,0xFFFF,0xFFFF,0xFFFF,0xFFFF,0xFFFF,0xFFFF,0xFFFF,0xFFFF,
  0xFFFF,0xFFFF,0xFFFF,0xFFFF,0xFFFF,0xFFFF,0xFFFF,0xFFFF,0xFFFF,0xFFFF,0xFFFF,0xFFFF,0xFFFF,0xFFFF,0xFFFF,0xFFFF,
  0xFFFF,0xFFFF,0xFFFF,0xFFFF,0xFFFF,0xFFFF,0xFFFF,0xFFFF,0xFFFF,0xFFFF,0xFFFF,0xFFFF,0xFFFF,0xFFFF,0xFFFF,0xFFFF,
  0xFFFF,0xFFFF,0xFFFF,0xFFFF,0xFFFF,0xFFFF,0xFFFF,0xFFFF,0xFFFF,0xFFFF,0xFFFF,0xFFFF,0xFFFF,0xFFFF,0xFFFF,0xFFFF,
  0xFFFF,0xFFFF,0xFFFF,0xFFFF,0xFFFF,0xFFFF,0xFFFF,0xFFFF,0xFFFF,0xFFFF,0xFFFF,0xFFFF,0xFFFF,0xFFFF,0xFFFF,0xFFFF,
  0xFFFF,0xFFFF,0xFFFF,0xFFFF,0xFFFF,0xFFFF,0xFFFF,0xFFFF,0xFFFF,0xFFFF,0xFFFF,0xFFFF,0xFFFF,0xFFFF,0xFFFF,0xFFFF,
  0xFFFF,0xFFFF,0xFFFF,0xFFFF,0xFFFF,0xFFFF,0xFFFF,0xFFFF,0xFFFF,0xFFFF,0xFFFF,0xFFFF,0xFFFF,0xFFFF,0xFFFF,0xFFFF,
  0xFFFF,0xFFFF,0xFFFF,0xFFFF,0xFFFF,0xFFFF,0xFFFF,0xFFFF,0xFFFF,0xFFFF,0xFFFF,0xFFFF,0xFFFF,0xFFFF,0xFFFF,0xFFFF,
  0xFFFF,0xFFFF,0xFFFF,0xFFFF,0xFFFF,0xFFFF,0xFFFF,0xFFFF,0xFFFF,0xFFFF,0xFFFF,0xFFFF,0xFFFF,0xFFFF,0xFFFF,0xFFFF,
  0xFFFF,0xFFFF,0xFFFF,0xFFFF,0xFFFF,0xFFFF,0xFFFF,0xFFFF,0xFFFF,0xFFFF,0xFFFF,0xFFFF,0xFFFF,0xFFFF,0xFFFF,0xFFFF,
  0xFFFF,0xFFFF,0xFFFF,0xFFFF,0xFFFF,0xFFFF,0xFFFF,0xFFFF,0xFDD5,0xA288,0xE182,0xE1A3,0xE1C3,0xD9C4,0xE1C3,0xD9C4,
  0xE1C3,0xD9C4,0xE1C3,0xD9C4,0xE1C3,0xD9C4,0xE1C3,0xD9C4,0xE1A3,0xD9C4,0xE1C3,0xD9C4,0xE1C3,0xD9C4,0xE1C3,0xD9C4,
  0xE1A3,0xD9C4,0xE1C3,0xD9C4,0xE1C3,0xD9C4,0xE1C3,0xD9C4,0xE1C3,0xD9C4,0xE1C3,0xD9C4,0xE1C3,0xD9C4,0xE1C3,0xD9C4,
  0xE1C3,0xD9C4,0xE1A3,0xE1C4,0xC9C3,0xEAE8,0xFBAC,0xC226,0xE1C3,0xD9A2,0xCD54,0xFF9D,0xFFFF,0xFFFF,0xFFFF,0xFFFF,
  0xFFFF,0xFFFF,0xFFFF,0xFFFF,0xFFFF,0xFFFF,0xFFFF,0xFFFF,0xFFFF,0xFFFF,0xFFFF,0xFFFF,0xFFFF,0xFFFF,0xFFFF,0xFFFF,
  0xFFFF,0xFFFF,0xFFFF,0xFFFF,0xFFFF,0xFFFF,0xFFFF,0xFFFF,0xFFFF,0xFFFF,0xFFFF,0xFFFF,0xFFFF,0xFFFF,0xFFFF,0xFFFF,
  0xFFFF,0xFFFF,0xFFFF,0xFFFF,0xFFFF,0xFFFF,0xFFFF,0xFFFF,0xFFFF,0xFFFF,0xFFFF,0xFFFF,0xFFFF,0xFFFF,0xFFFF,0xFFFF,
  0xFFFF,0xFFFF,0xFFFF,0xFFFF,0xFFFF,0xFFFF,0xFFFF,0xFFFF,0xFFFF,0xFFFF,0xFFFF,0xFFFF,0xFFFF,0xFFFF,0xFFFF,0xFFFF,
  0xFFFF,0xFFFF,0xFFFF,0xFFFF,0xFFFF,0xFFFF,0xFFFF,0xFFFF,0xFFFF,0xFFFF,0xFFFF,0xFFFF,0xFFFF,0xFFFF,0xFFFF,0xFFFF,
  0xFFFF,0xFFFF,0xFFFF,0xFFFF,0xFFFF,0xFFFF,0xFFFF,0xFFFF,0xFFFF,0xFFFF,0xFFFF,0xFFFF,0xFFFF,0xFFFF,0xFFFF,0xFFFF,
  0xFFFF,0xFFFF,0xFFFF,0xFFFF,0xFFFF,0xFFFF,0xFFFF,0xFFFF,0xFFFF,0xFFFF,0xFFFF,0xFFFF,0xFFFF,0xFFFF,0xFFFF,0xFFFF,
  0xFFFF,0xFFFF,0xFFFF,0xFFFF,0xFFFF,0xFFFF,0xFFFF,0xFFFF,0xFFFF,0xFFFF,0xFFFF,0xFFFF,0xFFFF,0xFFFF,0xFFFF,0xFFFF,
  0xFFFF,0xFFFF,0xFFFF,0xFFFF,0xFFFF,0xFFFF,0xFFFF,0xFFFF,0xFFFF,0xFFFF,0xFFFF,0xFFFF,0xFFFF,0xFFFF,0xFFFF,0xFFFF,
  0xFFFF,0xFFFF,0xFFFF,0xFFFF,0xFFFF,0xFFFF,0xFFFF,0xFFFF,0xFFFF,0xFFFF,0xFFFF,0xFFFF,0xFFFF,0xFFFF,0xFFFF,0xFFFF,
  0xFFFF,0xFFFF,0xFFFF,0xFFFF,0xFFFF,0xFFFF,0xFFFF,0xFFFF,0xFFFF,0xFFFF,0xFFFF,0xFFFF,0xFFFF,0xFFFF,0xFFFF,0xFFFF,
  0xFFFF,0xFFFF,0xFFFF,0xFFFF,0xFFFF,0xFFFF,0xFFFF,0xFFFF,0xFC4F,0xB1E5,0xE1A4,0xE1A3,0xD9C4,0xD9A3,0xD9C4,0xD9A3,
  0xD9C4,0xD9A3,0xD9C4,0xD9A3,0xD9C4,0xD9A3,0xD9C4,0xD9A3,0xD9C4,0xD9A3,0xD9C4,0xD9A3,0xD9C4,0xD9A3,0xD9C4,0xD9A3,
  0xD9C4,0xD9A3,0xD9C4,0xD9A3,0xD9C4,0xD9A3,0xD9C4,0xD9A3,0xD9C4,0xD9A3,0xD9C4,0xD9A3,0xD9C4,0xD9A3,0xD9C4,0xD9A3,
  0xD9C4,0xD9A3,0xE1A3,0xD962,0xA3EE,0xFED9,0xFF3B,0x9B6C,0xE1A3,0xE162,0xB512,0xFF9C,0xFFFF,0xFFFF,0xFFFF,0xFFFF,
  0xFFFF,0xFFFF,0xFFFF,0xFFFF,0xFFFF,0xFFFF,0xFFFF,0xFFFF,0xFFFF,0xFFFF,0xFFFF,0xFFFF,0xFFFF,0xFFFF,0xFFFF,0xFFFF,
  0xFFFF,0xFFFF,0xFFFF,0xFFFF,0xFFFF,0xFFFF,0xFFFF,0xFFFF,0xFFFF,0xFFFF,0xFFFF,0xFFFF,0xFFFF,0xFFFF,0xFFFF,0xFFFF,
  0xFFFF,0xFFFF,0xFFFF,0xFFFF,0xFFFF,0xFFFF,0xFFFF,0xFFFF,0xFFFF,0xFFFF,0xFFFF,0xFFFF,0xFFFF,0xFFFF,0xFFFF,0xFFFF,
  0xFFFF,0xFFFF,0xFFFF,0xFFFF,0xFFFF,0xFFFF,0xFFFF,0xFFFF,0xFFFF,0xFFFF,0xFFFF,0xFFFF,0xFFFF,0xFFFF,0xFFFF,0xFFFF,
  0xFFFF,0xFFFF,0xFFFF,0xFFFF,0xFFFF,0xFFFF,0xFFFF,0xFFFF,0xFFFF,0xFFFF,0xFFFF,0xFFFF,0xFFFF,0xFFFF,0xFFFF,0xFFFF,
  0xFFFF,0xFFFF,0xFFFF,0xFFFF,0xFFFF,0xFFFF,0xFFFF,0xFFFF,0xFFFF,0xFFFF,0xFFFF,0xFFFF,0xFFFF,0xFFFF,0xFFFF,0xFFFF,
  0xFFFF,0xFFFF,0xFFFF,0xFFFF,0xFFFF,0xFFFF,0xFFFF,0xFFFF,0xFFFF,0xFFFF,0xFFFF,0xFFFF,0xFFFF,0xFFFF,0xFFFF,0xFFFF,
  0xFFFF,0xFFFF,0xFFFF,0xFFFF,0xFFFF,0xFFFF,0xFFFF,0xFFFF,0xFFFF,0xFFFF,0xFFFF,0xFFFF,0xFFFF,0xFFFF,0xFFFF,0xFFFF,
  0xFFFF,0xFFFF,0xFFFF,0xFFFF,0xFFFF,0xFFFF,0xFFFF,0xFFFF,0xFFFF,0xFFFF,0xFFFF,0xFFFF,0xFFFF,0xFFFF,0xFFFF,0xFFFF,
  0xFFFF,0xFFFF,0xFFFF,0xFFFF,0xFFFF,0xFFFF,0xFFFF,0xFFFF,0xFFFF,0xFFFF,0xFFFF,0xFFFF,0xFFFF,0xFFFF,0xFFFF,0xFFFF,
  0xFFFF,0xFFFF,0xFFFF,0xFFFF,0xFFFF,0xFFFF,0xFFFF,0xFFFF,0xFFFF,0xFFFF,0xFFFF,0xFFFF,0xFFFF,0xFFFF,0xFFFF,0xFFFF,
  0xFFFF,0xFFFF,0xFFFF,0xFFFF,0xFFFF,0xFFFF,0xFFFF,0xFFFF,0xFBAB,0xC1E5,0xE1A3,0xE1C3,0xE1C3,0xD9C4,0xE1C3,0xD9C4,
  0xE1C3,0xD9C4,0xE1C3,0xD9C4,0xE1C3,0xD9C4,0xE1C3,0xD9C4,0xE1C3,0xD9C4,0xE1C3,0xD9C4,0xE1C3,0xD9C4,0xE1C3,0xD9C4,
  0xE1C3,0xD9C4,0xE1C3,0xD9C4,0xE1C3,0xD9C4,0xE1C3,0xD9C4,0xE1C3,0xD9C4,0xE1C3,0xD9C4,0xE1C3,0xD9C4,0xE1C3,0xD9C4,
  0xE9A2,0xE1A2,0xBA25,0xFC4E,0xF7BE,0xFFFF,0xFF1A,0xA3AD,0xE982,0xE182,0xB491,0xFF7C,0xFFFF,0xFFFF,0xFFFF,0xFFFF,
  0xFFFF,0xFFFF,0xFFFF,0xFFFF,0xFFFF,0xFFFF,0xFFFF,0xFFFF,0xFFFF,0xFFFF,0xFFFF,0xFFFF,0xFFFF,0xFFFF,0xFFFF,0xFFFF,
  0xFFFF,0xFFFF,0xFFFF,0xFFFF,0xFFFF,0xFFFF,0xFFFF,0xFFFF,0xFFFF,0xFFFF,0xFFFF,0xFFFF,0xFFFF,0xFFFF,0xFFFF,0xFFFF,
  0xFFFF,0xFFFF,0xFFFF,0xFFFF,0xFFFF,0xFFFF,0xFFFF,0xFFFF,0xFFFF,0xFFFF,0xFFFF,0xFFFF,0xFFFF,0xFFFF,0xFFFF,0xFFFF,
  0xFFFF,0xFFFF,0xFFFF,0xFFFF,0xFFFF,0xFFFF,0xFFFF,0xFFFF,0xFFFF,0xFFFF,0xFFFF,0xFFFF,0xFFFF,0xFFFF,0xFFFF,0xFFFF,
  0xFFFF,0xFFFF,0xFFFF,0xFFFF,0xFFFF,0xFFFF,0xFFFF,0xFFFF,0xFFFF,0xFFFF,0xFFFF,0xFFFF,0xFFFF,0xFFFF,0xFFFF,0xFFFF,
  0xFFFF,0xFFFF,0xFFFF,0xFFFF,0xFFFF,0xFFFF,0xFFFF,0xFFFF,0xFFFF,0xFFFF,0xFFFF,0xFFFF,0xFFFF,0xFFFF,0xFFFF,0xFFFF,
  0xFFFF,0xFFFF,0xFF7D,0xEEBA,0xEE17,0xEDD6,0xE5D6,0xEDD6,0xE6DA,0xFF7D,0xFFFF,0xFFFF,0xFFFF,0xFFFF,0xFFFF,0xFFFF,
  0xFFFF,0xFFFF,0xFFFF,0xFFFF,0xFFFF,0xFFFF,0xFFFF,0xFFFF,0xFFFF,0xFFFF,0xFFFF,0xFFFF,0xFFFF,0xFFFF,0xFFFF,0xFFFF,
  0xFFFF,0xFFFF,0xFFFF,0xFFFF,0xFFFF,0xFFFF,0xFFFF,0xFFFF,0xFFFF,0xFFFF,0xFFFF,0xFFFF,0xFFFF,0xFFFF,0xFFFF,0xFFFF,
  0xFFFF,0xFFFF,0xFFFF,0xFFFF,0xFFFF,0xFFFF,0xFFFF,0xFFFF,0xFFFF,0xFFFF,0xFFFF,0xFFFF,0xFFFF,0xFFFF,0xFFFF,0xFFFF,
  0xFFFF,0xFFFF,0xFFFF,0xFFFF,0xFFFF,0xFFFF,0xFFFF,0xFFFF,0xFFFF,0xFFFF,0xFFFF,0xFFFF,0xFFFF,0xFFFF,0xFFFF,0xFFFF,
  0xFFFF,0xFFFF,0xFFFF,0xFFFF,0xFFFF,0xFFFF,0xFFFF,0xFFFF,0xF3AC,0xC1C4,0xD9A4,0xE1A3,0xD9C4,0xD9A3,0xD9C4,0xD9A3,
  0xD9C4,0xD9A3,0xD9C4,0xD9A3,0xD9C4,0xD9A3,0xD9C4,0xD9A3,0xD9C4,0xD9A3,0xD9C4,0xD9A3,0xD9C4,0xD9A3,0xD9C4,0xD9A3,
  0xD9C4,0xD9A3,0xD9C4,0xD9A3,0xD9C4,0xD9A3,0xD9C4,0xD9A3,0xD9C4,0xD9A3,0xD9A3,0xD962,0xD183,0xD983,0xD1A4,0xD9A3,
  0xCA05,0xE287,0xD659,0xFFBE,0xF7FF,0xF7FF,0xFEFA,0xA38C,0xE183,0xE162,0xAC50,0xFF5C,0xF7FF,0xFFFF,0xFFFF,0xFFFF,
  0xFFFF,0xFFFF,0xFFFF,0xFFFF,0xFFFF,0xFFFF,0xFFFF,0xFFFF,0xFFFF,0xFFFF,0xFFFF,0xFFFF,0xFFFF,0xFFFF,0xFFFF,0xFFFF,
  0xFFFF,0xFFFF,0xFFFF,0xFFFF,0xFFFF,0xFFFF,0xFFFF,0xFFFF,0xFFFF,0xFFFF,0xFFFF,0xFFFF,0xFFFF,0xFFFF,0xFFFF,0xFFFF,
  0xFFFF,0xFFFF,0xFFFF,0xFFFF,0xFFFF,0xFFFF,0xFFFF,0xFFFF,0xFFFF,0xFFFF,0xFFFF,0xFFFF,0xFFFF,0xFFFF,0xFFFF,0xFFFF,
  0xFFFF,0xFFFF,0xFFFF,0xFFFF,0xFFFF,0xFFFF,0xFFFF,0xFFFF,0xFFFF,0xFFFF,0xFFFF,0xFFFF,0xFFFF,0xFFFF,0xFFFF,0xFFFF,
  0xFFFF,0xFFFF,0xFFFF,0xFFFF,0xFFFF,0xFFFF,0xFFFF,0xFFFF,0xFFFF,0xFFFF,0xFFFF,0xFFFF,0xFFFF,0xFFFF,0xFFFF,0xFFFF,
  0xFFFF,0xFFFF,0xFFFF,0xFFFF,0xFFFF,0xFFFF,0xFFFF,0xFFFF,0xFFFF,0xFFFF,0xFFFF,0xFFFF,0xFFFF,0xFFFF,0xFFFF,0xEF7D,
  0xFD32,0xCBCD,0xE265,0xD204,0xE183,0xD9A3,0xE182,0xD983,0xD1E4,0xE2A8,0xD5F6,0xFFBE,0xFFFF,0xFFFF,0xFFFF,0xFFFF,
  0xFFFF,0xFFFF,0xFFFF,0xFFFF,0xFFFF,0xFFFF,0xFFFF,0xFFFF,0xFFFF,0xFFFF,0xFFFF,0xFFFF,0xFFFF,0xFFFF,0xFFFF,0xFFFF,
  0xFFFF,0xFFFF,0xFFFF,0xFFFF,0xFFFF,0xFFFF,0xFFFF,0xFFFF,0xFFFF,0xFFFF,0xFFFF,0xFFFF,0xFFFF,0xFFFF,0xFFFF,0xFFFF,
  0xFFFF,0xFFFF,0xFFFF,0xFFFF,0xFFFF,0xFFFF,0xFFFF,0xFFFF,0xFFFF,0xFFFF,0xFFFF,0xFFFF,0xFFFF,0xFFFF,0xFFFF,0xFFFF,
  0xFFFF,0xFFFF,0xFFFF,0xFFFF,0xFFFF,0xFFFF,0xFFFF,0xFFFF,0xFFFF,0xFFFF,0xFFFF,0xFFFF,0xFFFF,0xFFFF,0xFFFF,0xFFFF,
  0xFFFF,0xFFFF,0xFFFF,0xFFFF,0xFFFF,0xFFFF,0xFFFF,0xFFFF,0xFCAF,0xAA25,0xE1C3,0xE1C3,0xE1C3,0xD9C4,0xE1C3,0xD9C4,
  0xE1C3,0xD9C4,0xE1C3,0xD9C4,0xE1C3,0xD9C4,0xE1C3,0xD9C4,0xE1C3,0xD9C4,0xE1C3,0xD9C4,0xE1C3,0xD9C4,0xE1C3,0xD9C4,
  0xE1C3,0xD9C4,0xE1C3,0xD9C4,0xE1C3,0xD9C4,0xE1C3,0xD9C3,0xE1C3,0xD9A3,0xD2C9,0xFC4F,0xE553,0xF5F6,0xF657,0xF699,
  0xEF1A,0xFFBD,0xFFFF,0xFFFF,0xFFFF,0xFFFF,0xFEF9,0xA38C,0xE982,0xE182,0xABED,0xFF5B,0xFFFF,0xFFFF,0xFFFF,0xFFFF,
  0xFFFF,0xFFFF,0xFFFF,0xFFFF,0xFFFF,0xFFFF,0xFFFF,0xFFFF,0xFFFF,0xFFFF,0xFFFF,0xFFFF,0xFFFF,0xFFFF,0xFFFF,0xFFFF,
  0xFFFF,0xFFFF,0xFFFF,0xFFFF,0xFFFF,0xFFFF,0xFFFF,0xF7BE,0xEEDA,0xFF9D,0xFFFF,0xFFFF,0xFFFF,0xFFFF,0xFFFF,0xFFFF,
  0xFFFF,0xFFFF,0xFFFF,0xFFFF,0xFFFF,0xFFFF,0xFFFF,0xFFFF,0xFFFF,0xFFFF,0xFFFF,0xFFFF,0xFFFF,0xFFFF,0xFFFF,0xFFFF,
  0xFFFF,0xFFFF,0xFFFF,0xFFFF,0xFFFF,0xFFFF,0xFFFF,0xFFFF,0xFFFF,0xFFFF,0xFFFF,0xFFFF,0xFFFF,0xFFFF,0xFFFF,0xFFFF,
  0xFFFF,0xFFFF,0xFFFF,0xFFFF,0xFFFF,0xFFFF,0xFFFF,0xFFFF,0xFFFF,0xFFFF,0xFFFF,0xFFFF,0xFFFF,0xFFFF,0xFFFF,0xFFFF,
  0xFFFF,0xFFFF,0xFFFF,0xFFFF,0xFFFF,0xFFFF,0xFFFF,0xFFFF,0xFFFF,0xFFFF,0xFFFF,0xFFFF,0xFFFF,0xFFBE,0xFCB0,0xC2A8,
  0xD982,0xE182,0xD1A3,0xD9A3,0xD9C4,0xE1A3,0xD9C4,0xE1A3,0xE1A3,0xE182,0xAA47,0xFD11,0xFFFF,0xFFFF,0xFFFF,0xFFFF,
  0xFFFF,0xFFFF,0xFFFF,0xFFFF,0xFFFF,0xFFFF,0xFFFF,0xFFFF,0xFFFF,0xFFFF,0xFFFF,0xFFFF,0xFFFF,0xFFFF,0xFFFF,0xFFFF,
  0xFFFF,0xFFFF,0xFFFF,0xFFFF,0xFFFF,0xFFFF,0xFFFF,0xFFFF,0xFFFF,0xFFFF,0xFFFF,0xFFFF,0xFFFF,0xFFFF,0xFFFF,0xFFFF,
  0xFFFF,0xFFFF,0xFFFF,0xFFFF,0xFFFF,0xFFFF,0xFFFF,0xFFFF,0xFFFF,0xFFFF,0xFFFF,0xFFFF,0xFFFF,0xFFFF,0xFFFF,0xFFFF,
  0xFFFF,0xFFFF,0xFFFF,0xFFFF,0xFFFF,0xFFFF,0xFFFF,0xFFFF,0xFFFF,0xFFFF,0xFFFF,0xFFFF,0xFFFF,0xFFFF,0xFFFF,0xFFFF,
  0xFFFF,0xFFFF,0xFFFF,0xFFFF,0xFFFF,0xFFFF,0xF7FF,0xFFFF,0xFEB9,0xA34B,0xD9A3,0xE1A3,0xD9C4,0xD9A3,0xD9C4,0xD9A3,
  0xD9C4,0xD9A3,0xD9C4,0xD9A3,0xD9C4,0xD9A3,0xD9C4,0xD9A3,0xD9C4,0xD9A3,0xD9C4,0xD9A3,0xD9C4,0xD9A3,0xD9C4,0xD9A3,
  0xD9C4,0xD9A3,0xD9C4,0xD9A3,0xD9C4,0xD9A3,0xD9C4,0xE1A3,0xC9E4,0xE287,0xEF7E,0xFFFF,0xFFFF,0xFFFF,0xFFFF,0xFFFF,
  0xFFFF,0xFFFF,0xFFFF,0xFFFF,0xF7FF,0xFFFF,0xFEDA,0x9B4B,0xE183,0xE182,0x9BAD,0xFEFA,0xFFFF,0xFFFF,0xFFFF,0xFFFF,
  0xFFFF,0xFFFF,0xFFFF,0xFFFF,0xFFFF,0xFFFF,0xFFFF,0xFFFF,0xFFFF,0xFFFF,0xFFFF,0xFFFF,0xFFFF,0xFFFF,0xFFFF,0xFFFF,
  0xFFFF,0xFFFF,0xFFFF,0xFFFF,0xFFFF,0xFFFF,0xFDB5,0xBB4B,0xC9E5,0xEAA7,0xDEBA,0xFFDE,0xFFFF,0xFFFF,0xFFFF,0xFFFF,
  0xFFFF,0xFFFF,0xFFFF,0xFFFF,0xFFFF,0xFFFF,0xFFFF,0xFFFF,0xFFFF,0xFFFF,0xFFFF,0xFFFF,0xFFFF,0xFFFF,0xFFFF,0xFFFF,
  0xFFFF,0xFFFF,0xFFFF,0xFFFF,0xFFFF,0xFFFF,0xFFFF,0xFFFF,0xFFFF,0xFFFF,0xFFFF,0xFFFF,0xFFFF,0xFFFF,0xFFFF,0xFFFF,
  0xFFFF,0xFFFF,0xFFFF,0xFFFF,0xFFFF,0xFFFF,0xFFFF,0xFFFF,0xFFFF,0xFFFF,0xFFFF,0xFFFF,0xFFFF,0xFFFF,0xFFFF,0xFFFF,
  0xFFFF,0xFFFF,0xFFFF,0xFFFF,0xFFFF,0xFFFF,0xFFFF,0xFFFF,0xFFFF,0xFFFF,0xFFFF,0xFFFF,0xFE77,0xB3CD,0xE161,0xE1A3,
  0xE1C3,0xD9C4,0xE1A3,0xD9C4,0xE1C3,0xD9C4,0xE1C3,0xD9C4,0xE1A3,0xE1C3,0xC9C4,0xE2C8,0xFFBE,0xFFFF,0xFFFF,0xFFFF,
  0xFFFF,0xFFFF,0xFFFF,0xFFFF,0xFFFF,0xFFFF,0xFFFF,0xFFFF,0xFFFF,0xFFFF,0xFFFF,0xFFFF,0xFFFF,0xFFFF,0xFFFF,0xFFFF,
  0xFF7C,0xF75C,0xFFDE,0xFFFF,0xFFFF,0xFFFF,0xFFFF,0xFFFF,0xFFFF,0xFFFF,0xFFFF,0xFFFF,0xFFFF,0xFFFF,0xFFFF,0xFFFF,
  0xFFFF,0xFFFF,0xFFFF,0xFFFF,0xFFFF,0xFFFF,0xFFFF,0xFFFF,0xFFFF,0xFFFF,0xFFFF,0xFFFF,0xFFFF,0xFFFF,0xFFFF,0xFFFF,
  0xFFFF,0xFFFF,0xFFFF,0xFFFF,0xFFFF,0xFFFF,0xFFFF,0xFFFF,0xFFFF,0xFFFF,0xFFFF,0xFFFF,0xFFFF,0xFFFF,0xFFFF,0xFFFF,
  0xFFFF,0xFFFF,0xFFFF,0xFFFF,0xFFFF,0xFFFF,0xFFFF,0xFFFF,0xFFBD,0xCDF6,0xD982,0xD9C4,0xE1C3,0xD9C3,0xE1C3,0xD9C4,
  0xE1C3,0xD9C4,0xE1C3,0xD9C4,0xE1A2,0xD9A2,0xD982,0xD1A3,0xD982,0xD9A3,0xE1C3,0xD9C4,0xE1C3,0xD9C4,0xE1A3,0xD9C4,
  0xE1C3,0xD9C4,0xE1C3,0xD9C4,0xE1C3,0xD9C4,0xE9A3,0xE1C4,0xB205,0xFCD0,0xFFFF,0xFFFF,0xFFFF,0xFFFF,0xFFFF,0xFFFF,
  0xFFFF,0xFFFF,0xFFFF,0xFFFF,0xFFFF,0xFFFF,0xFED9,0x9B6B,0xE982,0xE183,0xA34B,0xFEFA,0xFFFF,0xFFFF,0xFFFF,0xFFFF,
  0xFFFF,0xFFFF,0xFFFF,0xFFFF,0xFFFF,0xFFFF,0xFFFF,0xFFFF,0xFFFF,0xFFFF,0xFFFF,0xFFFF,0xFFFF,0xFFFF,0xFFFF,0xFFFF,
  0xFFFF,0xFFFF,0xFFFF,0xFFFF,0xFFDD,0xCE16,0xE1C3,0xD9A3,0xE983,0xE183,0xAAC9,0xFE36,0xFFFF,0xFFFF,0xFFFF,0xFFFF,
  0xFFFF,0xFFFF,0xFFFF,0xFFFF,0xFFFF,0xFFFF,0xFFFF,0xFFFF,0xFFFF,0xFFFF,0xFFFF,0xFFFF,0xFFFF,0xFFFF,0xFFFF,0xFFFF,
  0xFFFF,0xFFFF,0xFFFF,0xFFFF,0xFFFF,0xFFFF,0xFFFF,0xFFFF,0xFFFF,0xFFFF,0xFFFF,0xFFFF,0xFFFF,0xFFFF,0xFFFF,0xFFFF,
  0xFFFF,0xFFFF,0xFFFF,0xFFFF,0xFFFF,0xFFFF,0xFFFF,0xFFFF,0xFFFF,0xFFFF,0xFFFF,0xFFFF,0xFFFF,0xFFFF,0xFFFF,0xFFFF,
  0xFFFF,0xFFFF,0xFFFF,0xFFFF,0xFFFF,0xFFFF,0xFFFF,0xFFFF,0xFFFF,0xFFFF,0xFFDF,0xDE79,0xDA46,0xD1A3,0xD9C4,0xE1A3,
  0xD9C4,0xD9A3,0xD9C4,0xD9A3,0xD9C4,0xD9A3,0xD9C4,0xD9A3,0xD9C4,0xE1A3,0xD1C4,0xD9C4,0xE6FB,0xFFDE,0xFFFF,0xFFFF,
  0xFFFF,0xFFFF,0xFFFF,0xFFFF,0xFFFF,0xFFFF,0xFFFF,0xFFFF,0xFFFF,0xFFFF,0xFFFF,0xFFFF,0xF7FF,0xFFFF,0xFEBA,0xC450,
  0xDA46,0xDA26,0xC32B,0xFCD1,0xF7DF,0xFFFF,0xFFFF,0xFFFF,0xFFFF,0xFFFF,0xFFFF,0xFFFF,0xFFFF,0xFFFF,0xFFFF,0xFFFF,
  0xFFFF,0xFFFF,0xFFFF,0xFFFF,0xFFFF,0xFFFF,0xFFFF,0xFFFF,0xFFFF,0xFFFF,0xFFFF,0xFFFF,0xFFFF,0xFFFF,0xFFFF,0xFFFF,
  0xFFFF,0xFFFF,0xFFFF,0xFFFF,0xFFFF,0xFFFF,0xFFFF,0xFFFF,0xFFFF,0xFFFF,0xFFFF,0xFFFF,0xFFFF,0xFFFF,0xFFFF,0xFFFF,
  0xFFFF,0xFFFF,0xFFFF,0xFFFF,0xFFFF,0xFFFF,0xFFFF,0xFFFF,0xFFFF,0xFFFF,0xF3AC,0xB9C5,0xE1A4,0xE1A3,0xD9C4,0xD9A3,
  0xD9C3,0xE1A3,0xD983,0xD983,0xCAA9,0xF3CD,0xDD95,0xF5F6,0xFCD1,0xC2C9,0xD9A3,0xE1A3,0xD9C4,0xE1A3,0xD9C4,0xD9A3,
  0xD9C4,0xD9A3,0xD9C3,0xE1A3,0xD9C3,0xE1A3,0xE183,0xE162,0x9AA9,0xFE37,0xF7FF,0xFFFF,0xFFFF,0xFFFF,0xFFFF,0xFFFF,
  0xFFFF,0xFFFF,0xFFFF,0xFFFF,0xF7FF,0xFFFF,0xFEDA,0xA32B,0xE183,0xE982,0x9B0B,0xFE98,0xFFFF,0xFFFF,0xFFFF,0xFFFF,
  0xFFFF,0xFFFF,0xFFFF,0xFFFF,0xFFFF,0xFFFF,0xFFFF,0xFFFF,0xFFFF,0xFFFF,0xFFFF,0xFFFF,0xFFFF,0xFFFF,0xFFFF,0xFFFF,
  0xFFFF,0xFFFF,0xFFFF,0xFFFF,0xFD12,0xAA47,0xD9A3,0xE1A3,0xD9C3,0xE1A3,0xC1E5,0xEAC8,0xF7BE,0xFFFF,0xFFFF,0xFFFF,
  0xFFFF,0xFFFF,0xFFFF,0xF7BE,0xEF3C,0xFF9D,0xFFFF,0xFFFF,0xFFFF,0xFFFF,0xFFFF,0xFFFF,0xFFFF,0xFFFF,0xFFFF,0xFFFF,
  0xFFFF,0xFFFF,0xFFFF,0xFFFF,0xFFFF,0xFFFF,0xFFFF,0xFFFF,0xFFFF,0xFFFF,0xFFFF,0xFFFF,0xFFFF,0xFFFF,0xFFFF,0xFFFF,
  0xFFFF,0xFFFF,0xFFFF,0xFFFF,0xFFFF,0xFFFF,0xFFFF,0xFFFF,0xFFFF,0xFFFF,0xFFFF,0xFFFF,0xFFFF,0xFFFF,0xFFFF,0xFFFF,
  0xFFFF,0xFFFF,0xFFFF,0xFFFF,0xFFFF,0xFFFF,0xFFFF,0xFFFF,0xFFFF,0xF7FF,0xFDB4,0xA2A9,0xE182,0xE1C3,0xE1C3,0xD9C4,
  0xE1C3,0xD9C4,0xE1C3,0xD9C4,0xE1C3,0xD9C4,0xE1C3,0xD9C4,0xE1C3,0xD9C4,0xE1C3,0xD9A4,0xE658,0xFFDE,0xFFFF,0xFFFF,
  0xFFFF,0xFFFF,0xFFFF,0xFFFF,0xFFFF,0xFFFF,0xFFFF,0xFFFF,0xFFFF,0xFFFF,0xFFFF,0xFFFF,0xFFDE,0xE71B,0xEA66,0xC9C4,
  0xE1A2,0xD9A3,0xE1A2,0xD982,0xB44F,0xFF5B,0xFFFF,0xFFFF,0xFFFF,0xFFFF,0xFFFF,0xFFFF,0xFFFF,0xFFFF,0xFFFF,0xFFFF,
  0xFFFF,0xFFFF,0xFFFF,0xFFFF,0xFFFF,0xFFFF,0xFFFF,0xFFFF,0xFFFF,0xFFFF,0xFFFF,0xFFFF,0xFFFF,0xFFFF,0xFFFF,0xFFFF,
  0xFFFF,0xFFFF,0xFFFF,0xFFFF,0xFFFF,0xFFFF,0xFFFF,0xFFFF,0xFFFF,0xFFFF,0xFFFF,0xFFFF,0xFFFF,0xFFFF,0xFFFF,0xFFFF,
  0xFFFF,0xFFFF,0xFFFF,0xFFFF,0xFFFF,0xFFFF,0xFFFF,0xFFFF,0xFFFF,0xFFFF,0xFF19,0xAC2E,0xE162,0xE1A3,0xE1A3,0xD9A3,
  0xD982,0xD9E4,0xCBCC,0xFDB4,0xF79E,0xFFFF,0xFFFF,0xFFFF,0xFFFF,0xEF5D,0xEA87,0xC9A4,0xE162,0xD982,0xE182,0xD983,
  0xE182,0xD983,0xD962,0xD982,0xD982,0xD9A3,0xDA87,0xE2E8,0xC4F2,0xFF7C,0xFFFF,0xFFFF,0xFFFF,0xFFFF,0xFFFF,0xFFFF,
  0xFFFF,0xFFFF,0xFFFF,0xFFFF,0xFFFF,0xFFFF,0xFED9,0x9B4B,0xE982,0xE1A3,0xA2C9,0xFE58,0xFFFF,0xFFFF,0xFFFF,0xFFFF,
  0xFFFF,0xFFFF,0xFFFF,0xFFFF,0xFFFF,0xFFFF,0xFFFF,0xFFFF,0xFFFF,0xFFFF,0xFFFF,0xFFFF,0xFFFF,0xFFFF,0xFFFF,0xFFFF,
  0xFFFF,0xFFFF,0xFFDE,0xE6FA,0xE1E4,0xD9C4,0xE1A3,0xE1C4,0xE1C3,0xD9C4,0xE1C3,0xD9A3,0xD5F5,0xFFDD,0xFFFF,0xFFFF,
  0xFFFF,0xF7FF,0xFCD0,0xC309,0xDA04,0xE286,0xCCF2,0xFF1B,0xFFFF,0xFFFF,0xFFFF,0xFFFF,0xFFFF,0xFFFF,0xFFFF,0xFFFF,
  0xFFFF,0xFFFF,0xFFFF,0xFFFF,0xFFFF,0xFFFF,0xFFFF,0xFFFF,0xFFFF,0xFFFF,0xFFFF,0xFFFF,0xFFFF,0xFFFF,0xFFFF,0xFFFF,
  0xFFFF,0xFFFF,0xFFFF,0xFFFF,0xFFFF,0xFFFF,0xFFFF,0xFFFF,0xFFFF,0xFFFF,0xFFFF,0xFFFF,0xFFFF,0xFFFF,0xFFFF,0xFFFF,
  0xFFFF,0xFFFF,0xFFFF,0xFFFF,0xFFFF,0xFFFF,0xFFFF,0xFFFF,0xFFFF,0xEEFB,0xDA46,0xD1A3,0xD9C4,0xE1A3,0xD9C4,0xD9A3,
  0xD9C4,0xD9A3,0xD9C4,0xD9A3,0xD9C4,0xD9A3,0xD9C4,0xD9A3,0xD9C4,0xE1A3,0xD1E4,0xD1A3,0xDE99,0xFFBE,0xFFFF,0xFFFF,
  0xFFFF,0xFFFF,0xFFFF,0xFFFF,0xFFFF,0xFFFF,0xFFFF,0xFFFF,0xFFFF,0xFFFF,0xF7FF,0xFFFF,0xFF5C,0xB450,0xD162,0xE1A3,
  0xD9A4,0xE1A4,0xE1A3,0xE1A3,0x9A67,0xFDB4,0xFFFF,0xFFFF,0xFFFF,0xFFFF,0xFFFF,0xFFFF,0xFFFF,0xFFFF,0xFFFF,0xFFFF,
  0xFFFF,0xFFFF,0xFFFF,0xFFFF,0xFFFF,0xFFFF,0xFFFF,0xFFFF,0xFFFF,0xFFFF,0xFFFF,0xFFFF,0xFFFF,0xFFFF,0xFFFF,0xFFFF,
  0xFFFF,0xFFFF,0xFFFF,0xFFFF,0xFFFF,0xFFFF,0xFFFF,0xFFFF,0xFFFF,0xFFFF,0xFFFF,0xFFFF,0xFFFF,0xFFFF,0xFFFF,0xFFFF,
  0xFFFF,0xFFFF,0xFFFF,0xFFFF,0xFFFF,0xFFFF,0xFFFF,0xFFFF,0xFFFF,0xFFFF,0xFFFF,0xF79E,0xF42F,0xC247,0xCA46,0xEAE9,
  0xD575,0xFE99,0xFFFF,0xFFFF,0xFFFF,0xFFFF,0xFFFF,0xFFFF,0xFFFF,0xFFFF,0xFEDA,0xD534,0xEC70,0xEC4F,0xE42F,0xE40E,
  0xDC2E,0xE40E,0xDC0E,0xE3ED,0xD44F,0xF533,0xF7BE,0xFFDF,0xFFFF,0xFFFF,0xFFFF,0xFFFF,0xFFFF,0xFFFF,0xFFFF,0xFFFF,
  0xFFFF,0xFFFF,0xFFFF,0xFFFF,0xF7FF,0xFFFF,0xFED9,0xA32B,0xE183,0xE982,0x9A89,0xFDF6,0xFFFF,0xFFFF,0xFFFF,0xFFFF,
  0xFFFF,0xFFFF,0xFFFF,0xFFFF,0xFFFF,0xFFFF,0xFFFF,0xFFFF,0xFFFF,0xFFFF,0xFFFF,0xFFFF,0xFFFF,0xFFFF,0xFFFF,0xFFFF,
  0xFFFF,0xFFFF,0xFF9D,0xC533,0xD183,0xE1A3,0xD9A4,0xE1A4,0xD9C4,0xD9A3,0xE1A3,0xE162,0xA42F,0xFF3B,0xF7FF,0xF7FF,
  0xFF9D,0xBD12,0xD163,0xE183,0xE1A4,0xE183,0xC9A4,0xE267,0xDEBA,0xFFDF,0xFFFF,0xFFFF,0xFFFF,0xFFFF,0xFFFF,0xFFFF,
  0xFFFF,0xFFFF,0xFFFF,0xFFFF,0xFFFF,0xFFFF,0xFFFF,0xFFFF,0xFFFF,0xFFFF,0xFFFF,0xFFFF,0xFFFF,0xFFFF,0xFFFF,0xFFFF,
  0xFFFF,0xFFFF,0xFFFF,0xFFFF,0xFFFF,0xFFFF,0xFFFF,0xFFFF,0xFFFF,0xFFFF,0xFFFF,0xFFFF,0xFFFF,0xFFFF,0xFFFF,0xFFFF,
  0xFFFF,0xFFFF,0xFFFF,0xFFFF,0xFFFF,0xFFFF,0xFFFF,0xFFFF,0xFF1A,0xA3EE,0xE182,0xE1C3,0xE1C3,0xD9C4,0xE1C3,0xD9C4,
  0xE1C3,0xD9C4,0xE1C3,0xD9C4,0xE1C3,0xD9C4,0xE1C3,0xD9C4,0xE1A3,0xE1C3,0xC1C3,0xEB09,0xFFBE,0xFFFF,0xFFFF,0xFFFF,
  0xFFFF,0xFFFF,0xFFFF,0xFFFF,0xFFFF,0xFFFF,0xFFFF,0xFFFF,0xFFFF,0xFFFF,0xFFFF,0xFFFF,0xFED9,0x9B6C,0xE182,0xE1C3,
  0xE1C3,0xD9C4,0xE1A3,0xE1C3,0xB205,0xFCD0,0xFFFF,0xFFFF,0xFFFF,0xFFFF,0xFF9D,0xE6BA,0xE699,0xFF9D,0xFFFF,0xFFFF,
  0xFFFF,0xFFFF,0xFFFF,0xFFFF,0xFFFF,0xFFFF,0xFFFF,0xFFFF,0xFF7D,0xEF1B,0xEEBA,0xFF7D,0xFFFF,0xFFFF,0xFFFF,0xFFFF,
  0xFFFF,0xFFFF,0xFFFF,0xFFFF,0xFFFF,0xFFFF,0xFFFF,0xFFFF,0xFFFF,0xFFFF,0xFFFF,0xFFFF,0xFFFF,0xFFFF,0xFFFF,0xFFFF,
  0xFFFF,0xFFFF,0xFFFF,0xFFFF,0xFFFF,0xFFFF,0xFFFF,0xFFFF,0xFFFF,0xFFFF,0xFFFF,0xFFFF,0xFFDE,0xEF3C,0xF73C,0xFFFF,
  0xFFFF,0xFFFF,0xFFFF,0xFFFF,0xFFFF,0xFFFF,0xFFFF,0xFFFF,0xFFFF,0xFFFF,0xFFFF,0xFFFF,0xFFFF,0xFFFF,0xFFFF,0xFFFF,
  0xFFFF,0xFFFF,0xFFFF,0xFFFF,0xFFFF,0xFFFF,0xFFFF,0xFFFF,0xFFFF,0xFFFF,0xFFFF,0xFFFF,0xFFFF,0xFFFF,0xFFFF,0xFFFF,
  0xFFFF,0xFFFF,0xFFFF,0xFFFF,0xFFFF,0xFFFF,0xFEB9,0x9B4B,0xE982,0xE9A3,0xA267,0xFDD5,0xFFFF,0xFFFF,0xFFFF,0xFFFF,
  0xFFFF,0xFFFF,0xFFFF,0xFFFF,0xFFFF,0xFFFF,0xFFFF,0xFFFF,0xFFFF,0xFFFF,0xFFFF,0xFFFF,0xFFFF,0xFFFF,0xFFFF,0xFFFF,
  0xFFFF,0xFFFF,0xFF7C,0xB4D2,0xD962,0xE1C3,0xE1C3,0xD9C4,0xE1C3,0xD9C4,0xE9A3,0xE1A3,0xA3AC,0xFF3B,0xF7FF,0xF7FF,
  0xFED9,0x9B4B,0xE182,0xE1C3,0xE1C3,0xD9C4,0xE9A2,0xE182,0xAB0A,0xFE58,0xFFFF,0xF7FF,0xFFFF,0xFFFF,0xFFFF,0xFFFF,
  0xFFFF,0xFFFF,0xFFFF,0xFFFF,0xFFFF,0xFFFF,0xFFFF,0xFFFF,0xFFFF,0xFFFF,0xFFFF,0xFFFF,0xFFFF,0xFFFF,0xFFFF,0xFFFF,
  0xFFFF,0xFFFF,0xFFFF,0xFFFF,0xFFFF,0xFFFF,0xFFFF,0xFFFF,0xFFFF,0xFFFF,0xFFFF,0xFFFF,0xFFFF,0xFFFF,0xFFFF,0xFFFF,
  0xFFFF,0xFFFF,0xFFFF,0xFFFF,0xFFFF,0xFFFF,0xFFFF,0xFFFF,0xFCD0,0xB205,0xE1A3,0xE1A3,0xD9C4,0xD9A3,0xD9C4,0xD9A3,
  0xD9C4,0xD9A3,0xD9C4,0xD9A3,0xD9C4,0xD9A3,0xD9C4,0xD9A3,0xE1A3,0xE162,0xAB8C,0xFE78,0xF7FF,0xFFFF,0xFFFF,0xFFFF,
  0xFFFF,0xFFFF,0xFFFF,0xFFFF,0xFFFF,0xFFFF,0xFFFF,0xFFFF,0xFFFF,0xFFFF,0xF7FF,0xFFFF,0xFE58,0xA2C9,0xD9A3,0xE1A3,
  0xD9C4,0xD9A3,0xD9A4,0xE1A3,0xB1E5,0xFBCC,0xFFFF,0xFFFF,0xFFDF,0xE69A,0xE309,0xC9E4,0xC9C5,0xEAC8,0xD699,0xFFDE,
  0xFFFF,0xFFFF,0xFFFF,0xFFFF,0xF7FF,0xFFFF,0xFEFA,0xC4D2,0xE266,0xD1E4,0xD1C4,0xE245,0xC513,0xFF1A,0xF7FF,0xFFFF,
  0xFFFF,0xFFFF,0xFFFF,0xFFFF,0xFFFF,0xFFFF,0xFFFF,0xFFFF,0xFFFF,0xFFFF,0xFFFF,0xFFFF,0xFFFF,0xFFFF,0xFFFF,0xFFFF,
  0xFFFF,0xFFFF,0xFFFF,0xFFFF,0xFFFF,0xFFFF,0xFFFF,0xFFFF,0xFFFF,0xFFFF,0xFFFF,0xFFFF,0xFFFF,0xFFFF,0xFFFF,0xFFFF,
  0xFFFF,0xFFFF,0xFFFF,0xFFFF,0xFFFF,0xFFFF,0xFFFF,0xFFFF,0xFFFF,0xFFFF,0xFFFF,0xFFFF,0xFFFF,0xFFFF,0xFFFF,0xFFFF,
  0xFFFF,0xFFFF,0xFFFF,0xFFFF,0xFFFF,0xFFFF,0xFFFF,0xFFFF,0xFFFF,0xFFFF,0xFFFF,0xFFFF,0xFFFF,0xFFFF,0xFFFF,0xFFFF,
  0xFFFF,0xFFFF,0xFFFF,0xFFFF,0xF7FF,0xFFFF,0xFEB9,0xA30B,0xE1A3,0xE9A3,0xA247,0xFD33,0xFFFF,0xFFFF,0xFFFF,0xFFFF,
  0xFFFF,0xFFFF,0xFFFF,0xFFFF,0xFFFF,0xFFFF,0xFFFF,0xFFFF,0xFFFF,0xFFFF,0xFFFF,0xFFFF,0xFFFF,0xFFFF,0xFFFF,0xFFFF,
  0xF7FF,0xFFFF,0xFF7D,0xB4B1,0xD983,0xE1A3,0xD9C4,0xD9A3,0xD9C4,0xD9A3,0xD9A3,0xD982,0xA3AD,0xFEFA,0xF7FF,0xF7FF,
  0xFE78,0x9AC9,0xD9A3,0xE1A3,0xD9C4,0xD9A3,0xE1A4,0xE1A3,0xB1E5,0xF3AC,0xFFFF,0xFFFF,0xFFFF,0xFFFF,0xFFFF,0xFFFF,
  0xFFFF,0xFFFF,0xFFFF,0xFFFF,0xFFFF,0xFFFF,0xFFFF,0xFFFF,0xFFFF,0xFFFF,0xFFFF,0xFFFF,0xFFFF,0xFFFF,0xFFFF,0xFFFF,
  0xFFFF,0xFFFF,0xFFFF,0xFFFF,0xFFFF,0xFFFF,0xFFFF,0xFFFF,0xFFFF,0xFFFF,0xFFFF,0xFFFF,0xFFFF,0xFFFF,0xFFFF,0xFFFF,
  0xFFFF,0xFFFF,0xFFFF,0xFFFF,0xFFFF,0xFFFF,0xFFFF,0xF79E,0xE266,0xD1E5,0xE1C3,0xD9C3,0xE1C3,0xD9C4,0xE1C3,0xD9C4,
  0xE1C3,0xD9C4,0xE1C3,0xD9C4,0xE1A3,0xD9A3,0xE162,0xE162,0xC1E5,0xF3AC,0xF77D,0xFFFF,0xFFFF,0xFFFF,0xFFFF,0xFFFF,
  0xFFFF,0xFFFF,0xFFFF,0xFFFF,0xFFFF,0xFFFF,0xFFFF,0xFFFF,0xFFFF,0xFFFF,0xFFFF,0xFFFF,0xFDF5,0x9A88,0xE1A2,0xE1C3,
  0xE1C3,0xD9C4,0xE1A3,0xE1C3,0xC9C4,0xF36A,0xFFFF,0xFFFF,0xFDB4,0xA2A8,0xE162,0xE1A3,0xE9A3,0xE183,0xBA25,0xFC6E,
  0xFFFF,0xFFFF,0xFFFF,0xFFFF,0xFFDE,0xDE99,0xEA45,0xD1A3,0xE1A3,0xE1C3,0xE1A3,0xD9A3,0xC9A3,0xE286,0xDE99,0xFFFF,
  0xFFFF,0xFFFF,0xFFFF,0xFFFF,0xFFFF,0xFFFF,0xFFFF,0xFFFF,0xFFFF,0xFFFF,0xFFFF,0xFFFF,0xFFFF,0xFFFF,0xFFFF,0xFFFF,
  0xFFFF,0xFFFF,0xFFFF,0xFFFF,0xFFFF,0xFFFF,0xFFFF,0xFFFF,0xFFFF,0xFFFF,0xFFFF,0xFFFF,0xFFFF,0xFFFF,0xFFFF,0xFFFF,
  0xFFFF,0xFFFF,0xFFFF,0xFFFF,0xFFFF,0xFFFF,0xFFFF,0xFFFF,0xFFFF,0xFFFF,0xFFFF,0xFFFF,0xFFFF,0xFFFF,0xFFFF,0xFFFF,
  0xFFFF,0xFFFF,0xFFFF,0xFFFF,0xFFFF,0xFFFF,0xFFFF,0xFFFF,0xFFFF,0xFFFF,0xFFFF,0xFFFF,0xFFFF,0xFFFF,0xFFFF,0xFFFF,
  0xFFFF,0xFFFF,0xFFFF,0xFFFF,0xFFFF,0xFFFF,0xFE97,0x9B2A,0xE982,0xE9A3,0xB206,0xFCF1,0xFFFF,0xFFFF,0xFFFF,0xFFFF,
  0xFFFF,0xFFFF,0xFFFF,0xFFFF,0xFFFF,0xFFFF,0xFFFF,0xFFFF,0xFFFF,0xFFFF,0xFFFF,0xFFFF,0xFFFF,0xFFFF,0xFFFF,0xFFFF,
  0xFFFF,0xFFFF,0xFF7C,0xB4F2,0xD982,0xE1C3,0xE1C3,0xD9C4,0xE1C3,0xD9C3,0xE1A3,0xD982,0xAC2F,0xFF5C,0xFFFF,0xF7FF,
  0xFE36,0x9AA8,0xE1A2,0xE1C3,0xE1C3,0xD9C4,0xE1C3,0xD9C3,0xD1E3,0xDA86,0xFF9D,0xFFFF,0xFFFF,0xFFFF,0xFFFF,0xFFFF,
  0xFFFF,0xFFFF,0xFFFF,0xFFFF,0xFFFF,0xFFFF,0xFFFF,0xFFFF,0xFFFF,0xFFFF,0xFFFF,0xFFFF,0xFFFF,0xFFFF,0xFFFF,0xFFFF,
  0xFFFF,0xFFFF,0xFFFF,0xFFFF,0xFFFF,0xFFFF,0xFFFF,0xFFFF,0xFFFF,0xFFFF,0xFFFF,0xFFFF,0xFFFF,0xFFFF,0xFFFF,0xFFFF,
  0xFFFF,0xFFFF,0xFFFF,0xFFFF,0xFFFF,0xFFFF,0xFFBE,0xDE18,0xD1A3,0xE1C4,0xD9C4,0xE1A3,0xD9C4,0xD9A3,0xD9C4,0xD9A3,
  0xD9C4,0xE1A3,0xD184,0xE1A4,0xD267,0xE2C8,0xD3AC,0xEC2E,0xD679,0xFFBE,0xFFFF,0xFFFF,0xFFFF,0xFFFF,0xFFFF,0xFFFF,
  0xFFFF,0xFFFF,0xFFFF,0xFFFF,0xFFFF,0xFFFF,0xFFFF,0xFFFF,0xFFFF,0xFFFF,0xFFFF,0xFFFF,0xFDB4,0xA246,0xE1A3,0xE1A3,
  0xD9C4,0xD9A3,0xD9C4,0xE1A3,0xC1C5,0xEAC8,0xFFFF,0xFFFF,0xF38B,0xC1C4,0xD9A4,0xE1A3,0xD9C4,0xD9A3,0xD9A4,0xD962,
  0xB4D2,0xFF5B,0xF7FF,0xF7FF,0xFDB5,0xA288,0xE183,0xE983,0xD9C4,0xD9A3,0xD9C4,0xD9A3,0xE1A3,0xE162,0xAA68,0xFD12,
  0xF7FF,0xFFFF,0xFFFF,0xFFFF,0xFFFF,0xFFFF,0xFFFF,0xFFFF,0xFFFF,0xFFFF,0xFFFF,0xFFFF,0xFFFF,0xFFFF,0xFFFF,0xFFFF,
  0xFFFF,0xFFFF,0xFFFF,0xFFFF,0xFFFF,0xEF3C,0xEC90,0xD3AC,0xCC90,0xFDF6,0xFFFF,0xFFFF,0xFFFF,0xFFDF,0xFFFF,0xFFFF,
  0xFFFF,0xFFFF,0xFFFF,0xFFDF,0xFFFF,0xFFFF,0xFFFF,0xFFFF,0xFFFF,0xFFFF,0xFFFF,0xFFDF,0xFFFF,0xFFDF,0xFFFF,0xFFFF,
  0xFFFF,0xFFFF,0xFFFF,0xFFFF,0xFFFF,0xFFFF,0xFFFF,0xFFFF,0xFFFF,0xFFFF,0xFFFF,0xFFFF,0xFFFF,0xFFFF,0xFFFF,0xFFFF,
  0xFFFF,0xFFFF,0xFFFF,0xFFFF,0xF7FF,0xFFFF,0xFE58,0xA2C9,0xE1A3,0xE9A3,0xAA06,0xFC8F,0xFFFF,0xFFFF,0xFFFF,0xFFFF,
  0xFFFF,0xFFFF,0xFFFF,0xFFFF,0xFFFF,0xFFFF,0xFFFF,0xFFFF,0xFFFF,0xFFFF,0xFFFF,0xFFFF,0xFFFF,0xFFFF,0xFFFF,0xFFFF,
  0xFFFF,0xFFFF,0xFF9D,0xC554,0xD183,0xE1A3,0xD9C4,0xD9A3,0xD9C4,0xE1A3,0xD9A4,0xD983,0xD638,0xFFBD,0xF7FF,0xFFFF,
  0xFE36,0xA2A8,0xE1A3,0xE1A3,0xD9C4,0xD9A3,0xD9C4,0xE1A3,0xD1C4,0xD9A4,0xE6DB,0xFFBE,0xFFFF,0xFFFF,0xFFFF,0xFFFF,
  0xFFFF,0xFFFF,0xFFFF,0xFFFF,0xFFFF,0xFFFF,0xFFFF,0xFFFF,0xFFFF,0xFFFF,0xFFFF,0xFFFF,0xFFFF,0xFFFF,0xFFFF,0xFFFF,
  0xFFFF,0xFFFF,0xFFFF,0xFFFF,0xFFFF,0xFFFF,0xFFFF,0xFFFF,0xFFFF,0xFFFF,0xFFFF,0xFFFF,0xFFFF,0xFFFF,0xFFFF,0xFFFF,
  0xFFFF,0xFFFF,0xFFFF,0xFFFF,0xFFFF,0xFFFF,0xFF9C,0xBD33,0xD982,0xD9C3,0xE1C3,0xD9C4,0xE1C3,0xD9C4,0xE1C3,0xD9C3,
  0xE1C3,0xD9C3,0xD4B1,0xFE58,0xF77D,0xFFDF,0xFFFF,0xFFFF,0xFFFF,0xFFFF,0xFFFF,0xFFFF,0xFFFF,0xFFFF,0xFFFF,0xFFFF,
  0xFFBD,0xF77D,0xF79D,0xFFFF,0xFFFF,0xFFFF,0xFFFF,0xFFFF,0xFFFF,0xFFFF,0xFFFF,0xFFFF,0xFD73,0xA267,0xE9A3,0xE1C3,
  0xE1C3,0xD9C4,0xE1A3,0xE1C3,0xD1E4,0xE287,0xFF9D,0xFFDE,0xE2A7,0xC1E4,0xE1A3,0xE1C3,0xE1C3,0xD9C4,0xE9A3,0xE1A3,
  0xA267,0xFDF5,0xFFFF,0xF7DE,0xEAA7,0xC9E4,0xE1A3,0xE1C3,0xE1C3,0xD9C4,0xE1C3,0xD9C4,0xE1C3,0xD9C4,0xE1A3,0xD9A3,
  0xCD74,0xFFBD,0xFFFF,0xFFFF,0xFFFF,0xFFFF,0xFFFF,0xFFFF,0xFFFF,0xFFFF,0xFFFF,0xFFFF,0xFFFF,0xFFFF,0xFFFF,0xFFFF,
  0xFFFF,0xFFFF,0xFFFF,0xFFFF,0xFD53,0xB2C9,0xE161,0xE182,0xD982,0xD9A3,0xC3AC,0xFDF6,0xFFFF,0xFFFF,0xFFFF,0xFFFF,
  0xFFFF,0xFFFF,0xFFFF,0xFFFF,0xFFFF,0xFFFF,0xFFFF,0xFFFF,0xFFFF,0xFFFF,0xFFFF,0xFFFF,0xFFFF,0xFFFF,0xFFFF,0xFFFF,
  0xFFFF,0xFFFF,0xFFFF,0xFFFF,0xFFFF,0xFFFF,0xFFFF,0xFFFF,0xFFFF,0xFFFF,0xFFFF,0xFFFF,0xFFFF,0xFFFF,0xFFFF,0xFFFF,
  0xFFFF,0xFFFF,0xFFFF,0xFFFF,0xFFFF,0xFFFF,0xFE36,0x9AC9,0xE9A2,0xE9A3,0xB9E4,0xFC4E,0xFFFF,0xFFFF,0xFFFF,0xFFFF,
  0xFFFF,0xFFFF,0xFFFF,0xFFFF,0xFFFF,0xFFFF,0xFFFF,0xFFFF,0xFFFF,0xFFFF,0xFFFF,0xFFFF,0xFFFF,0xFFFF,0xFFFF,0xFFFF,
  0xFFFF,0xFFFF,0xFFDE,0xEF1B,0xE204,0xD1C3,0xE1C3,0xE1C4,0xE9A3,0xE183,0xB267,0xFD11,0xFFFF,0xFFFF,0xFFFF,0xFFFF,
  0xFE77,0x9B0A,0xE1A2,0xE1C3,0xE1C3,0xD9C4,0xE1C3,0xD9C4,0xD9C3,0xD1A3,0xD616,0xFFDE,0xFFFF,0xFFFF,0xFFFF,0xFFFF,
  0xFFFF,0xFFFF,0xFFFF,0xFFFF,0xFFFF,0xFFFF,0xFFFF,0xFFFF,0xFFFF,0xFFFF,0xFFFF,0xFFFF,0xFFFF,0xFFFF,0xFFFF,0xFFFF,
  0xFFFF,0xFFFF,0xFFFF,0xFFFF,0xFFFF,0xFFFF,0xFFFF,0xFFFF,0xFFFF,0xFFFF,0xFFFF,0xFFFF,0xFFFF,0xFFFF,0xFFFF,0xFFFF,
  0xFFFF,0xFFFF,0xFFFF,0xFFFF,0xFFFF,0xFFFF,0xFF7C,0xB450,0xD983,0xE1A3,0xD9C4,0xD9A3,0xD9C4,0xD9A3,0xD9C4,0xE1A3,
  0xC1E5,0xEAE8,0xFFFF,0xFFFF,0xFFFF,0xFFFF,0xFFFF,0xFFFF,0xFFFF,0xFFFF,0xFFFF,0xFFFF,0xFFFF,0xF77E,0xF553,0xD3ED,
  0xE2C8,0xDA46,0xD288,0xEB0A,0xCDB5,0xFF3B,0xFFFF,0xFFFF,0xFFFF,0xFFDF,0xF7FF,0xFFFF,0xFDB5,0xA267,0xE1A3,0xE1A3,
  0xD9C4,0xD9A3,0xD9C4,0xE1A3,0xC9E4,0xDA45,0xFF7D,0xFF5C,0xDA47,0xD1A4,0xD9C4,0xE1A3,0xD9C4,0xD9A3,0xD9A3,0xE1A3,
  0xAA26,0xFCD0,0xFFFF,0xEF1B,0xD1E5,0xD1C4,0xD9C4,0xD9A3,0xD9C4,0xD9A3,0xD9C4,0xD9A3,0xD9C4,0xD9A3,0xD9A3,0xE1A3,
  0xB227,0xFC90,0xFFFF,0xFFFF,0xFFFF,0xFFFF,0xFFFF,0xFFFF,0xFFFF,0xFFFF,0xFFFF,0xFFFF,0xFFFF,0xFFFF,0xFFFF,0xFFFF,
  0xFFFF,0xFFFF,0xFFBE,0xD617,0xD1C4,0xD9A3,0xD9C4,0xE1A3,0xD9C4,0xE1A3,0xD1A3,0xD9A3,0xBD54,0xFF7C,0xF7FF,0xFFFF,
  0xFFFF,0xFFFF,0xFFFF,0xFFFF,0xFFFF,0xFFFF,0xFEBA,0xEDF6,0xED34,0xED13,0xE574,0xED95,0xE5D7,0xFE38,0xF79F,0xFFFF,
  0xFFFF,0xFFFF,0xFFFF,0xFFFF,0xFFFF,0xFFFF,0xFFFF,0xFFFF,0xFFFF,0xFFFF,0xFFFF,0xFFFF,0xFFFF,0xFFFF,0xFFFF,0xFFFF,
  0xFFFF,0xFFFF,0xFFFF,0xFFFF,0xF7FF,0xFFFF,0xFE17,0xA289,0xE1A3,0xE9A3,0xB9E5,0xFBAC,0xFFFF,0xFFFF,0xFFFF,0xFFFF,
  0xFFFF,0xFFFF,0xFFFF,0xFFFF,0xFFFF,0xFFFF,0xFFFF,0xFFFF,0xFFFF,0xFFFF,0xFFFF,0xFFFF,0xFFFF,0xFFFF,0xFFFF,0xFFFF,
  0xFFFF,0xFFFF,0xF7FF,0xFFFF,0xFD74,0xB289,0xD962,0xE162,0xC1E5,0xEB09,0xDEDA,0xFFFE,0xFFFF,0xFFFF,0xF7FF,0xFFFF,
  0xFED9,0x9B2A,0xD9A3,0xE1A3,0xD9C4,0xD9A3,0xD9C4,0xD9A3,0xD9C4,0xD983,0xCDB6,0xFF9D,0xFFFF,0xFFFF,0xFFFF,0xFFFF,
  0xFFFF,0xFFFF,0xFFFF,0xFFFF,0xFFFF,0xFFFF,0xFFFF,0xFFFF,0xFFFF,0xFFFF,0xFFFF,0xFFFF,0xFFFF,0xFFFF,0xFFFF,0xFFFF,
  0xFFFF,0xFFFF,0xFFFF,0xFFFF,0xFFFF,0xFFFF,0xFFFF,0xFFFF,0xFFFF,0xFFFF,0xFFFF,0xFFFF,0xFFFF,0xFFFF,0xFFFF,0xFFFF,
  0xFFFF,0xFFFF,0xFFFF,0xFFFF,0xFFFF,0xFFFF,0xFF5B,0xAC2F,0xE182,0xE1C3,0xE1C3,0xD9C4,0xE1C3,0xD9C4,0xE1A3,0xE1C3,
  0xC1E4,0xFBEC,0xFFFF,0xFFFF,0xFFFF,0xFFFF,0xFFFF,0xFFFF,0xFFFF,0xFFFF,0xFFFF,0xFFFF,0xFD52,0xB309,0xE162,0xD982,
  0xE182,0xD9A3,0xE182,0xE183,0xD1A3,0xE287,0xD5D5,0xFFBD,0xFFFF,0xFFFF,0xFFFF,0xFFFF,0xFE16,0x9AA9,0xE1A2,0xE1C3,
  0xE1C3,0xD9C4,0xE1C3,0xD9C3,0xD1C4,0xDA25,0xFF3B,0xFFBD,0xE287,0xC9E4,0xE1A3,0xE1C3,0xE1C3,0xD9C4,0xE1A3,0xE1C3,
  0xB9E4,0xFC0D,0xFFFF,0xF79E,0xE246,0xD1C4,0xE1C3,0xD9C3,0xE1C3,0xD9C4,0xE1C3,0xD9C4,0xE1C3,0xD9C4,0xE1C3,0xD9C4,
  0xD9A3,0xD9A3,0xD5F5,0xFFDD,0xFFFF,0xFFFF,0xFFFF,0xFFFF,0xFFFF,0xFFFF,0xFFFF,0xFFFF,0xFFFF,0xFFFF,0xFFFF,0xFFFF,
  0xFFFF,0xFFFF,0xFDB4,0xA2A9,0xE182,0xE1C3,0xE1C3,0xD9C4,0xE1A3,0xE1C4,0xE1A3,0xD9A3,0xB9E4,0xFC0D,0xFFFF,0xFFFF,
  0xFFFF,0xFFFF,0xFFFF,0xFFFF,0xFDF6,0xBBCD,0xE1C3,0xD9A3,0xD962,0xD982,0xD962,0xD982,0xE182,0xD9A3,0xBB0A,0xFD94,
  0xFFFF,0xFFFF,0xFFFF,0xFFFF,0xFFFF,0xFFFF,0xFFFF,0xFFFF,0xFFFF,0xFFFF,0xFFFF,0xFFFF,0xFFFF,0xFFFF,0xFFFF,0xFFFF,
  0xFFFF,0xFFFF,0xFFFF,0xFFFF,0xFFFF,0xFFFF,0xFDF4,0xA2A7,0xE9A2,0xE9A3,0xC1E4,0xF38B,0xFFFF,0xFFFF,0xFFFF,0xFFFF,
  0xFFFF,0xFFFF,0xFFFF,0xFFFF,0xFFFF,0xFFFF,0xFFFF,0xFFFF,0xFFFF,0xFFFF,0xFFFF,0xFFFF,0xFFFF,0xFFFF,0xFFFF,0xFFFF,
  0xFFFF,0xFFFF,0xFFFF,0xFFFF,0xFFFE,0xE71B,0xE40D,0xDBCD,0xDE16,0xFF9D,0xFFFF,0xFFFF,0xFFFF,0xFFFF,0xFFFF,0xFFFF,
  0xFF3A,0xAC0E,0xE182,0xE1C3,0xE1C3,0xD9C4,0xE1C3,0xD9C4,0xE1C3,0xD1A3,0xCD94,0xFFBD,0xFFFF,0xFFFF,0xFFFF,0xFFFF,
  0xFFFF,0xFFFF,0xFFFF,0xFFFF,0xFFFF,0xFFFF,0xFFFF,0xFFFF,0xFFFF,0xFFFF,0xFFFF,0xFFFF,0xFFFF,0xFFFF,0xFFFF,0xFFFF,
  0xFFFF,0xFFFF,0xFFFF,0xFFFF,0xFFFF,0xFFFF,0xFFFF,0xFFFF,0xFFFF,0xFFFF,0xFFFF,0xFFFF,0xFFFF,0xFFFF,0xFFFF,0xFFFF,
  0xFFFF,0xFFFF,0xFFFF,0xFFFF,0xF7FF,0xFFFF,0xFF3B,0xA3CE,0xD9A3,0xE1A3,0xD9C4,0xD9A3,0xD9C4,0xD9A3,0xD9A4,0xE1A3,
  0xB1E5,0xFC0D,0xFFFF,0xFFFF,0xFFFF,0xFFFF,0xFFFF,0xFFFF,0xFFFF,0xFFFF,0xFF7D,0xC4F3,0xD983,0xD983,0xD9C4,0xE1A3,
  0xD9C4,0xD9A3,0xD9C4,0xD9A3,0xE1A3,0xE182,0xC1C5,0xF2E9,0xDEDB,0xFFDF,0xF7FF,0xF7FF,0xFE98,0x9AEA,0xD9A3,0xE1A3,
  0xD9C4,0xD9A3,0xD9C4,0xE1A3,0xD1E4,0xDA05,0xEF3C,0xFFDE,0xF3CC,0xB9E4,0xD9C3,0xE1A3,0xD9C4,0xD9A3,0xD9A4,0xE1A3,
  0xB9E5,0xFB8C,0xFFFF,0xFFFF,0xFC90,0xB206,0xD9A3,0xE1A3,0xD9C4,0xD9A3,0xD9C4,0xD9A3,0xD9C4,0xD9A3,0xD9C4,0xD9A3,
  0xE1A3,0xE183,0xA288,0xFD73,0xF7FF,0xFFFF,0xFFFF,0xFFFF,0xFFFF,0xFFFF,0xFFFF,0xFFFF,0xFFFF,0xFFFF,0xFFFF,0xFFFF,
  0xFFFF,0xF75C,0xE267,0xD1A4,0xD9C4,0xE1A3,0xD9C4,0xD9A3,0xD9C4,0xD9A3,0xD9C4,0xD9A3,0xD9C4,0xD983,0xB4D2,0xFF5C,
  0xF7FF,0xFFFF,0xFF1B,0xBCB1,0xD9C4,0xD983,0xD9A3,0xE1A3,0xD9C4,0xD9A3,0xD9C4,0xD9A3,0xD9C4,0xE1A3,0xD9A3,0xD9A3,
  0xC575,0xFF7D,0xF7FF,0xFFFF,0xFFFF,0xFFFF,0xFFFF,0xFFFF,0xFFFF,0xFFFF,0xFFFF,0xFFFF,0xFFFF,0xFFFF,0xFFFF,0xFFFF,
  0xFFFF,0xFFFF,0xFFFF,0xFFFF,0xFFFF,0xFFFF,0xFD53,0xAA26,0xE1A3,0xE9A3,0xC1E5,0xEB29,0xFFFF,0xFFFF,0xFFFF,0xFFFF,
  0xFFFF,0xFFFF,0xFFFF,0xFFFF,0xFFFF,0xFFFF,0xFFFF,0xFFFF,0xFFFF,0xFFFF,0xFFFF,0xFFFF,0xFFFF,0xFFFF,0xFFFF,0xFFFF,
  0xFFFF,0xFFFF,0xFFFF,0xFFFF,0xFFFF,0xFFFF,0xFFFF,0xFFFF,0xFFFF,0xFFFF,0xFFFF,0xFFFF,0xFFFF,0xFFFF,0xFFFF,0xFFFF,
  0xFFBE,0xD617,0xD1A3,0xD9A3,0xD9C4,0xE1A3,0xD9C4,0xD9A3,0xD9C4,0xD982,0xC595,0xFF9D,0xFFFF,0xFFFF,0xFFFF,0xFFFF,
  0xFFFF,0xFFFF,0xFFFF,0xFFFF,0xFFFF,0xFFFF,0xFFFF,0xFFFF,0xFFFF,0xFFFF,0xFFFF,0xFFFF,0xFFFF,0xFFFF,0xFFFF,0xFFFF,
  0xFFFF,0xFFFF,0xFFFF,0xFFFF,0xFFFF,0xFFFF,0xFFFF,0xFFFF,0xFFFF,0xFFFF,0xFFFF,0xFFFF,0xFFFF,0xFFFF,0xFFFF,0xFFFF,
  0xFFFF,0xFFFF,0xFFFF,0xFFFF,0xFFFF,0xFFFF,0xFF3A,0xA3CD,0xE182,0xE1C3,0xE1C3,0xD9C4,0xE1C3,0xD9C4,0xE1A3,0xE1C3,
  0xC1E4,0xF3CC,0xFFFF,0xFFFF,0xFFFF,0xFFFF,0xFFFF,0xFFFF,0xFFFF,0xFFFF,0xFC8F,0xB226,0xE1A3,0xE1C3,0xE1C3,0xD9C4,
  0xE1C3,0xD9C4,0xE1C3,0xD9C4,0xE1C3,0xD9C4,0xE9A3,0xD9A3,0xBA46,0xFCB0,0xF7DF,0xF7FF,0xFEFA,0x9B8C,0xE182,0xE1C3,
  0xE1C3,0xD9C4,0xE1C3,0xD9C3,0xD9E4,0xDA25,0xEF3C,0xFFFF,0xFDD4,0x9A88,0xE9A2,0xE1C3,0xE1C3,0xD9C4,0xE9A3,0xE1C3,
  0xB1C5,0xFC6F,0xFFFF,0xF7FF,0xFEB9,0x9B4B,0xE182,0xE1C3,0xE1C3,0xD9C4,0xE1C3,0xD9C4,0xE1C3,0xD9C4,0xE1C3,0xD9C4,
  0xE1C3,0xE1E4,0xD1C4,0xDA46,0xEEFB,0xFFFF,0xFFFF,0xFFFF,0xFFFF,0xFFFF,0xFFFF,0xFFFF,0xFFFF,0xFFFF,0xFFFF,0xFFFF,
  0xFF3A,0xAC4F,0xD982,0xE1C3,0xE1C3,0xD9C4,0xE1C3,0xD9C4,0xE1C3,0xD9C4,0xE1C3,0xD9C4,0xE1A3,0xE1A3,0xB205,0xFCD0,
  0xFFFF,0xEF7D,0xEAC8,0xC1C4,0xE1A3,0xE1C3,0xE1A3,0xD9C4,0xE1C3,0xD9C4,0xE1C3,0xD9C4,0xE1C3,0xD9C4,0xE1A3,0xD9A3,
  0xBA05,0xFC6E,0xFFFF,0xFFFF,0xFFFF,0xFFFF,0xFFBE,0xDE79,0xD309,0xDB6B,0xDE37,0xFFDE,0xFFFF,0xFFFF,0xFFFF,0xFFFF,
  0xFFFF,0xFFFF,0xFFFF,0xFFFF,0xFFFF,0xFFFF,0xFC6E,0xB205,0xE9A2,0xE1C3,0xC9E4,0xE2E8,0xFFDE,0xFFFF,0xFFFF,0xFFFF,
  0xFFFF,0xFFFF,0xFFFF,0xFFFF,0xFFFF,0xFFFF,0xFFFF,0xFFFF,0xFFFF,0xFFFF,0xFFFF,0xFFFF,0xFFFF,0xFFFF,0xFFFF,0xFFFF,
  0xFFFF,0xFFFF,0xFFFF,0xFFFF,0xFFFF,0xFFFF,0xFFFF,0xFFFF,0xFFFF,0xFFFF,0xFFFF,0xFFFF,0xFFFF,0xFFFF,0xFFFF,0xFFFF,
  0xFFFF,0xFFFF,0xFC2D,0xB205,0xE182,0xE1C3,0xE1A3,0xD9C3,0xD982,0xD182,0xDE38,0xFFDE,0xFFFF,0xFFFF,0xFFFF,0xFFFF,
  0xFFFF,0xFFFF,0xFFFF,0xFFFF,0xFFFF,0xFFFF,0xFFFF,0xFFFF,0xFFFF,0xFFFF,0xFFFF,0xFFFF,0xFFFF,0xFFFF,0xFFFF,0xFFFF,
  0xFFFF,0xFFFF,0xFFFF,0xFFFF,0xFFFF,0xFFFF,0xFFFF,0xFFFF,0xFFFF,0xFFFF,0xFFFF,0xFFFF,0xFFFF,0xFFFF,0xFFFF,0xFFFF,
  0xFFFF,0xFFFF,0xFFFF,0xFFFF,0xF7FF,0xFFFF,0xFF3B,0xABCE,0xD983,0xE1A3,0xD9C4,0xD9A3,0xD9C4,0xD9A3,0xD9C4,0xE1A3,
  0xC9E5,0xEAA8,0xF7DF,0xFFFF,0xFFFF,0xFFFF,0xFFFF,0xFFFF,0xFFDF,0xDE58,0xD9C4,0xD9A4,0xD9C4,0xE1A3,0xD9C4,0xD9A3,
  0xD9C4,0xD9A3,0xD9C4,0xD9A3,0xD9C4,0xD9A3,0xD9C4,0xD9A3,0xD9A3,0xD982,0xB3CE,0xFE58,0xFF7D,0xA42F,0xD983,0xE1A3,
  0xD9C4,0xD9A3,0xD9C4,0xE1A3,0xD1E4,0xDA05,0xEF3D,0xFFFF,0xFF7C,0xB490,0xD183,0xE1A3,0xD9C4,0xE1A3,0xD9A4,0xD962,
  0xAC0E,0xFED9,0xF7FF,0xFFFF,0xFEFA,0xA34C,0xD9A3,0xE1A3,0xD9C4,0xD9A3,0xD9C4,0xD9A3,0xD9C4,0xD9A3,0xD9C4,0xD9A3,
  0xD9C4,0xD9A3,0xE1C3,0xE182,0xA3AD,0xFEB9,0xF7FF,0xFFFF,0xFFFF,0xFFFF,0xFFFF,0xFFFF,0xFFFF,0xFFFF,0xFFFF,0xFFFF,
  0xFC6F,0xB9E5,0xD9C3,0xE1A3,0xD9C4,0xD9A3,0xD9C4,0xD9A3,0xD9C4,0xD9A3,0xD9C4,0xD9A3,0xD9C4,0xE1A3,0xC9E5,0xDA46,
  0xFE99,0xC42E,0xD183,0xE1A3,0xD9C4,0xE1A3,0xD9C4,0xD9A3,0xD9C4,0xD9A3,0xD9C4,0xD9A3,0xD9C4,0xD9A3,0xD9C4,0xD9A3,
  0xD9C4,0xD983,0xBCF2,0xFF5B,0xF7FF,0xFFFF,0xFF1B,0xA38C,0xE162,0xE961,0xB226,0xFC2E,0xFFFF,0xFFFF,0xFFFF,0xFFFF,
  0xFFFF,0xFFFF,0xFFFF,0xFFFF,0xFFFF,0xFFFF,0xF3CC,0xB9E4,0xE1C3,0xE1A3,0xC9E4,0xE287,0xF7BF,0xFFFF,0xFFFF,0xFFFF,
  0xFFFF,0xFFFF,0xFFFF,0xFFDF,0xF7BE,0xFFDE,0xFFFF,0xFFFF,0xFFFF,0xFFFF,0xFFFF,0xFFFF,0xFFFF,0xFFFF,0xFFFF,0xFFFF,
  0xFFFF,0xFFFF,0xFFFF,0xFFFF,0xFFFF,0xFFFF,0xFFFF,0xE6DB,0xDCB0,0xE4B0,0xE6DB,0xFFDF,0xFFFF,0xFFFF,0xFFFF,0xFFFF,
  0xFFFF,0xFFFF,0xFFBD,0xD5D6,0xE267,0xD1A4,0xD9A4,0xE1C4,0xC36B,0xFD12,0xF7BF,0xFFDF,0xFFFF,0xFFFF,0xFFFF,0xFFFF,
  0xFFFF,0xFFFF,0xFFFF,0xFFFF,0xFFFF,0xFFFF,0xFFFF,0xFFFF,0xFFFF,0xFFFF,0xFFFF,0xFFFF,0xFFFF,0xFFFF,0xFFFF,0xFFFF,
  0xFFFF,0xFFFF,0xFFFF,0xFFFF,0xFFFF,0xFFFF,0xFFFF,0xFFFF,0xFFFF,0xFFFF,0xFFFF,0xFFFF,0xFFFF,0xFFFF,0xFFFF,0xFFFF,
  0xFFFF,0xFFFF,0xFFFF,0xFFFF,0xFFFF,0xFFFF,0xFF5B,0xAC2F,0xE182,0xE1C3,0xE1C3,0xD9C4,0xE1C3,0xD9C4,0xE1C3,0xD9C4,
  0xD9C3,0xD9C3,0xDE58,0xFFFE,0xFFFF,0xFFFF,0xFFFF,0xF7FF,0xFEB8,0xA36B,0xE162,0xE1A3,0xE1A3,0xD9C4,0xE1C3,0xD9C4,
  0xE1C3,0xD9C4,0xE1C3,0xD9C4,0xE1C3,0xD9C4,0xE1C3,0xD9C4,0xE1A3,0xE1C3,0xD1A3,0xDA26,0xFE16,0xDD12,0xD983,0xD9C4,
  0xE1C3,0xD9C4,0xE1C3,0xD9C3,0xD9C3,0xDA25,0xF73C,0xFFFF,0xFFFF,0xEF5C,0xE245,0xC9A3,0xE9A2,0xE182,0xC1E4,0xF3EC,
  0xFFBE,0xFFFF,0xFFFF,0xFFFF,0xFE98,0x9B2B,0xE182,0xE1C3,0xE1C3,0xD9C4,0xE1C3,0xD9C4,0xE1C3,0xD9C4,0xE1C3,0xD9C4,
  0xE1C3,0xD9C4,0xE1A3,0xE1C3,0xB9C4,0xF3CC,0xFFFF,0xFFFF,0xFFFF,0xFFFF,0xFFFF,0xFFFF,0xFFFF,0xFFFF,0xFFDE,0xDE99,
  0xD9E3,0xD9E4,0xE1C3,0xD9C3,0xE1C3,0xD9C4,0xE1C3,0xD9C4,0xE1C3,0xD9C4,0xE1C3,0xD9C4,0xE1C3,0xD9C4,0xE1C3,0xD9E4,
  0xEA66,0xD1E4,0xE1C3,0xD9C4,0xE1C3,0xD9C4,0xE1C3,0xD9C4,0xE1C3,0xD9C4,0xE1C3,0xD9C4,0xE1C3,0xD9C4,0xE1C3,0xD9C4,
  0xE1A3,0xE1A3,0xC1E4,0xF38B,0xF6FA,0xFF7C,0xFC0D,0xBA05,0xE1A3,0xE1C3,0xE1A3,0xD982,0xC533,0xFF9D,0xFFFF,0xFFFF,
  0xFFFF,0xFFFF,0xFFFF,0xFFFF,0xFFFF,0xFFFF,0xEAE8,0xC1E5,0xE9A3,0xE1C3,0xD1C4,0xDA66,0xFF7D,0xFFFF,0xFFFF,0xFFFF,
  0xFFFE,0xE73B,0xF44E,0xCB2A,0xDA87,0xE329,0xD5B5,0xFF7C,0xFFFF,0xFFFF,0xFFFF,0xFFFF,0xFFFF,0xFFFF,0xFFFF,0xFFFF,
  0xFFFF,0xFFFF,0xFFFF,0xFFFF,0xFFFF,0xF7DF,0xFC4E,0xBA67,0xE162,0xE182,0xC246,0xFC4E,0xFFBE,0xFFFF,0xFFFF,0xFFFF,
  0xFFFF,0xFFFF,0xFFFF,0xFFFF,0xFF7C,0xE699,0xEE98,0xF71A,0xFFDE,0xFFFF,0xFFFF,0xFFFF,0xFFFF,0xFFFF,0xFFFF,0xFFFF,
  0xFFFF,0xFFFF,0xFFFF,0xFFFF,0xFFFF,0xFFFF,0xFFFF,0xFFFF,0xFFFF,0xFFFF,0xFFFF,0xFFFF,0xFFFF,0xFFFF,0xFFFF,0xFFFF,
  0xFFFF,0xFFFF,0xFFFF,0xFFFF,0xFFFF,0xFFFF,0xFFFF,0xFFFF,0xFFFF,0xFFFF,0xFFFF,0xFFFF,0xFFFF,0xFFFF,0xFFFF,0xFFFF,
  0xFFFF,0xFFFF,0xFFFF,0xFFFF,0xFFFF,0xFFFF,0xFF7D,0xB491,0xD983,0xE1A3,0xD9C4,0xD9A3,0xD9C4,0xD9A3,0xD9C4,0xD9A3,
  0xD9A4,0xE183,0xA38C,0xFEB9,0xF7FF,0xFFFF,0xFFFF,0xFFFF,0xFC2E,0xB9E5,0xD9C4,0xE1A3,0xD9C4,0xD9A3,0xD9A4,0xD982,
  0xD983,0xD962,0xD9C4,0xE1A3,0xD9C4,0xD9A3,0xD9C4,0xD9A3,0xD9C4,0xD9A3,0xD9C4,0xD9A3,0xCA46,0xF36A,0xD1C4,0xD9C4,
  0xD9C4,0xD9A3,0xD9C4,0xE1A3,0xD1E4,0xDA05,0xEF3C,0xFFDE,0xF7FF,0xFFFF,0xFE58,0xC3EE,0xD226,0xE287,0xCE17,0xFFBD,
  0xFFFF,0xFFFF,0xF7FF,0xFFFF,0xFE78,0x9AC9,0xE1A3,0xE1A3,0xD9C4,0xD9A3,0xD9C4,0xD9A3,0xD9C4,0xD9A3,0xD9C4,0xD9A3,
  0xD9C4,0xD9A3,0xD9C4,0xE1A3,0xD9C4,0xD983,0xD679,0xFFDE,0xFFFF,0xFFFF,0xFFFF,0xFFFF,0xFFFF,0xFFFF,0xFEDA,0xA36C,
  0xD983,0xE1A3,0xD9C4,0xD9A3,0xD9C4,0xD9A3,0xD9C4,0xD9A3,0xD9C4,0xD9A3,0xD9C4,0xD9A3,0xD9C4,0xD9A3,0xD9C4,0xD9A3,
  0xD9C4,0xE1A3,0xD9C4,0xD9A3,0xD9C4,0xD9A3,0xD9C4,0xE1A3,0xD9C4,0xD9A3,0xD9C4,0xD9A3,0xD9C4,0xD9A3,0xD9C4,0xD9A3,
  0xD9C4,0xD9A3,0xD9C4,0xD982,0xDA05,0xE205,0xD1A3,0xD9A3,0xD9C4,0xD9A3,0xD9A3,0xE1A3,0xA267,0xFD73,0xFFFF,0xFFFF,
  0xFFFF,0xFFFF,0xFFFF,0xFFFF,0xFFFF,0xFF9E,0xE287,0xC9C4,0xD9A4,0xE1A3,0xC9E4,0xDA25,0xEF5D,0xFFDF,0xFFFF,0xFFBF,
  0xFC90,0xBA67,0xD962,0xE182,0xE1A3,0xE182,0xC1C4,0xEAA8,0xDEDB,0xFFDE,0xFFFF,0xFFFF,0xFFFF,0xFFFF,0xFFFF,0xFFFF,
  0xFFFF,0xFFFF,0xF7FF,0xFFFF,0xFE99,0xB3AD,0xD983,0xE183,0xD9C4,0xE1A3,0xD9A4,0xD962,0xAC2F,0xFEFA,0xF7FF,0xFFFF,
  0xFFFF,0xFFFF,0xFFFF,0xFFDF,0xFFFF,0xFFFF,0xFFFF,0xFFFF,0xFFFF,0xFFFF,0xFFFF,0xFFFF,0xFFFF,0xFFFF,0xFFFF,0xFFFF,
  0xFFFF,0xFFFF,0xFFFF,0xFFFF,0xFFFF,0xFFFF,0xFFFF,0xFFFF,0xFFFF,0xFFFF,0xFFFF,0xFFFF,0xFFFF,0xFFFF,0xFFFF,0xFFFF,
  0xFFFF,0xFFFF,0xFFFF,0xFFFF,0xFFFF,0xFFFF,0xFFFF,0xFFFF,0xFFFF,0xFFFF,0xFFFF,0xFFFF,0xFFFF,0xFFFF,0xFFFF,0xFFFF,
  0xFFFF,0xFFFF,0xFFFF,0xFFFF,0xFFFF,0xFFFF,0xFF9D,0xCDB5,0xD982,0xD9C3,0xE1C3,0xD9C4,0xE1C3,0xD9C4,0xE1C3,0xD9C4,
  0xE1A3,0xE1C3,0xC1E4,0xF3AB,0xFFDF,0xFFFF,0xFFDF,0xE71C,0xE1E4,0xD1C4,0xE1C3,0xD9C3,0xE1C3,0xD9C3,0xC246,0xFC8F,
  0xFD32,0xD3EE,0xE1C4,0xD9A4,0xE1C3,0xD9C4,0xE1C3,0xD9C4,0xE1C3,0xD9C4,0xE1C3,0xD9C4,0xE1A3,0xD9C3,0xE1C3,0xD9C4,
  0xE1C3,0xD9C4,0xE1C3,0xD9C3,0xD9C3,0xDA25,0xF73B,0xFFFE,0xFFFF,0xFFFF,0xFFFF,0xFFFF,0xF73B,0xFF9D,0xFFFF,0xFFFF,
  0xFFFF,0xFFFF,0xFFFF,0xFFFF,0xFDF6,0xA2A9,0xE1A2,0xE1C3,0xE1C3,0xD9C4,0xE1C3,0xD9C4,0xE1A3,0xD9C4,0xE1A3,0xE1C4,
  0xE1A3,0xD9C4,0xE1C3,0xD9C4,0xE9A3,0xD9A3,0xABCD,0xFF3B,0xFFFF,0xFFFF,0xFFFF,0xFFFF,0xFFFF,0xFFFF,0xFC4E,0xB205,
  0xE1A3,0xE1C3,0xE1C3,0xD9C4,0xE1C3,0xD9C4,0xE1C3,0xD9C4,0xE1C3,0xD9C4,0xE1C3,0xD9C4,0xE1C3,0xD9C4,0xE1C3,0xD9C4,
  0xE1C3,0xD9C4,0xE1C3,0xD9C4,0xE1C3,0xD9C4,0xE1A3,0xD9A3,0xD962,0xD982,0xD962,0xD9A3,0xE1C3,0xD9C4,0xE1A3,0xD9C4,
  0xE1C3,0xD9C4,0xE1C3,0xD9C4,0xE1A3,0xD9C3,0xE1C3,0xD9C4,0xE1C3,0xD9C4,0xE1A3,0xE1C3,0xC9E4,0xE309,0xFFBE,0xFFFF,
  0xFFFF,0xFFFF,0xFFFF,0xFFFF,0xFFDE,0xEF5C,0xE225,0xD1E4,0xE1A3,0xE1C3,0xD9C3,0xDA05,0xEF1B,0xFFFF,0xFEB9,0xAC0E,
  0xD962,0xD9A3,0xE1C3,0xD9C4,0xE1C3,0xD9C4,0xE9A3,0xE183,0xAA88,0xFD74,0xFFFF,0xFFFF,0xFFFF,0xFFFF,0xFFFF,0xFFFF,
  0xFFFF,0xFFFF,0xFFFE,0xDEDA,0xE246,0xC9C4,0xE1A3,0xE1C3,0xE1C3,0xD9C3,0xE1A3,0xE1C3,0xB9C4,0xFBED,0xFFFF,0xFFFF,
  0xFFFF,0xFFFF,0xFFFF,0xFFFF,0xFFFF,0xFFFF,0xFFFF,0xFFFF,0xFFFF,0xFFFF,0xFFFF,0xFFFF,0xFFFF,0xFFFF,0xFFFF,0xFFFF,
  0xFFFF,0xFFFF,0xFFFF,0xFFFF,0xFFFF,0xFFFF,0xFFFF,0xFFFF,0xFFFF,0xFFFF,0xFFFF,0xFFFF,0xFFFF,0xFFFF,0xFFFF,0xFFFF,
  0xFFFF,0xFFFF,0xFFFF,0xFFFF,0xFFFF,0xFFFF,0xFFFF,0xFFFF,0xFFFF,0xFFFF,0xFFFF,0xFFFF,0xFFFF,0xFFFF,0xFFFF,0xFFFF,
  0xFFFF,0xFFFF,0xFFFF,0xFFFF,0xFFFF,0xFFFF,0xFFDF,0xE6BA,0xD1C4,0xD9C4,0xD9C4,0xE1A3,0xD9C4,0xD9A3,0xD9C4,0xD9A3,
  0xD9C4,0xD9A3,0xD9A4,0xD962,0xB513,0xFF7D,0xFF9E,0xB4D3,0xD183,0xE1A3,0xD9C4,0xE1A3,0xD9C4,0xD983,0xBD75,0xFFBE,
  0xF7FF,0xF7FF,0xFDB5,0xB30A,0xD9A3,0xE1A3,0xD9C4,0xD9A3,0xD9C4,0xD9A3,0xD9C4,0xD9A3,0xD9C4,0xD9A3,0xD9C4,0xD9A3,
  0xD9C4,0xD9A3,0xD9C4,0xE1A3,0xD1E4,0xDA05,0xEF3C,0xFFDE,0xFFFF,0xFFFF,0xFFFF,0xFFFF,0xFFFF,0xFFFF,0xFFFF,0xFFFF,
  0xFFFF,0xFFFF,0xF7FF,0xFFFF,0xFDB5,0xA267,0xE1A3,0xE1A3,0xD9C4,0xD9A3,0xD9C4,0xE1C4,0xE2A7,0xD1C4,0xD9A3,0xE1A3,
  0xD9C4,0xD9A3,0xD9C4,0xD9A3,0xE1C3,0xE1A3,0xA247,0xFD53,0xFFFF,0xFFFF,0xFFFF,0xFFFF,0xFFDF,0xE6DB,0xD9E5,0xD1A4,
  0xD9C4,0xE1A3,0xD9C4,0xD9A3,0xD9C4,0xD9A3,0xD9C4,0xD9A3,0xD9C4,0xD9A3,0xD9C4,0xD9A3,0xD9C4,0xD9A3,0xD9C4,0xD9A3,
  0xD9C4,0xD9A3,0xD9C4,0xD9A3,0xD9C4,0xE1A3,0xCA67,0xF3AC,0xE4F2,0xECD2,0xF490,0xD36B,0xD9A3,0xD962,0xD9A4,0xE1A3,
  0xD9C4,0xD9A3,0xD9C4,0xD9A3,0xD9C4,0xD9A3,0xD9C4,0xD9A3,0xD9C4,0xD9A3,0xD9C4,0xE1A3,0xD9C4,0xD983,0xDE79,0xFFBE,
  0xFFFF,0xFFFF,0xFFFF,0xFFFF,0xFFDF,0xE6BA,0xD1E4,0xD9C4,0xD9C4,0xE1A3,0xD1C4,0xD9A3,0xDDF7,0xFF1B,0xE2C8,0xC1A4,
  0xD9C3,0xE1A3,0xD9C4,0xE1A3,0xD9C4,0xD9A3,0xD9C4,0xE1A3,0xD1C3,0xD9C3,0xCE38,0xFFDE,0xFFFF,0xFFFF,0xFFFF,0xFFFF,
  0xFFFF,0xFFFF,0xFDB4,0xAAA8,0xD982,0xE1A2,0xD9C4,0xD9A3,0xD9C4,0xD9A3,0xD9C4,0xE1A3,0xC9C4,0xE287,0xFFDF,0xFFFF,
  0xFFFF,0xFFFF,0xFFFF,0xFFFF,0xFFFF,0xFFFF,0xFFFF,0xFFFF,0xFFFF,0xFFFF,0xFFFF,0xFFFF,0xFFFF,0xFFFF,0xFFFF,0xFFFF,
  0xFFFF,0xFFFF,0xFFFF,0xFFFF,0xFFFF,0xFFFF,0xFFFF,0xFFFF,0xFFFF,0xFFFF,0xFFFF,0xFFFF,0xFFFF,0xFFFF,0xFFFF,0xFFFF,
  0xFFFF,0xFFFF,0xFFFF,0xFFFF,0xFFFF,0xFFFF,0xFFFF,0xFFFF,0xFFFF,0xFFFF,0xFFFF,0xFFFF,0xFFFF,0xFFFF,0xFFFF,0xFFFF,
  0xFFFF,0xFFFF,0xFFFF,0xFFFF,0xFFFF,0xFFFF,0xFFFF,0xFFFF,0xF329,0xC1E4,0xE1A3,0xE1C3,0xE1C3,0xD9C4,0xE1C3,0xD9C4,
  0xE1C3,0xD9C4,0xE1A3,0xE1C3,0xBA05,0xFC4F,0xFE97,0xA32A,0xE1A3,0xE1C3,0xE1A3,0xE1C3,0xD1C4,0xE287,0xFFBE,0xFFFF,
  0xFFFF,0xFFFF,0xFFFE,0xDEB9,0xD9C3,0xD9C4,0xE1C3,0xD9C4,0xE1C3,0xD9C4,0xE1C3,0xD9C4,0xE1C3,0xD9C4,0xE1C3,0xD9C4,
  0xE1C3,0xD9C4,0xE1C3,0xD9C3,0xD9C3,0xDA25,0xF73B,0xFFFE,0xFFFF,0xFFFF,0xFFFF,0xFFFF,0xFFFF,0xFFFF,0xFFFF,0xFFFF,
  0xFFFF,0xFFFF,0xFFFF,0xFFFF,0xFD32,0xA246,0xE9A3,0xE1C3,0xE1C3,0xD9C3,0xD1C4,0xD205,0xFE78,0xE574,0xD9E4,0xD1E4,
  0xE1C3,0xD9C3,0xE1C3,0xD9C4,0xE1A3,0xE1C3,0xC1C4,0xF3AB,0xFFFF,0xFFFF,0xFFFF,0xFFFF,0xFF3B,0xAC50,0xE182,0xE1C3,
  0xE1C3,0xD9C4,0xE1C3,0xD9C4,0xE1C3,0xD9C4,0xE1A3,0xD9C3,0xE1C3,0xD9C4,0xE1C3,0xD9C4,0xE1C3,0xD9C4,0xE1C3,0xD9C4,
  0xE1C3,0xD9C4,0xE1C3,0xD9C4,0xE1C3,0xD1A3,0xD616,0xFFDE,0xFFFF,0xFFFF,0xFFFF,0xF7DF,0xFD73,0xD490,0xE204,0xD1E4,
  0xE1C3,0xD9C4,0xE1C3,0xD9C4,0xE1C3,0xD9C4,0xE1C3,0xD9C4,0xE1C3,0xD9C4,0xE1C3,0xD9C4,0xE1A3,0xD982,0xB470,0xFF7C,
  0xFFFF,0xFFFF,0xFFFF,0xFFFF,0xFFBD,0xDE58,0xD983,0xD9C4,0xE1C3,0xD9C4,0xE1A3,0xD9A4,0xDA86,0xE2C8,0xD9A3,0xD9C4,
  0xE1C3,0xD9C4,0xE1C3,0xD9C4,0xE1C3,0xD9C4,0xE1C3,0xD9C4,0xE9A3,0xE1A3,0xB267,0xFD53,0xFFFF,0xFFFF,0xFFFF,0xFFFF,
  0xFFBE,0xDE99,0xE204,0xD1C4,0xE1C3,0xD9C3,0xE1C3,0xD9C4,0xE1C3,0xD9C4,0xE1A3,0xE1C3,0xC1E4,0xEB8B,0xFFFF,0xFFFF,
  0xFFFF,0xFFFF,0xFFFF,0xFFFF,0xFFFF,0xFFFF,0xFFFF,0xFFFF,0xFF3B,0xEEDB,0xF6DA,0xF73C,0xFFFF,0xFFFF,0xFFFF,0xFFFF,
  0xFFFF,0xFFFF,0xFFFF,0xFFFF,0xFFFF,0xFFFF,0xFFFF,0xFFFF,0xFFFF,0xFFFF,0xFFFF,0xFFFF,0xFFFF,0xFFFF,0xFFFF,0xFFFF,
  0xFFFF,0xFFFF,0xFFFF,0xFFFF,0xFFFF,0xFFFF,0xFFFF,0xFFFF,0xFFFF,0xFFFF,0xFFFF,0xFFFF,0xFFFF,0xFFFF,0xFFFF,0xFFFF,
  0xFFFF,0xFFFF,0xFFFF,0xFFFF,0xFFFF,0xFFFF,0xF7FF,0xFFFF,0xFDF6,0xA288,0xE1A3,0xE1A3,0xD9C4,0xD9A3,0xD9C4,0xD9A3,
  0xD9C4,0xD9A3,0xD9C4,0xD9A3,0xD9C4,0xD9A3,0xE2C8,0xD204,0xD9C4,0xE1A3,0xD9A3,0xE1A3,0xB9E5,0xFB8B,0xFFFF,0xFFFF,
  0xFFFF,0xFFFF,0xFFFF,0xFFBE,0xE2A8,0xC9C4,0xD9C4,0xE1A3,0xD9C4,0xD9A3,0xD9C4,0xD9A3,0xD9C4,0xD9A3,0xD9C4,0xD9A3,
  0xD9C4,0xD9A3,0xD9C4,0xE1A3,0xD1C4,0xE205,0xEF5C,0xFFDE,0xFFFF,0xFFFF,0xFFFF,0xFFFF,0xF679,0xDD75,0xE699,0xFF3B,
  0xFFFF,0xFFFF,0xFFFF,0xFFFF,0xFCD0,0xB205,0xD9A3,0xE1A3,0xD9C4,0xE1A3,0xD1C4,0xD9E4,0xE73D,0xFFFF,0xFD33,0xAA47,
  0xE1A3,0xE1A3,0xD9C4,0xD9A3,0xD9C4,0xE1A3,0xC9C5,0xE226,0xF77D,0xFFDF,0xF7FF,0xFFFF,0xFD74,0xA247,0xE1A3,0xE1A3,
  0xD9C4,0xD9A3,0xD9C4,0xD9A3,0xD9C4,0xD9A3,0xD9C4,0xD983,0xD9C4,0xD9A3,0xD9C4,0xD9A3,0xD9C4,0xD9A3,0xD9C4,0xD9A3,
  0xD9C4,0xD9A3,0xD9C4,0xE1A3,0xD1C4,0xD9A3,0xDE9A,0xFFBE,0xFFFF,0xFFFF,0xFFFF,0xFFFF,0xFFFF,0xFFFF,0xFC90,0xB205,
  0xD9A3,0xE1A3,0xD9C4,0xD9A3,0xD9C4,0xD9A3,0xD9C4,0xD9A3,0xD9C4,0xD9A3,0xD9C4,0xD9A3,0xE1A3,0xE183,0x9ACA,0xFE37,
  0xF7FF,0xFFFF,0xFFFF,0xFFFF,0xFF9E,0xCD95,0xD183,0xD9A3,0xD9C4,0xD9A3,0xD9C4,0xD9A3,0xD9C4,0xD9A3,0xD9C4,0xE1A3,
  0xD9C4,0xD9A3,0xD9C4,0xD9A3,0xD9C4,0xD9A3,0xD9C4,0xD9A3,0xD9C4,0xE1A3,0xD1C4,0xD9C4,0xD679,0xFFDE,0xF7FF,0xFFFF,
  0xFE37,0xA2EA,0xD983,0xE1A3,0xD9C4,0xD9A3,0xD9C4,0xD9A3,0xD9C4,0xD9A3,0xE1A3,0xE1A3,0xAA06,0xFCD1,0xFFFF,0xFFFF,
  0xFFFF,0xFFFF,0xFFFF,0xFFFF,0xF7FF,0xFFFF,0xFEBA,0xBC50,0xDA25,0xD9C4,0xD1E4,0xE205,0xB3EE,0xFE37,0xFFFF,0xFFFF,
  0xFFFF,0xFFFF,0xFFFF,0xFFFF,0xFFFF,0xFFFF,0xFFFF,0xFFFF,0xFFFF,0xFFFF,0xFFFF,0xFFFF,0xFFFF,0xFFFF,0xFFFF,0xFFFF,
  0xFFFF,0xFFFF,0xFFFF,0xFFFF,0xFFFF,0xFFFF,0xFFFF,0xFFFF,0xFFFF,0xFFFF,0xFFFF,0xFFFF,0xFFFF,0xFFFF,0xFFFF,0xFFFF,
  0xFFFF,0xFFFF,0xFFFF,0xFFFF,0xFFFF,0xFFFF,0xFFFF,0xFFFF,0xFF9D,0xC574,0xD982,0xE1C4,0xE1A3,0xE1C4,0xE1C3,0xD9C4,
  0xE1C3,0xD9C4,0xE1C3,0xD9C4,0xE1C3,0xD9C4,0xE182,0xE1C3,0xE1C3,0xD9C4,0xE1A3,0xE1C3,0xC1E4,0xFBED,0xFFFF,0xFFFF,
  0xFFFF,0xFFFF,0xFFFF,0xFFFF,0xF36A,0xC205,0xE1A3,0xE1C3,0xE1C3,0xD9C4,0xE1C3,0xD9C4,0xE1C3,0xD9C4,0xE1C3,0xD9C4,
  0xE1C3,0xD9C4,0xE1C3,0xD9C3,0xD1C4,0xDA46,0xFF7C,0xFFFF,0xFFFF,0xFFFF,0xFFFF,0xFFFF,0xF309,0xB9A3,0xD9A3,0xEA46,
  0xCC2E,0xFE16,0xFFDF,0xFFFF,0xFBCC,0xB9E5,0xE1A3,0xE1C3,0xE1C3,0xD9C4,0xD9C3,0xD9E4,0xE6DA,0xFFFF,0xFF9D,0xBD33,
  0xD9A3,0xD9C4,0xE1C3,0xD9C4,0xE1C3,0xD9C4,0xE1C3,0xD9A4,0xDE78,0xFFDE,0xFFFF,0xFFDF,0xEAE8,0xC1E4,0xE1A3,0xE1C3,
  0xE1C3,0xD9C4,0xE1C3,0xD9C4,0xD9C4,0xDA05,0xFD94,0xE4D1,0xE1C4,0xD9C4,0xE1C3,0xD9C4,0xE1C3,0xD9C4,0xE1C3,0xD9C4,
  0xE1C3,0xD9C4,0xE1C3,0xD9C4,0xE1A3,0xD9A3,0xC513,0xFF9D,0xFFFF,0xFFFF,0xFFFF,0xFFFF,0xFFFF,0xFFFF,0xFE36,0x9AC9,
  0xE9A3,0xE1A3,0xE1C3,0xD9C4,0xE1C3,0xD9C4,0xE1C3,0xD9C4,0xE1C3,0xD9C4,0xE1C3,0xD9C4,0xE9A3,0xE1C3,0xB205,0xFCD0,
  0xFFFF,0xFFFF,0xFFFF,0xFFFF,0xFF9C,0xBD33,0xD982,0xE1C3,0xE1C3,0xD9C4,0xE1C3,0xD9C4,0xE1C3,0xD9C4,0xE1C3,0xD9C4,
  0xE1C3,0xD9C4,0xE1C3,0xD9C4,0xE1C3,0xD9C4,0xE1C3,0xD9C4,0xE1C3,0xD9C4,0xE9A3,0xE1A3,0xA32A,0xFE98,0xFFFF,0xF7FF,
  0xF329,0xC1E4,0xE1A3,0xE1C3,0xE1C3,0xD9C4,0xE1C3,0xD9C4,0xE1C3,0xD9C4,0xE9A3,0xD983,0xB44F,0xFF3B,0xFFFF,0xFFFF,
  0xFFFF,0xFFFF,0xFFFF,0xFFFF,0xFFDE,0xDEDA,0xEA66,0xC9C3,0xE1A3,0xE1A3,0xE1A3,0xD9A3,0xD1A3,0xDA05,0xE699,0xFFFE,
  0xFFFF,0xFFFF,0xFFFF,0xFFFF,0xFFFF,0xFFFF,0xFFFF,0xFFFF,0xFFFF,0xFFFF,0xFFFF,0xFFFF,0xFFFF,0xFFFF,0xFFFF,0xFFFF,
  0xFFFF,0xFFFF,0xFFFF,0xFFFF,0xFFFF,0xFFFF,0xFFFF,0xFFFF,0xFFFF,0xFFFF,0xFFFF,0xFFFF,0xFFFF,0xFFFF,0xFFFF,0xFFFF,
  0xFFFF,0xFFFF,0xFFFF,0xFFFF,0xFFFF,0xFFFF,0xFFFF,0xFFFF,0xFFFF,0xFFBE,0xEB2A,0xC1C4,0xD9C4,0xE1A3,0xD9C4,0xD9A3,
  0xD9C4,0xD9A3,0xD9C4,0xD9A3,0xD9C4,0xD9A3,0xD9C4,0xD9A3,0xD9C4,0xD9A3,0xD9A4,0xE1A3,0xB9E5,0xFBAC,0xFFFF,0xFFFF,
  0xFFFF,0xFFFF,0xFFFF,0xFFFF,0xF40D,0xB9E5,0xD9A4,0xE1A3,0xD9C4,0xD9A3,0xD9C4,0xD9A3,0xD9C4,0xD9A3,0xD9C4,0xD9A3,
  0xD9C4,0xD9A3,0xD9C4,0xE1A3,0xC9C5,0xE246,0xF7BE,0xFFDF,0xFFFF,0xFFFF,0xFFFF,0xF73C,0xDA46,0xD1C4,0xE1A4,0xE1A3,
  0xD1A3,0xE1A3,0xD32A,0xF3ED,0xDA26,0xD9C4,0xD9C4,0xE1A3,0xD9C4,0xD9A3,0xD9C4,0xD982,0xBD14,0xFF7D,0xFFFF,0xF79E,
  0xE2A8,0xC9C4,0xD9C4,0xE1A3,0xD9C4,0xD9A3,0xD9C4,0xD962,0xBD34,0xFF9D,0xFFDF,0xD617,0xD1A3,0xD9A3,0xD9C4,0xE1A3,
  0xD9C4,0xD9A3,0xD9C4,0xE1A3,0xC9E5,0xDA46,0xFF9E,0xFF3C,0xD205,0xD1C4,0xD9C4,0xE1A3,0xD9C4,0xD9A3,0xD9C4,0xD9A3,
  0xD9C4,0xD9A3,0xD9C4,0xD9A3,0xD9A3,0xD962,0xA40F,0xFF5C,0xF7FF,0xFFFF,0xFFFF,0xFFFF,0xF7FF,0xFFFF,0xFEDA,0xA34B,
  0xD9A3,0xE1A3,0xD9C4,0xD9A3,0xD9C4,0xD9A3,0xD9C4,0xD9A3,0xD9C4,0xD9A3,0xD9C4,0xD9A3,0xD9C4,0xE1A3,0xC1E5,0xEAE9,
  0xFFDF,0xFFFF,0xF7FF,0xFFFF,0xFF7D,0xB491,0xD983,0xE1A3,0xD9C4,0xD9A3,0xD9C4,0xD9A3,0xD9C4,0xE1A3,0xD9C4,0xD9A3,
  0xD9C4,0xD9A3,0xD9C4,0xD9A3,0xD9C4,0xD9A3,0xD9C4,0xD9A3,0xD9C4,0xD9A3,0xD9A3,0xE1A3,0xB206,0xF40D,0xFFDF,0xDE58,
  0xD1A4,0xD9A3,0xD9C4,0xE1A3,0xD9C4,0xD9A3,0xD9C4,0xD9A3,0xD9A3,0xE1A3,0xB9E5,0xF36B,0xF7BF,0xFFFF,0xFFFF,0xFFFF,
  0xFFFF,0xFFFF,0xF7FF,0xFFFF,0xFDB5,0xAAC9,0xD983,0xE1A3,0xD9C4,0xD9A3,0xD9C4,0xD9A3,0xE1A4,0xE162,0x9B8D,0xFEDA,
  0xF7FF,0xFFFF,0xFFFF,0xFFFF,0xFFFF,0xFFFF,0xFFFF,0xFFFF,0xFFFF,0xFFFF,0xFFFF,0xFFFF,0xFFFF,0xFFFF,0xFFFF,0xFFFF,
  0xFFFF,0xFFFF,0xFFFF,0xFFFF,0xFFFF,0xFFFF,0xFFFF,0xFFFF,0xFFFF,0xFFFF,0xFFFF,0xFFFF,0xFFFF,0xFFFF,0xFFFF,0xFFFF,
  0xFFFF,0xFFFF,0xFFFF,0xFFFF,0xFFFF,0xFFFF,0xFFFF,0xFFFF,0xFFFF,0xFFFF,0xFE56,0xA30A,0xE182,0xE1C3,0xE1C3,0xD9C4,
  0xE1C3,0xD9C4,0xE1C3,0xD9C4,0xE1C3,0xD9C4,0xE1C3,0xD9C4,0xE1C3,0xD9C4,0xE1A3,0xE1C3,0xC1E4,0xF3CC,0xFFFF,0xFFFF,
  0xFFFF,0xFFFF,0xFFFF,0xFFFF,0xFC8F,0xB225,0xE1A3,0xE1C3,0xE1C3,0xD9C4,0xE1C3,0xD9C4,0xE1C3,0xD9C4,0xE1C3,0xD9C4,
  0xE1C3,0xD9C4,0xE1A3,0xE1C3,0xD1C4,0xE267,0xFFBE,0xFFFF,0xFFFF,0xFFFF,0xFFDE,0xDEBA,0xD9A3,0xD9C4,0xE1C3,0xD9C3,
  0xE1C3,0xD9C3,0xE182,0xD983,0xE1C3,0xD9C4,0xE1C3,0xD9C4,0xE1C3,0xD9C4,0xE9A3,0xD982,0xAC2F,0xFF7C,0xFFFF,0xF7FF,
  0xFCAF,0xB226,0xE9A3,0xE1A3,0xE1C3,0xD9C4,0xE1A3,0xD982,0xA3EE,0xFF5C,0xFF1B,0xA3CE,0xE182,0xE1C3,0xE1C3,0xD9C4,
  0xE1C3,0xD9C4,0xE1A3,0xE1C3,0xC1E4,0xEBAB,0xFFDE,0xF77C,0xE224,0xD1E4,0xE1C3,0xD9C3,0xE1C3,0xD9C4,0xE1C3,0xD9C4,
  0xE1C3,0xD9C4,0xE1C3,0xD9C4,0xE1A3,0xD9A3,0xABEE,0xFF3B,0xFFFF,0xFFFF,0xFFFF,0xFFFF,0xFFFF,0xFFFF,0xFED8,0xA36B,
  0xE182,0xE1C3,0xE1C3,0xD9C4,0xE1C3,0xD9C4,0xE1C3,0xD9C4,0xE1C3,0xD9C4,0xE1C3,0xD9C4,0xE1C3,0xD9C4,0xD9C3,0xD9E4,
  0xEEDA,0xFFFE,0xFFFF,0xFFFF,0xFF5B,0xA42F,0xE182,0xE1C3,0xE1C3,0xD9C4,0xE1C3,0xD9C4,0xE1C3,0xD9C4,0xE1C3,0xD9C4,
  0xE1C3,0xD9C4,0xE1A3,0xE1A3,0xE1A3,0xD9C3,0xE1C3,0xD9C4,0xE1C3,0xD9C4,0xE1A3,0xE1C3,0xD1E4,0xDA46,0xFF3B,0xDDD5,
  0xD983,0xD9C4,0xE1C3,0xD9C4,0xE1C3,0xD9C4,0xE1C3,0xD9C4,0xE1A3,0xD9C3,0xC4F2,0xFF5C,0xFFFF,0xFFFF,0xFFFF,0xFFFF,
  0xFFFF,0xFFFF,0xFFFE,0xD678,0xE1E4,0xD1C4,0xE1A3,0xE1C3,0xE1C3,0xD9C4,0xE1C3,0xD9C4,0xE1A3,0xE1A3,0xA287,0xFDF5,
  0xFFFF,0xFFFF,0xFFFF,0xFFFF,0xFFFF,0xFFFF,0xFFFF,0xFFFF,0xFFFF,0xFFFF,0xFFFF,0xFFFF,0xFFFF,0xFFFF,0xFFFF,0xFFFF,
  0xFFFF,0xFFFF,0xFFFF,0xFFFF,0xFFFF,0xFFFF,0xFFFF,0xFFFF,0xFFFF,0xFFFF,0xFFFF,0xFFFF,0xFFFF,0xFFFF,0xFFFF,0xFFFF,
  0xFFFF,0xFFFF,0xFFFF,0xFFFF,0xFFFF,0xFFFF,0xFFFF,0xFFFF,0xFFFF,0xFFFF,0xFFFF,0xDE58,0xD9E4,0xD9A3,0xD9C4,0xE1A3,
  0xD9C4,0xD9A3,0xD9C4,0xD9A3,0xD9C4,0xD9A3,0xD9C4,0xD9A3,0xD9C4,0xD9A3,0xD9A4,0xE1A3,0xB9E5,0xF38B,0xFFFF,0xFFFF,
  0xFFFF,0xFFFF,0xFFFF,0xFFFF,0xFD12,0xAA06,0xD9A3,0xE1A3,0xD9C4,0xD9A3,0xD9C4,0xD9A3,0xD9C4,0xD9A3,0xD9C4,0xD9A3,
  0xD9C4,0xD9A3,0xD9C4,0xE1A3,0xC9E4,0xE266,0xFFBF,0xFFFF,0xF7FF,0xFFFF,0xFF9E,0xCD95,0xD183,0xE1A3,0xD9C4,0xD9A3,
  0xD9C4,0xD9A3,0xD9C4,0xD9A3,0xD9C4,0xD9A3,0xD9C4,0xD9A3,0xD9C4,0xD9A3,0xE1A3,0xE182,0xA42F,0xFF5B,0xF7FF,0xF7FF,
  0xFE79,0xA2EA,0xD9A3,0xE1A3,0xD9C4,0xD9A3,0xE1A3,0xE1A3,0x930B,0xFEB9,0xFDD5,0x9A67,0xE1A3,0xE1A3,0xD9C4,0xD9A3,
  0xD9C4,0xD9A3,0xE1C3,0xE1A3,0x9A68,0xFD74,0xFFFF,0xF77D,0xDA46,0xD1C4,0xD9C4,0xE1A3,0xD9C4,0xD9A3,0xD9C4,0xD9A3,
  0xD9C4,0xD9A3,0xD9C4,0xD9A3,0xE1A3,0xE182,0xA3EE,0xFF3B,0xF7FF,0xFFFF,0xFFFF,0xFFFF,0xF7FF,0xFFFF,0xFE36,0xA2A8,
  0xE1C3,0xE1A3,0xD9C4,0xD9A3,0xD9C4,0xD9A3,0xD9C4,0xD9A3,0xD9C4,0xD9A3,0xD9C4,0xD9A3,0xD9C4,0xD9A3,0xD9C3,0xD982,
  0xBD34,0xFF7D,0xF7FF,0xFFFF,0xFF1B,0xA3AD,0xD983,0xE1A3,0xD9C4,0xD9A3,0xD9C4,0xD9A3,0xD9C4,0xD9A3,0xD9C4,0xD9A3,
  0xD9C4,0xE1A3,0xD1A4,0xD9C4,0xD9C4,0xD983,0xD9C4,0xE1A4,0xD9C4,0xD9A3,0xD9C4,0xE1A3,0xD9E4,0xD9A3,0xEBEE,0xE38C,
  0xD1A4,0xD9A4,0xD9C4,0xD9A3,0xD9C4,0xD9A3,0xE1A3,0xE182,0xAAC9,0xFD53,0xF7FF,0xFFFF,0xFFFF,0xFFFF,0xFFFF,0xFFFF,
  0xF7FF,0xFFFF,0xFD74,0xAA88,0xD9A3,0xE1A3,0xD9C4,0xD9A3,0xD9C4,0xD9A3,0xD9C4,0xD9A3,0xD9A3,0xE1A3,0x9ACA,0xFE37,
  0xF7FF,0xFFFF,0xFFFF,0xFFFF,0xFFFF,0xFFFF,0xFFFF,0xFFFF,0xFFFF,0xFFFF,0xFFFF,0xFFFF,0xFFFF,0xFFFF,0xFFFF,0xFFFF,
  0xFFFF,0xFFFF,0xFFFF,0xFFFF,0xFFFF,0xFFFF,0xFFFF,0xFFFF,0xFFFF,0xFFFF,0xFFFF,0xFFFF,0xFFFF,0xFFFF,0xFFFF,0xFFFF,
  0xFFFF,0xFFFF,0xFFFF,0xFFFF,0xFFFF,0xFFFF,0xFFFF,0xFFFF,0xFFFF,0xFFFF,0xFFFF,0xFFFF,0xFD11,0xAA46,0xE1A3,0xE1C3,
  0xE1C3,0xD9C4,0xE1C3,0xD9C4,0xE1C3,0xD9C4,0xE1C3,0xD9C4,0xE1C3,0xD9C4,0xE1A3,0xE1C3,0xC9E4,0xEB4A,0xFFFF,0xFFFF,
  0xFFFF,0xFFFF,0xFFFF,0xFFFF,0xFD73,0xA267,0xE9A3,0xE1C3,0xE1C3,0xD9C4,0xE1C3,0xD9C4,0xE1C3,0xD9C4,0xE1C3,0xD9C4,
  0xE1C3,0xD9C4,0xE1A3,0xE1C3,0xD1C4,0xE287,0xFFBE,0xFFFF,0xFFFF,0xF7FF,0xFF7C,0xB491,0xE182,0xE1C3,0xE1C3,0xD9C4,
  0xE1C3,0xD9C4,0xE1C3,0xD9C4,0xE1C3,0xD9C4,0xE1C3,0xD9C4,0xE1C3,0xD9C4,0xE9A3,0xE1A3,0xABCD,0xFF3B,0xFFFF,0xF7FF,
  0xFF7C,0xB4B1,0xD982,0xE1C3,0xE1C3,0xD9C4,0xE1A3,0xE1C3,0xC205,0xFBED,0xF329,0xC9E5,0xE1A3,0xE1C3,0xE1C3,0xD9C4,
  0xE1C3,0xD9C4,0xE1A3,0xD983,0xB42F,0xFF5C,0xFFFF,0xF79E,0xE245,0xD1E4,0xE1A3,0xE1C3,0xE1C3,0xD9C4,0xE1C3,0xD9C4,
  0xE1C3,0xD9C4,0xE1C3,0xD9C4,0xE1A3,0xD982,0xABED,0xFF5B,0xFFFF,0xFFFF,0xFFFF,0xFFFF,0xFFFF,0xFFFF,0xFC8F,0xB226,
  0xE9A3,0xE1C3,0xE1C3,0xD9C4,0xE1C3,0xD9C4,0xE1C3,0xD9C4,0xE1C3,0xD9C4,0xE1C3,0xD9C4,0xE1C3,0xD9C4,0xE9A3,0xE1A3,
  0xA34B,0xFED9,0xF7FF,0xF7FF,0xFEB9,0xA36B,0xE182,0xE1C3,0xE1C3,0xD9C4,0xE1C3,0xD9C4,0xE1C3,0xD9C4,0xE1C3,0xD9C4,
  0xE1A3,0xD983,0xBBCD,0xFE57,0xFE98,0xCCF2,0xD9A3,0xD9C4,0xE1C3,0xD9C4,0xE1C3,0xD9C4,0xE1C3,0xD9C4,0xE182,0xD9A3,
  0xE1C3,0xD9C4,0xE1C3,0xD9C4,0xE1C3,0xD9C3,0xD9C3,0xDA25,0xE6B9,0xFFFF,0xFFFF,0xFFFF,0xFFFF,0xFFFF,0xFFFF,0xFFFF,
  0xFFDD,0xDE99,0xE1E4,0xD1C4,0xE1C3,0xD9C4,0xE1C3,0xD9C4,0xE1C3,0xD9C4,0xE1C3,0xD9C4,0xE1A3,0xD983,0xAC2E,0xFF5B,
  0xFFFF,0xFFFF,0xFFFF,0xFFFF,0xFFFF,0xFFFF,0xFFFF,0xFFFF,0xFFFF,0xFFFF,0xFFFF,0xFFFF,0xFFFF,0xFFFF,0xFFFF,0xFFFF,
  0xFFFF,0xFFFF,0xFFFF,0xFFFF,0xFFFF,0xFFFF,0xFFFF,0xFFFF,0xFFFF,0xFFFF,0xFFFF,0xFFFF,0xFFFF,0xFFFF,0xFFFF,0xFFFF,
  0xFFFF,0xFFFF,0xFFFF,0xFFFF,0xFFFF,0xFFFF,0xFFFF,0xFFFF,0xFFFF,0xFFFF,0xF7FF,0xFFFF,0xFF7D,0xBCF2,0xD183,0xE1A3,
  0xD9C4,0xD9A3,0xD9C4,0xD9A3,0xD9C4,0xD9A3,0xD9C4,0xD9A3,0xD9C4,0xD9A3,0xD9C4,0xE1A3,0xC1E5,0xEB09,0xFFFF,0xFFFF,
  0xFFFF,0xFFFF,0xFFFF,0xFFFF,0xFD94,0xA247,0xE1A3,0xE1A3,0xD9C4,0xD9A3,0xD9C4,0xD9A3,0xD9C4,0xD9A3,0xD9C4,0xD9A3,
  0xD9C4,0xD9A3,0xD9C4,0xE1A3,0xC9C4,0xE266,0xFFBF,0xFFFF,0xF7FF,0xFFFF,0xFF1B,0xA38D,0xD9A3,0xE1A3,0xD9C4,0xD9A3,
  0xD9C4,0xD9A3,0xD9C4,0xD9A3,0xD9C4,0xD9A3,0xD9C4,0xD9A3,0xD9C4,0xD9A3,0xE1A3,0xE182,0x9BAD,0xFF1A,0xF7FF,0xF7FF,
  0xFFBE,0xDE38,0xD1A4,0xD9A4,0xD9C4,0xD9A3,0xD9C4,0xD9A3,0xD9A4,0xD983,0xD9A3,0xE1A3,0xD9C4,0xD9A3,0xD9C4,0xD9A3,
  0xD9C4,0xE1A3,0xD1C4,0xD9C4,0xE6DA,0xFFDE,0xFFFF,0xF77D,0xD246,0xC9E4,0xD9C4,0xE1A3,0xD9C4,0xD9A3,0xD9C4,0xD9A3,
  0xD9C4,0xD9A3,0xD9C4,0xD9A3,0xE1A3,0xE182,0xA3EE,0xFF3B,0xF7FF,0xFFFF,0xFFFF,0xFFFF,0xFFFF,0xF77D,0xE288,0xC9C4,
  0xD9C4,0xE1A3,0xD9C4,0xD9A3,0xD9C4,0xD9A3,0xD9C4,0xD9A3,0xD9C4,0xD9A3,0xD9C4,0xD9A3,0xD9C4,0xD9A3,0xE1A3,0xE1A3,
  0xA247,0xFD53,0xF7FF,0xF7FF,0xFE78,0xA2EA,0xD9A3,0xE1A3,0xD9C4,0xD9A3,0xD9C4,0xD9A3,0xD9C4,0xD9A3,0xD9C4,0xE1A3,
  0xC9C4,0xE266,0xEF5D,0xFFFF,0xFFFF,0xF7BE,0xDA67,0xD1C4,0xD9C4,0xE1A3,0xD9C4,0xD9A3,0xD9C4,0xD9A3,0xD9C4,0xD9A3,
  0xD9C4,0xD9A3,0xD9C4,0xD9A3,0xE1A4,0xE1A3,0xAA06,0xFC90,0xFFFF,0xFFFF,0xFFFF,0xFFFF,0xFFFF,0xFFFF,0xFFFF,0xFFFF,
  0xFE57,0xA2EA,0xD9A3,0xE1A3,0xD9C4,0xD9A3,0xD9C4,0xD9A3,0xD9C4,0xD9A3,0xD9C4,0xE1A3,0xD1A4,0xD9A4,0xDE9A,0xFFBE,
  0xFFFF,0xFFFF,0xFFFF,0xFFFF,0xFFFF,0xFFFF,0xFFFF,0xFFFF,0xFFFF,0xFFFF,0xFFFF,0xFFFF,0xFFFF,0xFFFF,0xFFFF,0xFFFF,
  0xFFFF,0xFFFF,0xFFFF,0xFFFF,0xFFFF,0xFFFF,0xFFFF,0xFFFF,0xFFFF,0xFFFF,0xFFFF,0xFFFF,0xFFFF,0xFFFF,0xFFFF,0xFFFF,
  0xFFFF,0xFFFF,0xFFFF,0xFFFF,0xFFFF,0xFFFF,0xFFFF,0xFFFF,0xFFFF,0xFFFF,0xFFFF,0xFFFF,0xFFFF,0xF7DF,0xF329,0xC1E4,
  0xE1A3,0xE1C3,0xE1C3,0xD9C4,0xE1C3,0xD9C4,0xE1C3,0xD9C4,0xE1C3,0xD9C4,0xE1A3,0xE1C3,0xC9E4,0xEB09,0xFFDE,0xFFFF,
  0xFFFF,0xFFFF,0xFFFF,0xFFFF,0xFD73,0xA267,0xE9A3,0xE1C3,0xE1C3,0xD9C4,0xE1C3,0xD9C4,0xE1C3,0xD9C4,0xE1C3,0xD9C4,
  0xE1C3,0xD9C4,0xE1A3,0xE1C3,0xD1E3,0xE287,0xFFBE,0xFFFF,0xFFFF,0xFFFF,0xFE98,0x9B0A,0xE1A2,0xE1C3,0xE1C3,0xD9C4,
  0xE1C3,0xD9C4,0xE1C3,0xD9C4,0xE1C3,0xD9C4,0xE1C3,0xD9C4,0xE1C3,0xD9C4,0xE9A3,0xE1A3,0xA38C,0xFF1A,0xFFFF,0xF7FF,
  0xFFDE,0xF77D,0xE245,0xD1E4,0xE1C3,0xD9C3,0xE1C3,0xD9C4,0xE1C3,0xD9C4,0xE1C3,0xD9C3,0xE1C3,0xD9C4,0xE1C3,0xD9C4,
  0xE1A3,0xE1C3,0xC9E4,0xE2E8,0xFFFE,0xFFFF,0xFFFF,0xF79D,0xE245,0xD1E4,0xE1A3,0xE1C3,0xE1C3,0xD9C4,0xE1C3,0xD9C4,
  0xE1C3,0xD9C4,0xE1C3,0xD9C4,0xE9A3,0xE1A3,0xABED,0xFF3B,0xFFFF,0xF7FF,0xFFFF,0xFFFF,0xFF7B,0xB4F2,0xE182,0xE1C3,
  0xE1C3,0xD9C4,0xE1C3,0xD9C4,0xE1C3,0xD9C4,0xE1C3,0xD9C4,0xE1C3,0xD9C4,0xE1C3,0xD9C4,0xE1C3,0xD9C4,0xE1A3,0xE1C3,
  0xC1E4,0xF3AC,0xFFFF,0xFFFF,0xFE16,0x9AA9,0xE1A2,0xE1C3,0xE1C3,0xD9C4,0xE1C3,0xD9C4,0xE1C3,0xD9C4,0xE1A3,0xE1C3,
  0xB9E4,0xF3ED,0xFFFF,0xFFFF,0xFFFF,0xFFDF,0xEAA6,0xC9E4,0xE1A3,0xE1C3,0xE1C3,0xD9C4,0xE1C3,0xD9C4,0xE1C3,0xD9C4,
  0xE1C3,0xD9C4,0xE1C3,0xD9C4,0xE9A3,0xE1A3,0xA2E9,0xFE98,0xFFFF,0xFFFF,0xFFFF,0xFFFF,0xFFFF,0xFFFF,0xFFFF,0xFFFF,
  0xF369,0xC1E4,0xE1A3,0xE1C3,0xE1C3,0xD9C4,0xE1C3,0xD9C4,0xE1A3,0xD9C4,0xE9A3,0xE1A3,0xB246,0xFD31,0xFFFF,0xFFFF,
  0xFFFF,0xFFFF,0xFFFF,0xFFFF,0xFFFF,0xFFFF,0xFFFF,0xFFFF,0xFFFF,0xFFFF,0xFFFF,0xFFFF,0xFFFF,0xFFFF,0xFFFF,0xFFFF,
  0xFFFF,0xFFFF,0xFFFF,0xFFFF,0xFFFF,0xFFFF,0xFFFF,0xFFFF,0xFFFF,0xFFFF,0xFFFF,0xFFFF,0xFFFF,0xFFFF,0xFFFF,0xFFFF,
  0xFFFF,0xFFFF,0xFFFF,0xFFFF,0xFFFF,0xFFFF,0xFFFF,0xFFFF,0xFFFF,0xFFFF,0xFFFF,0xFFFF,0xF7FF,0xFFFF,0xFE99,0xA32B,
  0xD9A3,0xE1A3,0xD9C4,0xE1A4,0xD9C4,0xD9A3,0xD9C4,0xD9A3,0xD9C4,0xD9A3,0xD9C4,0xE1A3,0xC9E5,0xE287,0xF7BF,0xFFFF,
  0xFFFF,0xFFFF,0xFFFF,0xFFFF,0xFD33,0xAA26,0xE1A3,0xE1A3,0xD9C4,0xD9A3,0xD9C4,0xD9A3,0xD9C4,0xD9A3,0xD9C4,0xD9A3,
  0xD9C4,0xD9A3,0xD9C4,0xE1A3,0xC9E5,0xE287,0xFFBF,0xFFFF,0xF7FF,0xFFFF,0xFDD5,0xA267,0xE1A3,0xE1A3,0xD9C4,0xD9A3,
  0xD9C4,0xD9A3,0xD9C4,0xD9A3,0xD9C4,0xD9A3,0xD9C4,0xD9A3,0xD9C4,0xD9A3,0xE1A3,0xE182,0x9B6C,0xFED9,0xF7FF,0xFFFF,
  0xFFFF,0xFFDF,0xE2E9,0xC9C4,0xD9C4,0xE1A3,0xD9C4,0xD9A3,0xD9C4,0xD9A3,0xD9C4,0xD9A3,0xD9C4,0xD9A3,0xD9C4,0xD9A3,
  0xD9A3,0xE1A3,0xB1E6,0xFC2E,0xF7FF,0xFFFF,0xFFFF,0xF77D,0xDA46,0xD1C4,0xD9C4,0xE1A3,0xD9C4,0xD9A3,0xD9C4,0xD9A3,
  0xD9C4,0xD9A3,0xD9C4,0xD9A3,0xE1A4,0xE1A3,0xA2EA,0xFE16,0xF7FF,0xF7DF,0xFF7D,0xEEBA,0xF38C,0xC1C5,0xD9A4,0xE1A3,
  0xD9C4,0xD9A3,0xD9C4,0xD9A3,0xD9C4,0xD9A3,0xD9C4,0xD9A3,0xD9C4,0xD9A3,0xD9C4,0xD9A3,0xD9C4,0xD9A3,0xD9C4,0xE1A3,
  0xC9E4,0xDA25,0xEF5D,0xFFFF,0xFDF6,0xA288,0xE1A3,0xE1A3,0xD9C4,0xD9A3,0xD9C4,0xD9A3,0xD9C4,0xD9A3,0xD9A4,0xE1A3,
  0xB9E5,0xFBED,0xFFFF,0xFFFF,0xFFFF,0xFFBE,0xE287,0xD1C4,0xD9C4,0xE1A3,0xD9C4,0xD9A3,0xD9C4,0xD9A3,0xD9C4,0xD9A3,
  0xD9C4,0xD9A3,0xD9C4,0xD9A3,0xE1A3,0xE182,0x9B8D,0xFEFA,0xFFFF,0xFFFF,0xFFFF,0xFFFF,0xFFFF,0xFFFF,0xFFDF,0xDE79,
  0xD1A4,0xD9A4,0xD9C4,0xE1A3,0xD9C4,0xD9A3,0xD9C4,0xD9A3,0xD9C4,0xE1A3,0xD1E4,0xD9C3,0xCDF7,0xFFBE,0xF7FF,0xFFFF,
  0xFFFF,0xFFFF,0xFFFF,0xFFFF,0xFFFF,0xFFFF,0xFFFF,0xFFFF,0xFFFF,0xFFFF,0xFFFF,0xFFFF,0xFFFF,0xFFFF,0xFFFF,0xFFFF,
  0xFFFF,0xFFFF,0xFFFF,0xFFFF,0xFFFF,0xFFFF,0xFFFF,0xFFFF,0xFFFF,0xFFFF,0xFFFF,0xFFFF,0xFFFF,0xFFFF,0xFFFF,0xFFFF,
  0xFFFF,0xFFFF,0xFFFF,0xFFFF,0xFFFF,0xFFFF,0xFFFF,0xFFFF,0xFFFF,0xFFFF,0xFFFF,0xFFFF,0xFFFF,0xFFFF,0xFFDD,0xD678,
  0xD9C3,0xD9C4,0xE1A3,0xE1C4,0xE1C3,0xD9C4,0xE1C3,0xD9C4,0xE1C3,0xD9C4,0xE1A3,0xE1C3,0xD1C4,0xE286,0xFF9D,0xFFFF,
  0xFFFF,0xFFFF,0xFFFF,0xFFFF,0xFCD0,0xAA26,0xE9A3,0xE1C3,0xE1C3,0xD9C4,0xE1C3,0xD9C4,0xE1C3,0xD9C4,0xE1C3,0xD9C4,
  0xE1C3,0xD9C4,0xE1A3,0xE1C3,0xD1C4,0xE2A8,0xFFDE,0xFFFF,0xFFFF,0xFFFF,0xFD11,0xAA46,0xE1A3,0xE1C3,0xE1C3,0xD9C4,
  0xE1C3,0xD9C4,0xE1C3,0xD9C4,0xE1C3,0xD9C4,0xE1C3,0xD9C4,0xE1C3,0xD9C4,0xE9A3,0xE1A3,0xA34B,0xFED9,0xFFFF,0xFFFF,
  0xFFFF,0xFFFF,0xF349,0xC1E4,0xE1A3,0xE1C3,0xE1C3,0xD9C4,0xE1C3,0xD9C4,0xE1C3,0xD9C4,0xE1C3,0xD9C4,0xE1C3,0xD9C4,
  0xE9A3,0xE1A3,0xA267,0xFDB4,0xFFFF,0xFFFF,0xFFDE,0xF77D,0xE245,0xD1E4,0xE1C3,0xD9C3,0xE1C3,0xD9C4,0xE1C3,0xD9C4,
  0xE1C3,0xD9C4,0xE1C3,0xD9C4,0xE1C3,0xD9C4,0xD9C4,0xE246,0xE32A,0xDB0A,0xE245,0xD205,0xD9A2,0xD9C3,0xE1C3,0xD9C4,
  0xE1C3,0xD9C4,0xE1C3,0xD9C4,0xE1C3,0xD9C4,0xE1C3,0xD9C4,0xE1C3,0xD9C4,0xE1C3,0xD9C4,0xE1C3,0xD9C4,0xE1C3,0xD9C4,
  0xE1C3,0xD9A3,0xC574,0xFFDE,0xFDF5,0x9A88,0xE1A2,0xE1C3,0xE1C3,0xD9C4,0xE1C3,0xD9C4,0xE1C3,0xD9C4,0xE9A3,0xE1C3,
  0xB9E5,0xFC4F,0xFFFF,0xFFFF,0xFFFF,0xFFBE,0xEA66,0xD1E4,0xE1A3,0xE1C3,0xE1C3,0xD9C4,0xE1C3,0xD9C4,0xE1C3,0xD9C4,
  0xE1C3,0xD9C4,0xE1C3,0xD9C4,0xE9A3,0xE1A3,0xA3AC,0xFF3A,0xFFFF,0xFFFF,0xFFFF,0xFFFF,0xFFFF,0xFFFF,0xFF3B,0xAC50,
  0xE182,0xE1C3,0xE1C3,0xD9C4,0xE1C3,0xD9C4,0xE1C3,0xD9C4,0xE9A3,0xE1A3,0xB266,0xFD32,0xFFFF,0xFFFF,0xFFFF,0xFFFF,
  0xFFFF,0xFFFF,0xFFFF,0xFFFF,0xFFFF,0xFFFF,0xFFFF,0xFFFF,0xFFFF,0xFFFF,0xFFFF,0xFFFF,0xFFFF,0xFFFF,0xFFFF,0xFFFF,
  0xFFFF,0xFFFF,0xFFFF,0xFFFF,0xFFFF,0xFFFF,0xFFFF,0xFFFF,0xFFFF,0xFFFF,0xFFFF,0xFFFF,0xFFFF,0xFFFF,0xFFFF,0xFFFF,
  0xFFFF,0xFFFF,0xFFFF,0xFFFF,0xFFFF,0xFFFF,0xFFFF,0xFFFF,0xFFFF,0xFFFF,0xFFFF,0xFFFF,0xFFFF,0xFFFF,0xFFFF,0xFFFF,
  0xEB2A,0xC1C4,0xD9C3,0xE1A3,0xD9C4,0xD9A3,0xD9C4,0xD9A3,0xD9C4,0xD9A3,0xD9C4,0xE1A3,0xC9E4,0xE245,0xF77D,0xFFDF,
  0xFFFF,0xFFFF,0xFFFF,0xFFFF,0xFC2E,0xB9E5,0xD9A4,0xE1A3,0xD9C4,0xD9A3,0xD9C4,0xD9A3,0xD9C4,0xD9A3,0xD9C4,0xD9A3,
  0xD9C4,0xD9A3,0xD9C4,0xE1A3,0xC9E5,0xEAA8,0xFFDF,0xFFFF,0xFFFF,0xFFFF,0xFC4F,0xB9E5,0xD9A4,0xE1A3,0xD9C4,0xD9A3,
  0xD9C4,0xD9A3,0xD9C4,0xD9A3,0xD9C4,0xD9A3,0xD9C4,0xD9A3,0xD9C4,0xD9A3,0xE1A3,0xE183,0x9B2C,0xFE99,0xF7FF,0xFFFF,
  0xFFFF,0xFFFF,0xEB4A,0xC1C4,0xD9C4,0xE1A3,0xD9C4,0xD9A3,0xD9C4,0xD9A3,0xD9C4,0xD9A3,0xD9C4,0xD9A3,0xD9C4,0xD9A3,
  0xE1A3,0xE183,0x9ACA,0xFE57,0xF7FF,0xFFFF,0xFFDF,0xF75D,0xDA26,0xD9C4,0xD9C4,0xE1A3,0xD9C4,0xD9A3,0xD9C4,0xD9A3,
  0xD9C4,0xD9A3,0xD9C4,0xD9A3,0xD9C4,0xD9A3,0xD9C4,0xE1A3,0xD983,0xD983,0xD9A3,0xE1A3,0xD9C4,0xD9A3,0xD9C4,0xD9A3,
  0xD9C4,0xD9A3,0xD9C4,0xD9A3,0xD9C4,0xD9A3,0xD9C4,0xD9A3,0xD9C4,0xD9A3,0xD9C4,0xD9A3,0xD9C4,0xD9A3,0xD9C4,0xD9A3,
  0xE1A3,0xE182,0x934C,0xFED9,0xFE37,0x9A89,0xE1A3,0xE1A3,0xD9C4,0xD9A3,0xD9C4,0xD9A3,0xD9C4,0xD9A3,0xD9A3,0xE1A3,
  0xA247,0xFD12,0xFFFF,0xFFFF,0xFFFF,0xFFBE,0xE267,0xD1C4,0xD9C4,0xE1A3,0xD9C4,0xD9A3,0xD9C4,0xD9A3,0xD9C4,0xD9A3,
  0xD9C4,0xD9A3,0xD9C4,0xD9A3,0xE1A3,0xE1A3,0x9B0A,0xFE78,0xF7FF,0xFFFF,0xFFFF,0xFFFF,0xFFFF,0xFFFF,0xFDF6,0xA268,
  0xE1A3,0xE1A3,0xD9C4,0xD9A3,0xD9C4,0xD9A3,0xD9C4,0xE1A3,0xD9C4,0xD983,0xC5B6,0xFFBD,0xF7FF,0xFFFF,0xFFFF,0xFFFF,
  0xFFFF,0xFFFF,0xFFFF,0xFFFF,0xFFFF,0xFFFF,0xFFFF,0xFFFF,0xFFFF,0xFFFF,0xFFFF,0xFFFF,0xFFFF,0xFFFF,0xFFFF,0xFFFF,
  0xFFFF,0xFFFF,0xFFFF,0xFFFF,0xFFFF,0xFFFF,0xFFFF,0xFFFF,0xFFFF,0xFFFF,0xFFFF,0xFFFF,0xFFFF,0xFFFF,0xFFFF,0xFFFF,
  0xFFFF,0xFFFF,0xFFFF,0xFFFF,0xFFFF,0xFFFF,0xFFFF,0xFFFF,0xFFFF,0xFFFF,0xFFFF,0xFFFF,0xFFFF,0xFFFF,0xFFFF,0xFFFF,
  0xFBED,0xB9E5,0xE1A3,0xE1C3,0xE1C3,0xD9C4,0xE1C3,0xD9C4,0xE1C3,0xD9C4,0xE1C3,0xD9C4,0xD9C3,0xDA25,0xF73B,0xFFFE,
  0xFFFF,0xFFFF,0xFFFF,0xFFFF,0xF36A,0xC1E4,0xE1A3,0xE1C3,0xE1C3,0xD9C4,0xE1C3,0xD9C4,0xE1C3,0xD9C4,0xE1C3,0xD9C4,
  0xE1C3,0xD9C4,0xE1A3,0xE1C3,0xC9E4,0xEB09,0xFFFF,0xFFFF,0xFFFF,0xFFFF,0xFBAC,0xC1E5,0xE1A3,0xE1C3,0xE1C3,0xD9C4,
  0xE1C3,0xD9C4,0xE1C3,0xD9C4,0xE1C3,0xD9C4,0xE1C3,0xD9C4,0xE1C3,0xD9C4,0xE9A3,0xE1A3,0xA2EA,0xFE98,0xFFFF,0xFFFF,
  0xFFFF,0xFFFF,0xF329,0xC1E4,0xE1A3,0xE1C3,0xE1C3,0xD9C4,0xE1C3,0xD9C4,0xE1C3,0xD9C4,0xE1C3,0xD9C4,0xE1C3,0xD9C4,
  0xE9A2,0xE1A3,0xA2EA,0xFE99,0xFFFF,0xF7FF,0xFFDE,0xF73C,0xE204,0xD1E4,0xE1C3,0xD9C3,0xE1C3,0xD9C4,0xE1C3,0xD9C4,
  0xE1C3,0xD9C4,0xE1C3,0xD9C4,0xE1C3,0xD9C4,0xE1C3,0xD9C4,0xE1C3,0xD9C4,0xE1A3,0xD9C4,0xE1C3,0xD9C4,0xE1C3,0xD9C4,
  0xE1C3,0xD9C4,0xD982,0xD9C3,0xE1C3,0xD9C4,0xE1C3,0xD9C4,0xE1C3,0xD9C4,0xE1C3,0xD9C4,0xE1C3,0xD9C4,0xE1C3,0xD9C4,
  0xE1A3,0xE1C4,0xC1E4,0xF3AC,0xFC8E,0xB246,0xE1A3,0xE1C3,0xE1C3,0xD9C4,0xE1C3,0xD9C4,0xE1C3,0xD9C4,0xE1A3,0xE1C3,
  0xA266,0xFDB4,0xFFFF,0xFFFF,0xFFFF,0xFFBE,0xE266,0xC9E4,0xE1A3,0xE1C3,0xE1C3,0xD9C4,0xE1C3,0xD9C4,0xE1C3,0xD9C4,
  0xE1C3,0xD9C4,0xE1C3,0xD9C4,0xE1A3,0xE1C3,0xB206,0xFCB0,0xFFFF,0xFFFF,0xFFFF,0xFFFF,0xFFFF,0xFFFF,0xFBEC,0xB9E5,
  0xE1A3,0xE1C3,0xE1C3,0xD9C4,0xE1C3,0xD9C4,0xE9A3,0xE1C3,0xB9E5,0xFC4F,0xFFFF,0xFFFF,0xFFFF,0xFFFF,0xFFFF,0xFFFF,
  0xFFFF,0xFFFF,0xFFFF,0xFFFF,0xFFFF,0xFFFF,0xFFFF,0xFFFF,0xFFFF,0xFFFF,0xFFFF,0xFFFF,0xFFFF,0xFFFF,0xFFFF,0xFFFF,
  0xFFFF,0xFFFF,0xFFFF,0xFFFF,0xFFFF,0xFFFF,0xFFFF,0xFFFF,0xFFFF,0xFFFF,0xFFFF,0xFFFF,0xFFFF,0xFFFF,0xFFFF,0xFFFF,
  0xFFFF,0xFFFF,0xFFFF,0xFFFF,0xFFFF,0xFFFF,0xFFFF,0xFFFF,0xFFFF,0xFFFF,0xFFFF,0xFFFF,0xFFFF,0xFFFF,0xFFFF,0xFFFF,
  0xFBED,0xB9C5,0xD9A3,0xE1A3,0xD9C4,0xD9A3,0xD9C4,0xD9A3,0xD9C4,0xD9A3,0xD9C4,0xE1A3,0xD9C4,0xD9A3,0xDE79,0xFFBE,
  0xFFFF,0xFFFF,0xFFFF,0xFF7D,0xDA66,0xD1C4,0xD9C4,0xE1A3,0xD9C4,0xD9A3,0xD9C4,0xD9A3,0xD9C4,0xD9A3,0xD9C4,0xD9A3,
  0xD9C4,0xD9A3,0xD9C4,0xE1A3,0xC1C5,0xEAC9,0xFFFF,0xFFFF,0xFFFF,0xFFFF,0xEB4A,0xC1E4,0xD9C4,0xE1A3,0xD9C4,0xD9A3,
  0xD9C4,0xD9A3,0xD9C4,0xD9A3,0xD9C4,0xD9A3,0xD9C4,0xD9A3,0xD9C4,0xD9A3,0xE1A3,0xE1A3,0x9AC9,0xFE37,0xF7FF,0xFFFF,
  0xFFFF,0xFFFF,0xEB2A,0xC9C4,0xD9C4,0xE1A3,0xD9C4,0xD9A3,0xD9C4,0xD9A3,0xD9C4,0xD9A3,0xD9C4,0xD9A3,0xD9C4,0xD9A3,
  0xE1A4,0xE183,0x9AA8,0xFDD5,0xF7FF,0xF7FF,0xFFFF,0xF75D,0xDA05,0xD9C4,0xD9C4,0xE1A3,0xD9C4,0xD9A3,0xD9C4,0xD9A3,
  0xD9C4,0xD9A3,0xD9C4,0xD9A3,0xD9C4,0xD9A3,0xD9C4,0xD9A3,0xD9C4,0xD9A3,0xD9C4,0xD9A3,0xD9C4,0xD9A3,0xD9C4,0xE1A3,
  0xC9E4,0xDA25,0xFD12,0xDBCD,0xD1A3,0xD9A3,0xD9C4,0xD9A3,0xD9C4,0xD9A3,0xD9C4,0xD9A3,0xD9C4,0xD9A3,0xD9C4,0xD9A3,
  0xD9C4,0xD9A3,0xD9C4,0xD9A3,0xD9A3,0xE1A3,0xD9C4,0xD9A3,0xD9C4,0xD9A3,0xD9C4,0xD9A3,0xD9C4,0xD9A3,0xE1A3,0xE1A3,
  0x9A68,0xFDB5,0xFFFF,0xFFFF,0xFFDF,0xFF7D,0xDA66,0xD1E4,0xD9C4,0xE1A3,0xD9C4,0xD9A3,0xD9C4,0xD9A3,0xD9C4,0xD9A3,
  0xD9C4,0xD9A3,0xD9C4,0xD9A3,0xD9C4,0xE1A3,0xC9C4,0xE266,0xF79D,0xFFFF,0xFFFF,0xFFFF,0xFFFF,0xEF3C,0xDA26,0xD1C4,
  0xD9C4,0xE1A3,0xD9C4,0xD9A3,0xD9C4,0xD9A3,0xD9C3,0xD962,0xB4B1,0xFF5B,0xF7FF,0xFFFF,0xFFFF,0xFFFF,0xFFFF,0xFFFF,
  0xFFFF,0xFFFF,0xFFFF,0xFFFF,0xFFFF,0xFFFF,0xFFFF,0xFFFF,0xFFFF,0xFFFF,0xFFFF,0xFFFF,0xFFFF,0xFFFF,0xFFFF,0xFFFF,
  0xFFFF,0xFFFF,0xFFFF,0xFFFF,0xFFFF,0xFFFF,0xFFFF,0xFFFF,0xFFFF,0xFFFF,0xFFFF,0xFFFF,0xFFFF,0xFFFF,0xFFDE,0xEF1B,
  0xF657,0xF678,0xF678,0xFEFA,0xF79D,0xFFFF,0xFFFF,0xFFFF,0xFFFF,0xFFFF,0xFFFF,0xFFFF,0xFFFF,0xFFFF,0xFFFF,0xFFFF,
  0xFB8B,0xC1E5,0xE1A3,0xE1C3,0xE1C3,0xD9C4,0xE1C3,0xD9C4,0xE1C3,0xD9C4,0xE1C3,0xD9C4,0xE1A3,0xD983,0xC533,0xFFBD,
  0xFFFF,0xF7FF,0xFFBE,0xDE79,0xD9A3,0xD9E4,0xE1A3,0xE1C4,0xE1C3,0xD9C4,0xE1C3,0xD9C4,0xE1C3,0xD9C4,0xE1C3,0xD9C4,
  0xE1C3,0xD9C4,0xE1A3,0xE1C3,0xC9C4,0xEB09,0xFFFF,0xFFFF,0xFFFF,0xFFFF,0xF329,0xC1E4,0xE1A3,0xE1C3,0xE1C3,0xD9C4,
  0xE1C3,0xD9C4,0xE1C3,0xD9C4,0xE1C3,0xD9C4,0xE1C3,0xD9C4,0xE1C3,0xD9C4,0xE9A3,0xE1A3,0xA288,0xFE37,0xFFFF,0xFFFF,
  0xFFFF,0xFFFF,0xEAC8,0xC9E4,0xE1A3,0xE1C3,0xE1C3,0xD9C4,0xE1C3,0xD9C4,0xE1C3,0xD9C4,0xE1C3,0xD9C4,0xE1C3,0xD9C4,
  0xE1C3,0xD9C4,0xD9C3,0xE245,0xDB2A,0xE3AC,0xED33,0xFDF6,0xE225,0xD1E4,0xE1C3,0xD9C3,0xE1C3,0xD9C4,0xE1C3,0xD9C4,
  0xE1C3,0xD9C4,0xE1C3,0xD9C4,0xE1C3,0xD9C4,0xE1C3,0xD9C4,0xE1C3,0xD9C4,0xE1C3,0xD9C4,0xE1C3,0xD9C4,0xE9A3,0xE1C3,
  0xB9C4,0xEBAC,0xFFDD,0xC594,0xD982,0xE1C3,0xE1C3,0xD9C4,0xE1C3,0xD9C4,0xE1C3,0xD9C4,0xE1C3,0xD9C4,0xE1C3,0xD9C4,
  0xE1C3,0xD9C4,0xE1C3,0xD9C3,0xE1C3,0xD9C4,0xE1C3,0xD9C4,0xE1C3,0xD9C4,0xE1C3,0xD9C4,0xE1C3,0xD9C4,0xE9A3,0xE1A3,
  0xA267,0xFDD5,0xFFFF,0xFFFF,0xFFDE,0xEF1B,0xE1C4,0xD9C4,0xE1C3,0xD9C3,0xE1C3,0xD9C4,0xE1C3,0xD9C4,0xE1C3,0xD9C4,
  0xE1C3,0xD9C4,0xE1C3,0xD9C4,0xE1C3,0xD9C4,0xE1C3,0xD9A3,0xC513,0xFF9D,0xFFFF,0xF7FF,0xFF9D,0xC575,0xD982,0xD9C3,
  0xE1C3,0xD9C4,0xE1C3,0xD9C4,0xE1A3,0xE1C3,0xC9C4,0xEB29,0xFFBE,0xFFFF,0xFFFF,0xFFFF,0xFFFF,0xFFFF,0xFFFF,0xFFFF,
  0xFFFF,0xFFFF,0xFFFF,0xFFFF,0xFFFF,0xFFFF,0xFFFF,0xFFFF,0xFFFF,0xFFFF,0xFFFF,0xFFFF,0xFFFF,0xFFFF,0xFFFF,0xFFFF,
  0xFFFF,0xFFFF,0xFFFF,0xFFFF,0xFFFF,0xFFFF,0xFFFF,0xFFFF,0xFFFF,0xFFFF,0xFFFF,0xFFFF,0xFFFF,0xEF3C,0xEB6A,0xC225,
  0xD9A3,0xE1A3,0xD9A4,0xE1C4,0xCAA8,0xEBAC,0xD679,0xFFBE,0xFFFF,0xFFFF,0xFFFF,0xFFFF,0xFFFF,0xFFFF,0xFFFF,0xFFBE,
  0xE2E9,0xC9C4,0xD9C4,0xE1A3,0xD9C4,0xD9A3,0xD9C4,0xD9A3,0xD9C4,0xD9A3,0xD9C4,0xD9A3,0xD9A3,0xD982,0x9B8C,0xFEF9,
  0xF7FF,0xF7FF,0xFF7D,0xB471,0xD983,0xE1A3,0xD9C4,0xD9A3,0xD9C4,0xD9A3,0xD9C4,0xD9A3,0xD9C4,0xD9A3,0xD9C4,0xD9A3,
  0xD9C4,0xD9A3,0xD9C4,0xE1A3,0xC1C5,0xEAC9,0xFFFF,0xFFFF,0xFFFF,0xFFFF,0xEB09,0xC9C4,0xD9C3,0xE1A3,0xD9C4,0xD9A3,
  0xD9C4,0xD9A3,0xD9C4,0xD9A3,0xD9C4,0xD9A3,0xD9C4,0xD9A3,0xD9C4,0xD9A3,0xE1A3,0xE1A3,0x9ACA,0xFE57,0xF7FF,0xFFFF,
  0xFFFF,0xEEFB,0xD9E5,0xD9C4,0xD9C4,0xE1A3,0xD9C4,0xD9A3,0xD9C4,0xD9A3,0xD9C4,0xD9A3,0xD9C4,0xD9A3,0xD9C4,0xD9A3,
  0xD9C4,0xD9A3,0xD9C4,0xE1A3,0xD983,0xD962,0xD1A3,0xE1C3,0xD9C4,0xD9A3,0xD9C4,0xD9A3,0xD9C4,0xD9A3,0xD9C4,0xD9A3,
  0xD9C4,0xD9A3,0xD9C4,0xD9A3,0xD9C4,0xD9A3,0xD9C4,0xD9A3,0xD9C4,0xD9A3,0xD9C4,0xD9A3,0xD9C4,0xE1A3,0xD9C4,0xD983,
  0xAC2F,0xFED9,0xFFBD,0xBD33,0xD983,0xE1A3,0xD9C4,0xD9A3,0xD9C4,0xD9A3,0xD9C4,0xD9A3,0xD9C4,0xD9A3,0xD9C4,0xD9A3,
  0xD9C4,0xD9A3,0xD9C4,0xD9A3,0xD9C4,0xD9A3,0xD9C4,0xD9A3,0xD9C4,0xD9A3,0xD9C4,0xD9A3,0xD9C4,0xD9A3,0xE1C3,0xE1A3,
  0x9AA9,0xFE16,0xF7FF,0xF7FF,0xFFDE,0xD5F6,0xD1A3,0xE1A3,0xD9C4,0xD9A3,0xD9C4,0xD9A3,0xD9C4,0xD9A3,0xD9C4,0xD9A3,
  0xD9C4,0xD9A3,0xD9C4,0xD9A3,0xD9C4,0xD9A3,0xD9A3,0xE1A3,0xA288,0xFD94,0xF7FF,0xFFFF,0xFEFA,0xA38C,0xD9A4,0xE1A3,
  0xD9C4,0xD9A3,0xD9C4,0xD9A3,0xE1A3,0xE183,0x9AC9,0xFE16,0xF7FF,0xFFFF,0xFFFF,0xFFFF,0xFFFF,0xFFFF,0xFFFF,0xFFFF,
  0xFFFF,0xFFFF,0xFFFF,0xFFFF,0xFFFF,0xFFFF,0xFFFF,0xFFFF,0xFFFF,0xFFFF,0xFFFF,0xFFFF,0xFFFF,0xFFFF,0xFFFF,0xFFFF,
  0xFFFF,0xFFFF,0xFFFF,0xFFFF,0xFFFF,0xFFFF,0xFFFF,0xFFFF,0xFFFF,0xFFFF,0xFFFF,0xFFFF,0xFE98,0xA38C,0xE182,0xE1C3,
  0xE1C3,0xD9C4,0xE1C3,0xD9C3,0xE1A2,0xD982,0xBA05,0xFC4F,0xFFFF,0xFFFF,0xFFFF,0xFFFF,0xFFFF,0xFFFF,0xFFFF,0xF7BE,
  0xE266,0xC9E4,0xE1A3,0xE1C4,0xE1C3,0xD9C4,0xE1C3,0xD9C4,0xE1C3,0xD9C4,0xE1C3,0xD9C4,0xE1A3,0xE1C3,0xB9E5,0xFC0E,
  0xF79D,0xFFFF,0xFD52,0xAA87,0xE1A3,0xE1C3,0xE1C3,0xD9C4,0xE1C3,0xD9C4,0xE1C3,0xD9C4,0xE1C3,0xD9C4,0xE1C3,0xD9C4,
  0xE1C3,0xD9C4,0xE1A3,0xE1C3,0xC9C4,0xEAE9,0xFFFF,0xFFFF,0xFFFF,0xFFDF,0xEAA7,0xC9E4,0xE1A3,0xE1C3,0xE1C3,0xD9C4,
  0xE1C3,0xD9C4,0xE1C3,0xD9C4,0xE1C3,0xD9C4,0xE1C3,0xD9C4,0xE1C3,0xD9C4,0xE9A3,0xE1A3,0xA36C,0xFEFA,0xF7FF,0xF7FF,
  0xFEFA,0xAC0E,0xE182,0xE1C3,0xE1C3,0xD9C4,0xE1C3,0xD9C4,0xE1C3,0xD9C4,0xE1C3,0xD9C4,0xE1C3,0xD9C4,0xE1C3,0xD9C4,
  0xE1C3,0xD9C4,0xE1C3,0xD9C4,0xE1C3,0xD9C4,0xE1C3,0xD9C3,0xE1C3,0xD9C3,0xE1C3,0xD9C4,0xE1C3,0xD9C4,0xE1C3,0xD9C4,
  0xE1C3,0xD9C4,0xE1C3,0xD9C4,0xE1C3,0xD9C4,0xE1C3,0xD9C4,0xE1C3,0xD9C4,0xE1C3,0xD9C4,0xE1A3,0xD9A3,0xBB09,0xFD73,
  0xFFFF,0xF7FF,0xFF7C,0xC533,0xD982,0xE1C3,0xE1C3,0xD9C4,0xE1C3,0xD9C4,0xE1C3,0xD9A3,0xE1A3,0xE1C4,0xE1C3,0xD9C4,
  0xE1C3,0xD9C4,0xE1C3,0xD9C4,0xE1C3,0xD9C4,0xE1C3,0xD9C4,0xE1C3,0xD9C4,0xE1C3,0xD9C4,0xE1C3,0xD9C4,0xE9A3,0xE1A3,
  0xA2C9,0xFE78,0xFFFF,0xF7FF,0xFF9C,0xB4D2,0xE182,0xE1C3,0xE1C3,0xD9C4,0xE1C3,0xD9C4,0xE1C3,0xD9C4,0xE1C3,0xD9C4,
  0xE1C3,0xD9C4,0xE1C3,0xD9C4,0xE1C3,0xD9C4,0xE1A3,0xE1C3,0xD1A4,0xE267,0xF77D,0xFFFF,0xFDB5,0x9A88,0xE9A3,0xE1C3,
  0xE1C3,0xD9C4,0xE1C3,0xD9C4,0xE1A3,0xD982,0xC533,0xFFBD,0xFFFF,0xFFFF,0xFFFF,0xFFFF,0xFFFF,0xFFFF,0xFFFF,0xFFFF,
  0xFFFF,0xFFFF,0xFFFF,0xFFFF,0xFFFF,0xFFFF,0xFFFF,0xFFFF,0xFFFF,0xFFFF,0xFFFF,0xFFFF,0xFFFF,0xFFFF,0xFFFF,0xFFFF,
  0xFFFF,0xFFFF,0xFFFF,0xFFFF,0xFFFF,0xFFFF,0xFFFF,0xFFFF,0xFFFF,0xFFFF,0xFFFF,0xFFFF,0xF3CC,0xB9C4,0xD9A3,0xE1A3,
  0xD9C4,0xD9A3,0xD9C4,0xD9A3,0xD9C4,0xD9A3,0xD9A4,0xD962,0xB4D3,0xFF5C,0xF7FF,0xFFFF,0xFFFF,0xFFFF,0xFFDF,0xEEFB,
  0xD205,0xD1C4,0xD9C4,0xE1A3,0xD9C4,0xD9A3,0xD9C4,0xD9A3,0xD9C4,0xD9A3,0xD9C4,0xD9A3,0xD9C4,0xD9A3,0xD9C4,0xD982,
  0xDA87,0xEAC9,0xD9E5,0xD9A4,0xD9C4,0xE1A3,0xD9C4,0xD9A3,0xD9C4,0xD9A3,0xD9C4,0xD9A3,0xD9C4,0xD9A3,0xD9C4,0xD9A3,
  0xD9C4,0xD9A3,0xD9C4,0xE1A3,0xC1C5,0xEAC8,0xFFFF,0xFFFF,0xFFFF,0xFF9E,0xE2A7,0xC9C4,0xD9C4,0xE1A3,0xD9C4,0xD9A3,
  0xD9C4,0xD9A3,0xD9C4,0xD9A3,0xD9C4,0xD9A3,0xD9C4,0xD9A3,0xD9C4,0xD9A3,0xD9C4,0xD982,0xB491,0xFF5C,0xF7FF,0xFFFF,
  0xFD12,0xAA06,0xE1A3,0xE1A3,0xD9C4,0xD9A3,0xD9C4,0xD9A3,0xD9C4,0xD9A3,0xD9C4,0xD9A3,0xD9C4,0xD9A3,0xD9C4,0xD9A3,
  0xD9C4,0xD9A3,0xD9C4,0xD9A3,0xD9C4,0xD9A3,0xD9C4,0xD9A3,0xD9C4,0xD9A3,0xD9C4,0xD9A3,0xD9C4,0xD9A3,0xD9C4,0xD9A3,
  0xD9C4,0xD9A3,0xD9C4,0xD9A3,0xD9C4,0xD9A3,0xD9C4,0xD9A3,0xD9C4,0xD9A3,0xD9C4,0xD9A3,0xD9A4,0xD962,0xAC91,0xFF7C,
  0xF7FF,0xF7FF,0xFF7D,0xC513,0xD183,0xE1A3,0xD9C4,0xD9A3,0xD9C4,0xE1A3,0xB9E5,0xF38B,0xFC2E,0xC1E5,0xD9A4,0xE1A3,
  0xD9C4,0xD9A3,0xD9C4,0xD9A3,0xD9C4,0xD9A3,0xD9C4,0xD9A3,0xD9C4,0xD9A3,0xD9C4,0xD9A3,0xD9C4,0xD9A3,0xE1A3,0xE1A3,
  0x9AEA,0xFE78,0xF7FF,0xF7FF,0xFF3B,0xA3AD,0xD983,0xE1A3,0xD9C4,0xD9A3,0xD9C4,0xD9A3,0xD9C4,0xD9A3,0xD9C4,0xD983,
  0xD983,0xE1A3,0xD9C4,0xD9A3,0xD9C4,0xD9A3,0xD9C4,0xE1A3,0xE1A4,0xD962,0xAC71,0xFF5C,0xFCB1,0xB1E6,0xD9A3,0xE1A3,
  0xD9C4,0xD9A3,0xD9C4,0xE1A3,0xD1C4,0xE205,0xEF3C,0xFFDE,0xFFFF,0xFFFF,0xFFFF,0xFFFF,0xFFFF,0xFFFF,0xFFFF,0xFFFF,
  0xFFFF,0xFFFF,0xFFFF,0xFFFF,0xFFFF,0xFFFF,0xFFFF,0xFFFF,0xFFFF,0xFFFF,0xFFFF,0xFFFF,0xFFFF,0xFFFF,0xFFFF,0xFFFF,
  0xFFFF,0xFFFF,0xFFFF,0xFFFF,0xFFFF,0xFFFF,0xFFFF,0xFFFF,0xFFFF,0xFFFF,0xFFDE,0xE71B,0xD9E4,0xD1E4,0xE1C3,0xD9C3,
  0xE1C3,0xD9C4,0xE1C3,0xD9C4,0xE1C3,0xD9C4,0xE9A2,0xE1C3,0xB1E5,0xFC8F,0xFFFF,0xFFFF,0xFFFF,0xFFFF,0xFFBD,0xD617,
  0xD9A3,0xD9C4,0xE1C3,0xD9C4,0xE1C3,0xD9C4,0xE1C3,0xD9C4,0xE1C3,0xD9C4,0xE1C3,0xD9C4,0xE1C3,0xD9C4,0xE1C3,0xD9C3,
  0xE1A2,0xD9A3,0xE1A3,0xD9C3,0xE1C3,0xD9C4,0xE1C3,0xD9C4,0xE1C3,0xD9C4,0xE1C3,0xD9C4,0xE1C3,0xD9C4,0xE1C3,0xD9C4,
  0xE1C3,0xD9C4,0xE1A3,0xE1C3,0xC9C4,0xEAE9,0xFFFF,0xFFFF,0xFFFF,0xFFBE,0xEA86,0xC9E4,0xE1C3,0xD9C4,0xE1C3,0xD9C4,
  0xE1C3,0xD9C4,0xE1C3,0xD9C4,0xE1C3,0xD9C4,0xE1C3,0xD9C4,0xE1C3,0xD9C4,0xE1A3,0xD1A3,0xD616,0xFFDE,0xFFFF,0xFFFF,
  0xFC6E,0xB205,0xE9A3,0xE1C3,0xE1C3,0xD9C4,0xE1C3,0xD9C4,0xE1C3,0xD9C4,0xE1C3,0xD9C4,0xE1C3,0xD9C4,0xE1C3,0xD9C4,
  0xE1C3,0xD9C4,0xE1C3,0xD9C4,0xE1C3,0xD9C4,0xE1C3,0xD9C3,0xE1C3,0xD9C4,0xE1C3,0xD9C4,0xE1C3,0xD9C4,0xE1C3,0xD9C4,
  0xE1C3,0xD9C4,0xE1C3,0xD9C4,0xE1C3,0xD9C4,0xE1C3,0xD9C4,0xE1C3,0xD9C4,0xE1C3,0xD9C4,0xE1A3,0xE1C3,0xCA05,0xE329,
  0xF75C,0xFFFF,0xFF9C,0xBD13,0xD982,0xE1C3,0xE1C3,0xD9C4,0xE9A3,0xE1C3,0xAA46,0xFD73,0xFF1A,0x9BAC,0xE182,0xE1C3,
  0xE1C3,0xD9C4,0xE1C3,0xD9C4,0xE1C3,0xD9C4,0xE1C3,0xD9C4,0xE1C3,0xD9C4,0xE1C3,0xD9C4,0xE1C3,0xD9C4,0xE1A3,0xD9A3,
  0xA32A,0xFED9,0xFFFF,0xF7FF,0xFE57,0x9AE9,0xE1A2,0xE1C3,0xE1C3,0xD9C4,0xE1C3,0xD9C4,0xE1A3,0xE1C3,0xC1E5,0xF3AC,
  0xFC4E,0xBA26,0xE1A3,0xE1C3,0xE1C3,0xD9C4,0xE1C3,0xD9C4,0xE1A3,0xE1C3,0xB225,0xFD11,0xFC2D,0xBA05,0xE1A3,0xE1C3,
  0xE1C3,0xD9C4,0xE1A3,0xE1C3,0xC1E4,0xFBED,0xFFFF,0xFFFF,0xFFFF,0xFFFF,0xFFFF,0xFFFF,0xFFFF,0xFFFF,0xFFFF,0xFFFF,
  0xFFFF,0xFFFF,0xFFFF,0xFFFF,0xFFFF,0xFFFF,0xFFFF,0xFFFF,0xFFFF,0xFFFF,0xFFFF,0xFFFF,0xFFFF,0xFFFF,0xFFFF,0xFFFF,
  0xFFFF,0xFFFF,0xFFFF,0xFFFF,0xFFFF,0xFFFF,0xFFFF,0xFFFF,0xFFFF,0xFFFF,0xFFBE,0xCDB6,0xD183,0xD9A3,0xD9C4,0xD9A3,
  0xD9C4,0xD9A3,0xD9C4,0xD9A3,0xD9C4,0xD9A3,0xD9C4,0xE1A3,0xD9C4,0xD9A3,0xD658,0xFFBD,0xF7FF,0xF7FF,0xFF5C,0xAC0E,
  0xD983,0xE1A3,0xD9C4,0xD9A3,0xD9C4,0xD9A3,0xD9C4,0xD9A3,0xD9C4,0xD9A3,0xD9C4,0xD9A3,0xD9C4,0xD9A3,0xD9C4,0xD9A3,
  0xD9C4,0xD9A3,0xD9C4,0xD9A3,0xD9C4,0xD9A3,0xD9C4,0xD9A3,0xD9C4,0xD9A3,0xD9C4,0xD9A3,0xD9C4,0xD9A3,0xD9C4,0xD9A3,
  0xD9C4,0xD9A3,0xD9C4,0xE1A3,0xC1C5,0xEAC8,0xFFFF,0xFFFF,0xFFFF,0xFF9E,0xDA87,0xC9C4,0xD9C4,0xE1A3,0xD9C4,0xD9A3,
  0xD9C4,0xD9A3,0xD9C4,0xD9A3,0xD9C4,0xD9A3,0xD9C4,0xD9A3,0xD9C4,0xE1A3,0xD1E4,0xE205,0xEF5D,0xFFFF,0xFFFF,0xDE99,
  0xE267,0xD1C4,0xD9C4,0xE1A3,0xD9C4,0xD9A3,0xD9C4,0xD9A3,0xD9C4,0xD9A3,0xD9C4,0xD9A3,0xD9C4,0xD9A3,0xD9C4,0xD9A3,
  0xD9C4,0xD9A3,0xD9C4,0xD9A3,0xD9C4,0xD9A3,0xD9C4,0xD9A3,0xD9C4,0xD9A3,0xD9C4,0xD9A3,0xD9C4,0xD9A3,0xD9C4,0xD9A3,
  0xD9C4,0xD9A3,0xD9C4,0xD9A3,0xD9C4,0xD9A3,0xD9C4,0xD9A3,0xD9C4,0xD9A3,0xD9C4,0xD9A3,0xD9C4,0xD9A3,0xE1A4,0xD942,
  0xACD2,0xFF9D,0xFF9D,0xB4B1,0xD983,0xE1A3,0xD9C4,0xD9A3,0xE1A3,0xE1A3,0x9A47,0xFD73,0xFFDE,0xCDB5,0xD1A3,0xE1A3,
  0xD9C4,0xE1A3,0xD9C4,0xD9A3,0xD9C4,0xD9A3,0xD9C4,0xD9A3,0xD9C4,0xD9A3,0xD9C4,0xD9A3,0xD9C4,0xD9A3,0xD9A3,0xE183,
  0x9B6C,0xFEFA,0xF7FF,0xFFFF,0xFDB5,0xA267,0xE1A3,0xE1A3,0xD9C4,0xD9A3,0xD9C4,0xD9A3,0xE1A3,0xE1A3,0xA247,0xFD73,
  0xFFBD,0xB4B1,0xD183,0xE1A3,0xD9C4,0xD9A3,0xD9C4,0xD9A3,0xD9C4,0xE1A3,0xD1C4,0xE225,0xE2A7,0xD1C4,0xD9C4,0xE1A3,
  0xD9C4,0xD9A3,0xD9A3,0xE1A3,0x9A87,0xFDB4,0xF7FF,0xFFFF,0xFFFF,0xFFFF,0xFFFF,0xFFFF,0xFFFF,0xFFFF,0xFFFF,0xFFFF,
  0xFFFF,0xFFFF,0xFFFF,0xFFFF,0xFFFF,0xFFFF,0xFFFF,0xFFFF,0xFFFF,0xFFFF,0xFFFF,0xFFFF,0xFFFF,0xFFFF,0xFFFF,0xFFFF,
  0xFFFF,0xFFFF,0xFFFF,0xFFFF,0xFFFF,0xFFFF,0xFFFF,0xFFFF,0xFFFF,0xFFFF,0xFF9C,0xBD33,0xD982,0xD9C3,0xE1C3,0xD9C4,
  0xE1C3,0xD9C4,0xE1C3,0xD9C4,0xE1C3,0xD9C4,0xE1C3,0xD9C4,0xE9A3,0xD982,0xABEE,0xFF5C,0xFFFF,0xF7FF,0xFCD0,0xB246,
  0xE1A3,0xE1C3,0xE1C3,0xD9C4,0xE1C3,0xD9C4,0xE1C3,0xD9C4,0xE1C3,0xD9C4,0xE1C3,0xD9C4,0xE1C3,0xD9C4,0xE1C3,0xD9C4,
  0xE1C3,0xD9C4,0xE1C3,0xD9C4,0xE1C3,0xD9C4,0xE1C3,0xD9C4,0xE1C3,0xD9C4,0xE1C3,0xD9C4,0xE1C3,0xD9C4,0xE1C3,0xD9C4,
  0xE1C3,0xD9C4,0xE1A3,0xE1C3,0xC9C4,0xEAE9,0xFFFF,0xFFFF,0xFFFF,0xF7BE,0xEA86,0xC9E4,0xE1A3,0xE1C3,0xE1C3,0xD9C4,
  0xE1C3,0xD9C4,0xE1C3,0xD9C4,0xE1C3,0xD9C4,0xE1C3,0xD9C4,0xE1A3,0xE1C3,0xC9E4,0xE2C8,0xFFFF,0xFFFF,0xFCD0,0xB287,
  0xE182,0xE1C3,0xE1C3,0xD9C4,0xE1C3,0xD9C4,0xE1C3,0xD9C4,0xE1C3,0xD9C4,0xE1C3,0xD9C4,0xE1C3,0xD9C4,0xE1C3,0xD9C4,
  0xE1C3,0xD9C4,0xE1C3,0xD9C4,0xE1C3,0xD9C4,0xE1C3,0xD9C4,0xE1C3,0xD9C4,0xE1C3,0xD9C4,0xE1C3,0xD9C4,0xE1C3,0xD9C4,
  0xE1C3,0xD9C4,0xE1C3,0xD9C4,0xE1C3,0xD9C4,0xE1C3,0xD9C4,0xE1C3,0xD9C4,0xE1C3,0xD9C4,0xE1C3,0xD9C4,0xE9A3,0xE1A3,
  0xA288,0xFDF5,0xFF3A,0x9BAD,0xE182,0xE1C3,0xE1C3,0xD9C4,0xE9A3,0xE1A3,0xA287,0xFE15,0xFFFF,0xEF9E,0xE266,0xC9E4,
  0xE1A3,0xE1C4,0xE1C3,0xD9C4,0xE1C3,0xD9C4,0xE1C3,0xD9C4,0xE1C3,0xD9C4,0xE1C3,0xD9C4,0xE1C3,0xD9C4,0xE1A3,0xD9A3,
  0xABAD,0xFF3B,0xFFFF,0xF7FF,0xFD73,0xA267,0xE9A3,0xE1C3,0xE1C3,0xD9C4,0xE1C3,0xD9C4,0xE1A3,0xE1C3,0xB205,0xFCD0,
  0xFFFF,0xF7DF,0xF36A,0xB9E4,0xE1A3,0xE1C3,0xE1C3,0xD9C4,0xE1C3,0xD9C4,0xE1C3,0xD9C3,0xE1A3,0xE1C4,0xE1C3,0xD9C4,
  0xE1C3,0xD9C4,0xE9A3,0xE1A3,0xA38C,0xFEFA,0xFFFF,0xFFFF,0xFFFF,0xFFFF,0xFFFF,0xFFFF,0xFFFF,0xFFFF,0xFFFF,0xFFFF,
  0xFFFF,0xFFFF,0xFFFF,0xFFFF,0xFFFF,0xFFFF,0xFFFF,0xFFFF,0xFFFF,0xFFFF,0xFFFF,0xFFFF,0xFFFF,0xFFFF,0xFFFF,0xFFFF,
  0xFFFF,0xFFFF,0xFFFF,0xFFFF,0xFFFF,0xFFFF,0xFFFF,0xFFFF,0xFFFF,0xFFFF,0xFFBE,0xCDB6,0xD1A3,0xD9A3,0xD9C4,0xE1A3,
  0xD9C4,0xD9A3,0xD9C4,0xD9A3,0xD9C4,0xD9A3,0xD9C4,0xD9A3,0xE1A3,0xE1A3,0x9A89,0xFDF5,0xFFFF,0xDE99,0xD1E5,0xD9C4,
  0xD9C4,0xE1A3,0xD9C4,0xD9A3,0xD9C4,0xD9A3,0xD9C4,0xD9A3,0xD9C4,0xD9A3,0xD9C4,0xD9A3,0xD9C4,0xD9A3,0xD9C4,0xD9A3,
  0xD9C4,0xD9A3,0xD9C4,0xD9A3,0xD9C4,0xD9A3,0xD9C4,0xE1A3,0xD9E4,0xD9C4,0xD9C4,0xD9A3,0xD9C4,0xD9A3,0xD9C4,0xD9A3,
  0xD9C4,0xD9A3,0xD9C4,0xE1A3,0xC1C5,0xEAC8,0xFFFF,0xFFFF,0xFFFF,0xF77E,0xDA47,0xD1C4,0xD9C4,0xE1A3,0xD9C4,0xD9A3,
  0xD9C4,0xD9A3,0xD9C4,0xD9A3,0xD9C4,0xD9A3,0xD9C4,0xD9A3,0xD9C4,0xE1A3,0xC9E4,0xDA05,0xEE17,0xFE98,0xD225,0xD1C3,
  0xD9C4,0xE1A3,0xD9C4,0xD9A3,0xD9C4,0xD9A3,0xD9C4,0xD9A3,0xD9C4,0xD9A3,0xD9C4,0xD9A3,0xD9C4,0xD9A3,0xD9C4,0xD9A3,
  0xD9C4,0xD9A3,0xD9C4,0xD9A3,0xD9C4,0xE1A4,0xD9C4,0xD9A3,0xD9C4,0xD9A3,0xD9C4,0xD9A3,0xD9C4,0xD9A3,0xD9C4,0xD9A3,
  0xD9C4,0xD9A3,0xD9C4,0xD9A3,0xD9C4,0xD9A3,0xD9C4,0xD9A3,0xD9C4,0xD9A3,0xD9C4,0xD9A3,0xD9C4,0xD9A3,0xD9C4,0xE1A3,
  0xC9E4,0xE246,0xEAE9,0xD1E4,0xD9C4,0xE1A3,0xD9C4,0xD9A3,0xE1A3,0xE183,0x9AEA,0xFE78,0xF7FF,0xFFFF,0xF40D,0xB9E4,
  0xD9A3,0xE1A3,0xD9C4,0xD9A3,0xD9C4,0xD9A3,0xD9C4,0xD9A3,0xD9C4,0xD9A3,0xD9C4,0xD9A3,0xD9C4,0xD9A3,0xD9C4,0xD982,
  0xB4B2,0xFF7C,0xF7FF,0xFFFF,0xFD12,0xAA06,0xE1A3,0xE1A3,0xD9C4,0xD9A3,0xD9C4,0xD9A3,0xE1A3,0xE1A3,0xAA06,0xFCB1,
  0xF7FF,0xFFFF,0xFF1B,0xB40F,0xD183,0xE1A3,0xD9C4,0xD9A3,0xD9C4,0xD9A3,0xD9C4,0xD9A3,0xD9C4,0xD9A3,0xD9C4,0xD9A3,
  0xD9C4,0xD9A3,0xD9C4,0xD982,0xBD13,0xFF7D,0xFFFF,0xFFFF,0xFFFF,0xFFFF,0xFFFF,0xFFFF,0xFFFF,0xFFFF,0xFFFF,0xFFFF,
  0xFFFF,0xFFFF,0xFFFF,0xFFFF,0xFFFF,0xFFFF,0xFFFF,0xFFFF,0xFFFF,0xFFFF,0xFFFF,0xFFFF,0xFFFF,0xFFFF,0xFFFF,0xFFFF,
  0xFFFF,0xFFFF,0xFFFF,0xFFFF,0xFFFF,0xFFFF,0xFFFF,0xFFFF,0xFFFF,0xFFFF,0xFFDE,0xEF3B,0xD9E4,0xD1E4,0xE1C3,0xD9C4,
  0xE1C3,0xD9C4,0xE1C3,0xD9C4,0xE1C3,0xD9C4,0xE1C3,0xD9C4,0xE1C3,0xD9C3,0xD1E4,0xE2C8,0xFC0D,0xCAA7,0xE182,0xE1C3,
  0xE1C3,0xD9C4,0xE1C3,0xD9C4,0xE1C3,0xD9C4,0xE1C3,0xD9C4,0xE1C3,0xD9C4,0xE1C3,0xD9C4,0xE1C3,0xD9C4,0xE1C3,0xD9C4,
  0xE1C3,0xD9C4,0xE1C3,0xD9C4,0xE1C3,0xD9C4,0xE1C3,0xD1A3,0xFBCC,0xCA87,0xE1C3,0xD9C4,0xE1C3,0xD9C4,0xE1C3,0xD9C4,
  0xE1C3,0xD9C4,0xE1C3,0xD9C4,0xD9C3,0xDA25,0xDCD1,0xF5D5,0xFE57,0xF657,0xE225,0xD1E4,0xE1C3,0xD9C4,0xE1C3,0xD9C4,
  0xE1C3,0xD9C4,0xE1C3,0xD9C4,0xE1C3,0xD9C4,0xE1C3,0xD9C4,0xE1C3,0xD9C4,0xE1C3,0xD9C4,0xD9E4,0xDA25,0xE1A3,0xD9C3,
  0xE1C3,0xD9C4,0xE1C3,0xD9C4,0xE1C3,0xD9C4,0xE1C3,0xD9C4,0xE1C3,0xD9C4,0xE1C3,0xD9C4,0xE1C3,0xD9C4,0xE1A3,0xE1C4,
  0xE1C3,0xD9C4,0xE1C3,0xD9C3,0xE1A3,0xD9C3,0xE1C3,0xD9C3,0xE1C3,0xD9C4,0xE1C3,0xD9C4,0xE1C3,0xD9C4,0xE1A3,0xD9A3,
  0xE1C3,0xD9C4,0xE1C3,0xD9C4,0xE1C3,0xD9C4,0xE1C3,0xD9C4,0xE1C3,0xD9C4,0xE1C3,0xD9C4,0xE1C3,0xD9C4,0xE1C3,0xD9C4,
  0xE1C3,0xD9C3,0xE1A2,0xE1C3,0xE1C3,0xD9C4,0xE1C3,0xD9C4,0xE9A3,0xE1A3,0xA34B,0xFED9,0xF7FF,0xF7FF,0xFDB3,0xA287,
  0xE9A3,0xE1C3,0xE1C3,0xD9C4,0xE1C3,0xD9C4,0xE1C3,0xD9C4,0xE1C3,0xD9C4,0xE1C3,0xD9C4,0xE1C3,0xD9C4,0xE1C3,0xD9A3,
  0xD5B5,0xFFBD,0xFFFF,0xFFFF,0xFCD1,0xAA26,0xE1A3,0xE1C3,0xE1C3,0xD9C4,0xE1C3,0xD9C4,0xE1A3,0xE1C3,0xAA46,0xFD93,
  0xFFFF,0xFFFF,0xFFFF,0xF7DE,0xFBCC,0xBA05,0xE1A3,0xE1C3,0xE1C3,0xD9C4,0xE1C3,0xD9C4,0xE1C3,0xD9C4,0xE1C3,0xD9C4,
  0xE1C3,0xD9C4,0xE1C3,0xD1A3,0xD5D6,0xFFBE,0xFFFF,0xFFFF,0xFFFF,0xFFFF,0xFFFF,0xFFFF,0xFFFF,0xFFFF,0xFFFF,0xFFFF,
  0xFFFF,0xFFFF,0xFFFF,0xFFFF,0xFFFF,0xFFFF,0xFFFF,0xFFFF,0xFFFF,0xFFFF,0xFFFF,0xFFFF,0xFFFF,0xFFFF,0xFFFF,0xFFFF,
  0xFFFF,0xFFFF,0xFFFF,0xFFFF,0xFFFF,0xFFFF,0xFFFF,0xFFFF,0xFFFF,0xFFFF,0xFFFF,0xFFFF,0xEB6B,0xC1C4,0xD9C4,0xE1A3,
  0xD9C4,0xD9A3,0xD9C4,0xD9A3,0xD9C4,0xD9A3,0xD9C4,0xD9A3,0xD9C4,0xD9A3,0xD9C4,0xD983,0xD983,0xE1A3,0xD9C4,0xD9A3,
  0xD9C4,0xD9A3,0xD9C4,0xD9A3,0xD9C4,0xD9A3,0xD9C4,0xD9A3,0xD9C4,0xD9A3,0xD9C4,0xD9A3,0xD9C4,0xD9A3,0xD9C4,0xD9A3,
  0xD9C4,0xD9A3,0xD9C4,0xD9A3,0xD9A4,0xE1A3,0xC1E4,0xE2C8,0xFE37,0xAB0A,0xD9A3,0xE1A3,0xD9C4,0xD9A3,0xD9C4,0xD9A3,
  0xD9C4,0xD9A3,0xD9C4,0xD9A3,0xD9C4,0xE1A3,0xD983,0xD983,0xD1A4,0xE1A4,0xD9C4,0xD9A3,0xD9C4,0xD9A3,0xD9C4,0xD9A3,
  0xD9C4,0xD9A3,0xD9C4,0xD9A3,0xD9C4,0xD9A3,0xD9C4,0xD9A3,0xD9C4,0xD9A3,0xD9C4,0xD9A3,0xD9C4,0xE1A3,0xD9C4,0xD9A3,
  0xD9C4,0xD9A3,0xD9C4,0xD9A3,0xD9C4,0xD9A3,0xD9C4,0xD9A3,0xD9C4,0xD9A3,0xD9C4,0xD9A3,0xD9C4,0xD9A3,0xD9C4,0xD9A3,
  0xD983,0xD963,0xD1A3,0xD983,0xD9C4,0xE1C4,0xD9A4,0xE1A3,0xD9C4,0xD9A3,0xD9C4,0xD9A3,0xD9C4,0xD9A3,0xD205,0xE266,
  0xD9C4,0xD9A4,0xD9C4,0xD9A3,0xD9C4,0xD9A3,0xD9C4,0xD9A3,0xD9C4,0xD9A3,0xD9C4,0xD9A3,0xD9C4,0xD9A3,0xD9C4,0xD9A3,
  0xD9C4,0xD9A3,0xD9C4,0xD9A3,0xD9C4,0xD9A3,0xD9C4,0xD9A3,0xD9A3,0xD982,0xA3EF,0xFF3B,0xF7FF,0xF7FF,0xFEFA,0x9B4B,
  0xD9A3,0xE1A3,0xD9C4,0xD9A3,0xD9C4,0xD9A3,0xD9C4,0xD9A3,0xD9C4,0xD9A3,0xD9C4,0xD9A3,0xD9C4,0xE1A3,0xD9C4,0xD983,
  0xD618,0xFFBE,0xF7FF,0xFFFF,0xFC90,0xB1E5,0xD9A3,0xE1A3,0xD9C4,0xD9A3,0xD9C4,0xD9A3,0xD9A3,0xE182,0x9B2B,0xFE98,
  0xFFFF,0xFFFF,0xF7FF,0xFFFF,0xFE16,0x9A67,0xE1A3,0xE1A3,0xD9C4,0xD9A3,0xD9C4,0xD9A3,0xD9C4,0xD9A3,0xD9C4,0xD9A3,
  0xD9C4,0xE1A3,0xD9C4,0xD983,0xCDD6,0xFFBD,0xFFFF,0xFFFF,0xFFFF,0xFFFF,0xFFFF,0xFFFF,0xFFFF,0xFFFF,0xFFFF,0xFFFF,
  0xFFFF,0xFFFF,0xFFFF,0xFFFF,0xFFFF,0xFFFF,0xFFFF,0xFFFF,0xFFFF,0xFFFF,0xFFFF,0xFFFF,0xFFFF,0xFFFF,0xFFFF,0xFFFF,
  0xFFFF,0xFFFF,0xFFFF,0xFFFF,0xFFFF,0xFFFF,0xFFFF,0xFFFF,0xFFFF,0xFFFF,0xFFFF,0xFFFF,0xFDB4,0xA287,0xE1A2,0xE1C3,
  0xE1C3,0xD9C4,0xE1C3,0xD9C4,0xE1C3,0xD9C4,0xE1C3,0xD9C4,0xE1C3,0xD9C4,0xE1C3,0xD9C4,0xE1C3,0xD9C4,0xE1C3,0xD9C4,
  0xE1C3,0xD9C4,0xE1C3,0xD9C4,0xE1C3,0xD9C4,0xE1C3,0xD9A3,0xE1A2,0xD9C3,0xE1C3,0xD9C4,0xE1C3,0xD9C4,0xE1C3,0xD9C4,
  0xE1C3,0xD9C4,0xE1C3,0xD9C4,0xE1A2,0xD9A3,0xB40E,0xFEDA,0xFF3A,0x9BAD,0xE182,0xE1C3,0xE1C3,0xD9C4,0xE1C3,0xD9C4,
  0xE1C3,0xD9C4,0xE1C3,0xD9C4,0xE1A3,0xD9C4,0xE1C3,0xD9C4,0xE1A3,0xD9C3,0xE1C3,0xD9C4,0xE1C3,0xD9C4,0xE1C3,0xD9C4,
  0xE1C3,0xD9C4,0xE1C3,0xD9C4,0xE1C3,0xD9C4,0xE1C3,0xD9C4,0xE1C3,0xD9C4,0xE1C3,0xD9C4,0xE1C3,0xD9C3,0xE1C3,0xD9C4,
  0xE1C3,0xD9C4,0xE1C3,0xD9C4,0xE1C3,0xD9C4,0xE1C3,0xD9C4,0xE1C3,0xD9C4,0xE1C3,0xD9C4,0xE1A3,0xE1C4,0xD9A4,0xE226,
  0xECF1,0xF574,0xEE15,0xEE37,0xFE99,0xDD95,0xD9A3,0xD9C4,0xE1C3,0xD9C4,0xE1C3,0xD9C4,0xE1A3,0xD9A3,0xBBCC,0xFE97,
  0xDA46,0xC9E5,0xE1C3,0xD9C3,0xE1C3,0xD9C4,0xE1C3,0xD9C4,0xE1C3,0xD9C4,0xE1C3,0xD9C4,0xE1C3,0xD9C4,0xE1C3,0xD9C4,
  0xE1C3,0xD9C4,0xE1C3,0xD9C4,0xE1C3,0xD9C4,0xE1C3,0xD9C4,0xE1A3,0xD983,0xBCB1,0xFF7C,0xFFFF,0xF7FF,0xFF7C,0xAC91,
  0xD982,0xE1C3,0xE1C3,0xD9C4,0xE1C3,0xD9C4,0xE1C3,0xD9C4,0xE1C3,0xD9C4,0xE1C3,0xD9C4,0xE1C3,0xD9C4,0xE1C3,0xD9A3,
  0xC533,0xFF9D,0xFFFF,0xFFFF,0xFC0D,0xB9E5,0xE1A3,0xE1C3,0xE1C3,0xD9C4,0xE1C3,0xD9C4,0xE1C3,0xD1A3,0xCDB5,0xFFBD,
  0xFFFF,0xFFFF,0xFFFF,0xFFFF,0xFF3B,0xBCD2,0xE1A3,0xD9C4,0xE1C3,0xD9C4,0xE1C3,0xD9C4,0xE1C3,0xD9C4,0xE1C3,0xD9C4,
  0xE1C3,0xD9C4,0xE1A3,0xD9A3,0xB470,0xFF7C,0xFFFF,0xFFFF,0xFFFF,0xFFFF,0xFFFF,0xFFFF,0xFFFF,0xFFFF,0xFFFF,0xFFFF,
  0xFFFF,0xFFFF,0xFFFF,0xFFFF,0xFFFF,0xFFFF,0xFFFF,0xFFFF,0xFFFF,0xFFFF,0xFFFF,0xFFFF,0xFFFF,0xFFFF,0xFFFF,0xFFFF,
  0xFFFF,0xFFFF,0xFFFF,0xFFFF,0xFFFF,0xFFFF,0xFFFF,0xFFFF,0xFFFF,0xFFFF,0xFFFF,0xFFFF,0xFF7C,0xBCB2,0xD183,0xE1A3,
  0xD9C4,0xE1A3,0xD9C4,0xD9A3,0xD9C4,0xD9A3,0xD9C4,0xD9A3,0xD9C4,0xD9A3,0xD9C4,0xD9A3,0xD9C4,0xD9A3,0xD9C4,0xD9A3,
  0xD9C4,0xD9A3,0xD9C4,0xD9A3,0xD9C4,0xE1A3,0xC1E5,0xF32A,0xEB4A,0xC1A4,0xD9A3,0xE1A2,0xD9A4,0xD9A3,0xD9C4,0xD9A3,
  0xD9A3,0xD983,0xD983,0xE162,0xBAA8,0xFCB0,0xF7FF,0xFFFF,0xFF7C,0xAC50,0xD983,0xE1A3,0xD9C4,0xD9A3,0xD9C4,0xD9A3,
  0xD9C4,0xD9A3,0xD9C4,0xD9A3,0xD9C4,0xD9A3,0xD9C4,0xD9A3,0xD9C4,0xD9A3,0xD9C4,0xD9A3,0xD9C4,0xD9A3,0xD9C4,0xD9A3,
  0xD9C4,0xD9A3,0xD9C4,0xD9A3,0xD9C4,0xD9A3,0xD9C4,0xD9A3,0xD9C4,0xD9A3,0xD9C4,0xD9A3,0xD9C4,0xD9A3,0xD9C4,0xD9A3,
  0xD9C4,0xD9A3,0xD9C4,0xD9A3,0xD9C4,0xD9A3,0xD9C4,0xD9A3,0xD9C4,0xD9A3,0xD9C4,0xD9A3,0xE1A3,0xE1A3,0xB1E6,0xFC2F,
  0xFFFF,0xFFFF,0xFFFF,0xFFFF,0xFFFF,0xDE59,0xD1A4,0xD9C4,0xD9C4,0xE1A3,0xD9C4,0xD9A3,0xD9C4,0xD982,0xC4D2,0xFEFA,
  0xD246,0xC9C4,0xD9C4,0xE1A3,0xD9C4,0xD9A3,0xD9C4,0xD9A3,0xD9C4,0xD9A3,0xD9C4,0xE1A4,0xD9C4,0xD9A3,0xD9C4,0xD9A3,
  0xD9C4,0xD9A3,0xD9C4,0xD9A3,0xD9C4,0xD9A3,0xD9C4,0xD9A3,0xD9C3,0xD982,0xC575,0xFF7D,0xF7FF,0xFFFF,0xFF9D,0xC554,
  0xD183,0xD9A3,0xD9C4,0xD9A3,0xD9C4,0xD9A3,0xD9C4,0xD9A3,0xD9C4,0xD9A3,0xD9C4,0xD9A3,0xD9C4,0xD9A3,0xE1A3,0xE182,
  0xA42F,0xFF5B,0xFFFF,0xE6DB,0xDA46,0xD1C4,0xD9C4,0xE1A3,0xD9C4,0xD9A3,0xD9A4,0xE1A3,0xC1E5,0xF36B,0xFFFF,0xFFFF,
  0xFFFF,0xFFFF,0xFFFF,0xFFFF,0xFFFF,0xFFDF,0xEAE9,0xC9C4,0xD9C4,0xE1A3,0xD9C4,0xD9A3,0xD9C4,0xD9A3,0xD9C4,0xD9A3,
  0xD9C4,0xD9A3,0xD9A3,0xE1A3,0xB247,0xFC6F,0xEEDB,0xFF3B,0xF6FB,0xF6B9,0xEF5C,0xFFFE,0xFFFF,0xFFFF,0xFFFF,0xFFFF,
  0xFFFF,0xFFFF,0xFFFF,0xFFFF,0xFFFF,0xFFFF,0xFFFF,0xFFFF,0xFFFF,0xFFFF,0xFFFF,0xFFFF,0xFFFF,0xFFFF,0xFFFF,0xFFFF,
  0xFFFF,0xFFFF,0xFFFF,0xFFFF,0xFFFF,0xFFFF,0xFFFF,0xFFFF,0xFFFF,0xFFFF,0xFFFF,0xFFFF,0xFFFF,0xF7BE,0xF308,0xC1E4,
  0xE1A3,0xE1C3,0xE1C3,0xD9C4,0xE1C3,0xD9C4,0xE1C3,0xD9C4,0xE1C3,0xD9C4,0xE1C3,0xD9C4,0xE1C3,0xD9C4,0xE1C3,0xD9C4,
  0xE1C3,0xD9C4,0xE1C3,0xD9C4,0xE9A3,0xE1C3,0xAA26,0xFD33,0xFF7C,0xC554,0xE286,0xD266,0xE246,0xDA46,0xE266,0xE287,
  0xDAA8,0xE309,0xDB8C,0xEC90,0xEF3C,0xFFFF,0xFFFF,0xF7FF,0xFF9D,0xC595,0xD982,0xD9C3,0xE1C3,0xD9C4,0xE1C3,0xD9C4,
  0xE1C3,0xD9C4,0xE1C3,0xD9C4,0xE1C3,0xD9C4,0xE1C3,0xD9C4,0xE1C3,0xD9C4,0xE1C3,0xD9C4,0xE1C3,0xD9C4,0xE1C3,0xD9C4,
  0xE1C3,0xD9C4,0xE1C3,0xD9C4,0xE1C3,0xD9C4,0xE1C3,0xD9C4,0xE1C3,0xD9C4,0xE1C3,0xD9C4,0xE1C3,0xD9C4,0xE1C3,0xD9C4,
  0xE1C3,0xD9C4,0xE1C3,0xD9C4,0xE1C3,0xD9C4,0xE1C3,0xD9C4,0xE1C3,0xD9C4,0xE1C3,0xD9C4,0xE9A2,0xE1C3,0xA2E9,0xFE98,
  0xFFFF,0xFFFF,0xFFFF,0xFFFF,0xFFBD,0xD617,0xD982,0xD9C4,0xE1C3,0xD9C4,0xE1C3,0xD9C4,0xD9C4,0xD1A4,0xE5F6,0xFF3B,
  0xDA25,0xD1E4,0xE1C3,0xD9C4,0xE1C3,0xD9C4,0xE1C3,0xD9C4,0xE1C3,0xD9C3,0xE1A3,0xD9C4,0xE1C3,0xD9C4,0xE1C3,0xD9C4,
  0xE1C3,0xD9C4,0xE1C3,0xD9C4,0xE1C3,0xD9C4,0xE1C3,0xD9C4,0xD9C3,0xD1C3,0xDE57,0xFFDE,0xFFFF,0xFFFF,0xFFBD,0xDE58,
  0xD983,0xD9C4,0xE1C3,0xD9C4,0xE1C3,0xD9C4,0xE1C3,0xD9C4,0xE1C3,0xD9C4,0xE1C3,0xD9C4,0xE1C3,0xD9C4,0xE1A3,0xD9A3,
  0xA2C8,0xFE16,0xFE16,0xAB2A,0xE1A2,0xE1C3,0xE1C3,0xD9C4,0xE1C3,0xD9C4,0xE1A3,0xE1C3,0xD1C4,0xEAC9,0xED12,0xED12,
  0xD5F6,0xFFBD,0xFFFF,0xFFFF,0xFFFF,0xFFFF,0xFC4E,0xB205,0xE1A3,0xE1C3,0xE1C3,0xD9C4,0xE1C3,0xD9C4,0xE1C3,0xD9C4,
  0xE1C3,0xD9C4,0xE1C3,0xD9C4,0xE1A2,0xD9A3,0xD9E4,0xDA45,0xE204,0xD9E4,0xBA87,0xFCAF,0xFFFF,0xFFFF,0xFFFF,0xFFFF,
  0xFFFF,0xFFFF,0xFFFF,0xFFFF,0xFFFF,0xFFFF,0xFFFF,0xFFFF,0xFFFF,0xFFFF,0xFFFF,0xFFFF,0xFFFF,0xFFFF,0xFFFF,0xFFFF,
  0xFFFF,0xFFFF,0xFFFF,0xFFFF,0xFFFF,0xFFFF,0xFFFF,0xFFFF,0xFFFF,0xFFFF,0xFFFF,0xFFFF,0xF7FF,0xFFFF,0xFE99,0xAB6C,
  0xD963,0xE1A3,0xD9C4,0xD9A3,0xD9C4,0xD9A3,0xD9C4,0xD9A3,0xD9C4,0xD9A3,0xD9C4,0xD9A3,0xD9C4,0xD9A3,0xD9C4,0xD9A3,
  0xD9C4,0xD9A3,0xD9C4,0xD9A3,0xE1A3,0xE183,0x9AC9,0xFE37,0xF7FF,0xFFFF,0xFFBE,0xFF7D,0xF79D,0xFF7D,0xFF9E,0xFF9E,
  0xFFDF,0xFFDF,0xFFFF,0xFFFF,0xFFFF,0xFFFF,0xFFFF,0xFFFF,0xFFDF,0xEEDB,0xD1E4,0xD1A3,0xD9C4,0xE1A3,0xD9C4,0xD9A3,
  0xD9C4,0xD9A3,0xD9C4,0xD9A3,0xD9C4,0xD9A3,0xD9C4,0xD9A3,0xD9C4,0xD9A3,0xD9C4,0xD9A3,0xD9C4,0xD9A3,0xD9C4,0xD9A3,
  0xD9C4,0xD9A3,0xD9C4,0xD9A3,0xD9C4,0xD9A3,0xD9C4,0xD9A3,0xD9C4,0xD9A3,0xD9C4,0xD9A3,0xD9C4,0xD9A3,0xD9C4,0xD9A3,
  0xD9C4,0xD9A3,0xD9C4,0xD9A3,0xD9C4,0xD9A3,0xD9C4,0xD9A3,0xD9C4,0xD9A3,0xD9C4,0xD9A3,0xD9C3,0xD982,0xB4B2,0xFF7C,
  0xF7FF,0xFFFF,0xFFFF,0xFFFF,0xFF9D,0xC554,0xD183,0xD9A3,0xD9C4,0xE1A3,0xD9C4,0xE1A3,0xD1E5,0xD9E5,0xF6FB,0xFF3B,
  0xDA26,0xD1C4,0xD9C4,0xE1A3,0xD9C4,0xD9A3,0xD9C4,0xD9A3,0xD1E4,0xE1E4,0xDA25,0xD1C3,0xD9C4,0xE1A3,0xD9C4,0xD9A3,
  0xD9C4,0xD9A3,0xD9C4,0xD9A3,0xD9C4,0xD9A3,0xD9C4,0xE1A3,0xD1C4,0xD9E4,0xE6FB,0xFFBE,0xFFFF,0xFFFF,0xFFDF,0xEEDB,
  0xD1E5,0xD9C4,0xD9C4,0xE1A3,0xD9C4,0xD9A3,0xD9C4,0xD9A3,0xD9C4,0xD9A3,0xD9C4,0xD9A3,0xD9C4,0xD9A3,0xD9C4,0xE1A3,
  0xD1C4,0xE225,0xDA05,0xD9A4,0xD9C4,0xD9A3,0xD9C4,0xD9A3,0xD9C4,0xD9A3,0xD9C4,0xD9A3,0xD9C4,0xE1A3,0xD962,0xE162,
  0xB206,0xFC6F,0xF7FF,0xFFFF,0xFFFF,0xE6FB,0xDA87,0xC9C4,0xD9C4,0xE1A3,0xD9C4,0xD9A3,0xD9C4,0xD9A3,0xD9C4,0xD9A3,
  0xD9C4,0xD9A3,0xD9C4,0xE1A4,0xD9C4,0xD9A3,0xD9A4,0xE1A3,0xD9A4,0xE1A3,0xC9C4,0xDA04,0xEF3D,0xFFDE,0xFFFF,0xFFFF,
  0xFFFF,0xFFFF,0xFFFF,0xFFFF,0xFFFF,0xFFFF,0xFFFF,0xFFFF,0xFFFF,0xFFFF,0xFFFF,0xFFFF,0xFFFF,0xFFFF,0xFFFF,0xFFFF,
  0xFFFF,0xFFFF,0xFFFF,0xFFFF,0xFFFF,0xFFFF,0xFFFF,0xFFFF,0xFFFF,0xFFFF,0xFFFF,0xFFFF,0xFFFF,0xFFFF,0xFFFE,0xEF5C,
  0xF2E8,0xC1C4,0xE1A2,0xE1C3,0xE1C3,0xD9C4,0xE1C3,0xD9C4,0xE1C3,0xD9C4,0xE1C3,0xD9C4,0xE1C3,0xD9C4,0xE1C3,0xD9C4,
  0xE1C3,0xD9C4,0xE1C3,0xD9C4,0xE9A3,0xD9A3,0xABCD,0xFF3B,0xFFFF,0xFFFF,0xFFFF,0xFFFF,0xFFFF,0xFFFF,0xFFFF,0xFFFF,
  0xFFFF,0xFFFF,0xFFFF,0xFFFF,0xFFFF,0xFFFF,0xFFFF,0xFFFF,0xFFFF,0xFFFF,0xFD32,0xBB2B,0xE182,0xD982,0xE1A3,0xD9C3,
  0xE1C3,0xD9C4,0xE1A3,0xD9C4,0xE1C3,0xD9C4,0xE1C3,0xD9C4,0xE1C3,0xD9C4,0xE1C3,0xD9C4,0xE1C3,0xD9C4,0xE1C3,0xD9C4,
  0xE1C3,0xD9C4,0xE1C3,0xD9C4,0xE1C3,0xD9C4,0xE1C3,0xD9C4,0xE1C3,0xD9C4,0xE1C3,0xD9C4,0xE1C3,0xD9C4,0xE1C3,0xD9C4,
  0xE1A3,0xE1C4,0xE1A3,0xD9C4,0xE1C3,0xD9C4,0xE1C3,0xD9C4,0xE1C3,0xD9C4,0xE1C3,0xD9C4,0xD9C3,0xD9E4,0xEEDA,0xFFDF,
  0xFFFF,0xFFFF,0xFFFF,0xFFFF,0xFF7C,0xB4F2,0xD982,0xE1C3,0xE1C3,0xD9C4,0xE1A3,0xE1C3,0xC9E4,0xE2E8,0xFFBD,0xF75C,
  0xE225,0xD1E4,0xE1C3,0xD9C3,0xE1C3,0xD9C4,0xE1A3,0xE1C3,0xB9E5,0xF40D,0xFDB4,0xA2A8,0xE1A3,0xE1C3,0xE1C3,0xD9C4,
  0xE1C3,0xD9C4,0xE1C3,0xD9C4,0xE1C3,0xD9C4,0xE1A3,0xE1C3,0xD1C4,0xDA46,0xFF7C,0xFFFF,0xFFFF,0xFFFF,0xFFFF,0xF77D,
  0xE245,0xC9E4,0xE1C3,0xD9C3,0xE1C3,0xD9C4,0xE1C3,0xD9C4,0xE1C3,0xD9C4,0xE1C3,0xD9C4,0xE1C3,0xD9C4,0xE1C3,0xD9C4,
  0xE1C3,0xD9C3,0xE1A3,0xD9C4,0xE1C3,0xD9C4,0xE1C3,0xD9C4,0xE1C3,0xD9C4,0xE1C3,0xD9C4,0xE1C3,0xD9C4,0xE1C3,0xD9C4,
  0xE1A3,0xD9A4,0xDBED,0xF4D1,0xF3ED,0xC288,0xE183,0xE1C4,0xE1C3,0xD9C4,0xE1C3,0xD9C4,0xE1C3,0xD9C4,0xE1C3,0xD9C4,
  0xE1C3,0xD9C4,0xE1C3,0xD9C4,0xE1C3,0xD9C4,0xE1C3,0xD9C4,0xE1A3,0xE1C4,0xD9E4,0xDA25,0xF73C,0xFFFF,0xFFFF,0xFFFF,
  0xFFFF,0xFFFF,0xFFFF,0xFFFF,0xFFFF,0xFFFF,0xFFFF,0xFFFF,0xFFFF,0xFFFF,0xFFFF,0xFFFF,0xFFFF,0xFFFF,0xFFFF,0xFFFF,
  0xFFFF,0xFFFF,0xFFFF,0xFFFF,0xFFFF,0xFFFF,0xFFFF,0xFFFF,0xFFFF,0xFFFF,0xFFFF,0xFFFF,0xFFFF,0xFFFF,0xFFFF,0xFFFF,
  0xFF3C,0xC4F3,0xD9E5,0xD983,0xD9A3,0xE1A3,0xD9C4,0xE1A3,0xD9C4,0xD9A3,0xD9C4,0xD9A3,0xD9C4,0xD9A3,0xD9C4,0xD9A3,
  0xD9C4,0xD9A3,0xD9C4,0xD9A3,0xD9C3,0xD962,0xBD54,0xFF9D,0xFFFF,0xFFFF,0xFFFF,0xFFFF,0xFFFF,0xFFFF,0xFFFF,0xFFFF,
  0xFFFF,0xFFFF,0xFFFF,0xFFFF,0xFFFF,0xFFFF,0xFFFF,0xFFFF,0xFFFF,0xFFFF,0xFFFF,0xFFBE,0xFDD5,0xCC0D,0xE225,0xD1A3,
  0xD983,0xE1A3,0xD9C4,0xE1A3,0xD9C4,0xD9A3,0xD9C4,0xD9A3,0xD9C4,0xD9A3,0xD9C4,0xD9A3,0xD9C4,0xD9A3,0xD9C4,0xD9A3,
  0xD9C4,0xD9A3,0xD9C4,0xD9A3,0xD9C4,0xD9A3,0xD9C4,0xD9A3,0xD9C4,0xD9A3,0xD9C4,0xD9A3,0xD9C4,0xD9A3,0xD9C4,0xD9A3,
  0xD983,0xD982,0xD9A4,0xE1A3,0xD9C4,0xE1A4,0xD9C4,0xD9A3,0xD9C4,0xD9A3,0xD9C3,0xE1A3,0xC1E5,0xF34A,0xFFFF,0xFFFF,
  0xFFFF,0xFFFF,0xF7FF,0xFFFF,0xFF3C,0xA3EE,0xD983,0xE1A3,0xD9C4,0xD9A3,0xD9A4,0xE1A3,0xB205,0xFC0D,0xFFFF,0xF75D,
  0xDA26,0xD1C4,0xD9C4,0xE1A3,0xD9C4,0xD9A3,0xD9A4,0xE1A3,0xB9E6,0xF38C,0xFFBD,0xBD13,0xD183,0xE1A3,0xD9C4,0xD9A3,
  0xD9C4,0xD9A3,0xD9C4,0xD9A3,0xD9C4,0xD9A3,0xD9C4,0xE1A3,0xC9E5,0xEAA8,0xF7DF,0xFFFF,0xFFFF,0xFFFF,0xFFFF,0xFFBF,
  0xE2E9,0xC9C4,0xD9C4,0xE1A3,0xD9C4,0xD9A3,0xD9C4,0xD9A3,0xD9C4,0xD9A3,0xD9C4,0xD9A3,0xD9C4,0xD9A3,0xD9C4,0xD9A3,
  0xD9C4,0xD9A3,0xD9C4,0xD9A3,0xD9C4,0xD9A3,0xD9C4,0xD9A3,0xD9C4,0xD9A3,0xD9C4,0xD9A3,0xD9C4,0xD9A3,0xD9C4,0xD9A3,
  0xD9C4,0xD9A3,0xD983,0xD962,0xD983,0xE183,0xD9C4,0xD9A3,0xD9C4,0xD9A3,0xD9C4,0xD9A3,0xD9C4,0xD9A3,0xD9C4,0xD9A3,
  0xD9C4,0xD9A3,0xD9C4,0xD9A3,0xD9C4,0xD9A3,0xD9C4,0xD9A3,0xD9C4,0xE1A3,0xC1E5,0xEAE8,0xFFDF,0xFFFF,0xFFFF,0xFFFF,
  0xFFFF,0xFFFF,0xFFFF,0xFFFF,0xFFFF,0xFFFF,0xFFFF,0xFFFF,0xFFFF,0xFFFF,0xFFFF,0xFFFF,0xFFFF,0xFFFF,0xFFFF,0xFFFF,
  0xFFFF,0xFFFF,0xFFFF,0xFFFF,0xFFFF,0xFFFF,0xFFFF,0xFFFF,0xFFFF,0xFFFF,0xFFFF,0xFFFF,0xFFFF,0xFFFF,0xFFFF,0xFFFF,
  0xFFFF,0xFFFF,0xFE99,0xCCF2,0xEA66,0xD1E4,0xD982,0xD9A3,0xE1C3,0xD9C4,0xE1A3,0xD9C4,0xE1C3,0xD9C4,0xE1C3,0xD9C4,
  0xE1C3,0xD9C4,0xE1A3,0xD9C3,0xC9A3,0xE2A7,0xF75C,0xFFFF,0xFFFF,0xFFFF,0xFFFF,0xFFFF,0xFFFF,0xFFFF,0xFFFF,0xFFFF,
  0xFFFF,0xFFFF,0xFFFF,0xFFFF,0xFFFF,0xFFFF,0xFFFF,0xFFFF,0xFFFF,0xFFFF,0xFFFF,0xFFFF,0xFFFF,0xFFFF,0xFEFA,0xDDB6,
  0xF34A,0xCA46,0xE182,0xD982,0xE1A2,0xD9C3,0xE1C3,0xD9C3,0xE1C3,0xD9C4,0xE1C3,0xD9C4,0xE1C3,0xD9C4,0xE1C3,0xD9C4,
  0xE1C3,0xD9C4,0xE1C3,0xD9C3,0xE1C3,0xD9C4,0xE1C3,0xD9C4,0xE1C3,0xD9C4,0xE1C3,0xD9C4,0xE1C3,0xD9C3,0xD1A3,0xE266,
  0xE512,0xFE36,0xFC0D,0xBA25,0xE1A3,0xE1C3,0xE1C3,0xD9C4,0xE1C3,0xD9C4,0xE9A2,0xE1C3,0xAA47,0xFD74,0xFFFF,0xFFFF,
  0xFFFF,0xFFFF,0xFFFF,0xFFFF,0xFDF5,0xA2A9,0xE1A2,0xE1C3,0xE1C3,0xD9C4,0xE9A3,0xE1C3,0xA246,0xFD73,0xFFFF,0xF77D,
  0xE225,0xD1E5,0xE1A3,0xE1C4,0xE1C3,0xD9C4,0xE1A3,0xE1C3,0xD1E3,0xE2A7,0xFF9D,0xFF9D,0xE287,0xC9E5,0xE1A3,0xE1C3,
  0xE1C3,0xD9C4,0xE1C3,0xD9C4,0xE1C3,0xD9C4,0xE1A3,0xE1C3,0xC1E4,0xF36A,0xFFFF,0xFFFF,0xFFFF,0xFFFF,0xFFFF,0xFFFF,
  0xF3AB,0xB9E5,0xE1A3,0xE1C3,0xE1C3,0xD9C4,0xE1C3,0xD9C4,0xE1C3,0xD9C4,0xE1C3,0xD9C4,0xE1C3,0xD9C4,0xE1C3,0xD9C4,
  0xE1C3,0xD9C4,0xE1C3,0xD9C4,0xE1C3,0xD9C4,0xE1C3,0xD9C4,0xE1C3,0xD9C4,0xE1C3,0xD9C4,0xE1C3,0xD9C4,0xE1C3,0xD9C4,
  0xE1C3,0xD9C4,0xE1C3,0xD9C4,0xE1C3,0xD9C4,0xE1C3,0xD9C4,0xE1C3,0xD9C4,0xE1C3,0xD9C4,0xE1C3,0xD9C4,0xE1C3,0xD9C4,
  0xE1C3,0xD9C4,0xE1C3,0xD9C4,0xE1C3,0xD9C4,0xE1C3,0xD9C4,0xE9A3,0xE1C3,0xB205,0xFCD1,0xFFFF,0xFFFF,0xFFFF,0xFFFF,
  0xFFFF,0xFFFF,0xFFFF,0xFFFF,0xFFFF,0xFFFF,0xFFFF,0xFFFF,0xFFFF,0xFFFF,0xFFFF,0xFFFF,0xFFFF,0xFFFF,0xFFFF,0xFFFF,
  0xFFFF,0xFFFF,0xFFFF,0xFFFF,0xFFFF,0xFFFF,0xFFFF,0xFFFF,0xFFFF,0xFFFF,0xFFFF,0xFFFF,0xFFFF,0xFFFF,0xFFFF,0xFFFF,
  0xFFFF,0xFFFF,0xFFFF,0xFFFF,0xFF7D,0xE679,0xF42E,0xD2E9,0xD9C4,0xD982,0xD983,0xD982,0xD9A3,0xE1A3,0xD9C3,0xD9A3,
  0xD9A4,0xD983,0xD1A3,0xD9A3,0xB42E,0xFE98,0xFFFF,0xFFFF,0xFFFF,0xFFFF,0xFFFF,0xFFFF,0xFFFF,0xFFFF,0xFFFF,0xFFFF,
  0xFFFF,0xFFFF,0xFFFF,0xFFFF,0xFFFF,0xFFFF,0xFFFF,0xFFFF,0xFFFF,0xFFFF,0xFFFF,0xFFFF,0xFFFF,0xFFFF,0xFFFF,0xFFFF,
  0xFFFF,0xF73C,0xFDB4,0xD44F,0xE2A8,0xD205,0xD9C4,0xD9A3,0xD983,0xD962,0xD9C4,0xE1A3,0xD9C4,0xD9A3,0xD9C4,0xD9A3,
  0xD9C4,0xE1A3,0xD9C4,0xD9A3,0xD9C4,0xD9A3,0xD9C4,0xD9A3,0xD9C4,0xD9A3,0xD9C4,0xD9A3,0xD983,0xD962,0xBC70,0xFEB9,
  0xF7FF,0xFFFF,0xFDD6,0xA268,0xE1A3,0xE1A3,0xD9C4,0xD9A3,0xD9C4,0xD9A3,0xE1A3,0xE162,0xA3EE,0xFF1A,0xF7FF,0xFFFF,
  0xFFFF,0xFFFF,0xFFFF,0xFFFF,0xFBED,0xB9C5,0xD9A4,0xE1A3,0xD9C4,0xD9A3,0xE1A3,0xE183,0x9B2B,0xFE98,0xFFFF,0xF79E,
  0xDA46,0xD1C4,0xD9C4,0xE1A3,0xD9C4,0xD9A3,0xD9C4,0xE1A3,0xD1E4,0xD9E4,0xDEDB,0xFFFE,0xFDB5,0xA288,0xD9A3,0xE1A3,
  0xD9C4,0xD9A3,0xD9C4,0xD9A3,0xD9C4,0xD9A3,0xD9A4,0xE1A3,0xB9E5,0xFBED,0xFFFF,0xFFFF,0xFFFF,0xFFFF,0xFFFF,0xFFFF,
  0xFC90,0xB1E5,0xD9A4,0xE1A3,0xD9C4,0xD9A3,0xD9C4,0xD9A3,0xD9C4,0xD9A3,0xD9C4,0xD9A3,0xD9C4,0xD9A3,0xD9C4,0xD9A3,
  0xD9C4,0xD9A3,0xD9C4,0xD9A3,0xD9C4,0xD9A3,0xD9C4,0xD9A3,0xD9C4,0xD9A3,0xD9A4,0xE1A4,0xD9C4,0xD9A3,0xD9C4,0xD9A3,
  0xD9C4,0xD9A3,0xD9C4,0xD9A3,0xD9C4,0xD9A3,0xD9C4,0xD9A3,0xD9C4,0xD9A3,0xD9C4,0xD9A3,0xD9C4,0xD9A3,0xD9C4,0xD9A3,
  0xD9C4,0xD9A3,0xD9C4,0xD9A3,0xD9C4,0xD9A3,0xD9C4,0xE1A4,0xE1A4,0xE183,0x9B4B,0xFEB8,0xF7FF,0xFFFF,0xFFFF,0xFFFF,
  0xFFFF,0xFFFF,0xFFFF,0xFFFF,0xFFFF,0xFFFF,0xFFFF,0xFFFF,0xFFFF,0xFFFF,0xFFFF,0xFFFF,0xFFFF,0xFFFF,0xFFFF,0xFFFF,
  0xFFFF,0xFFFF,0xFFFF,0xFFFF,0xFFFF,0xFFFF,0xFFFF,0xFFFF,0xFFFF,0xFFFF,0xFFFF,0xFFFF,0xFFFF,0xFFFF,0xFFFF,0xFFFF,
  0xFFFF,0xFFFF,0xFFFF,0xFFFF,0xFFFF,0xFFFF,0xFFFF,0xF7DF,0xFE77,0xD574,0xF3AB,0xD2E9,0xE205,0xD9E4,0xE1C2,0xD9C3,
  0xD9E5,0xE287,0xD44F,0xFDF6,0xFFFF,0xFFFF,0xFFFF,0xFFFF,0xFFFF,0xFFFF,0xFFFF,0xFFFF,0xFFFF,0xFFFF,0xFFFF,0xFFFF,
  0xFFFF,0xFFFF,0xFFFF,0xFFFF,0xFFFF,0xFFFF,0xFFFF,0xFFFF,0xFFFF,0xFFFF,0xFFFF,0xFFFF,0xFFFF,0xFFFF,0xFFFF,0xFFFF,
  0xFFFF,0xFFFF,0xFFFF,0xFFFF,0xFFBD,0xEF1B,0xF657,0xEE57,0xFD93,0xE4F1,0xE205,0xD1C4,0xE1C3,0xD9C4,0xE1C3,0xD9C4,
  0xE1C3,0xD9C3,0xE162,0xD983,0xE182,0xE1C3,0xE1C3,0xD9C4,0xE1C3,0xD9C4,0xD9C3,0xE245,0xCB6C,0xFD12,0xFFFF,0xFFFF,
  0xFFFF,0xF7FF,0xFDB4,0xA288,0xE1A2,0xE1C3,0xE1C3,0xD9C4,0xE1C3,0xD9C4,0xD9E3,0xD1E4,0xE679,0xFFFE,0xFFFF,0xFFFF,
  0xFFFF,0xFFFF,0xFFFF,0xF77D,0xE245,0xC9E4,0xE1C3,0xD9C3,0xE1C3,0xD9C4,0xE1A3,0xD983,0xAC2F,0xFF5C,0xFFFF,0xFFDF,
  0xE287,0xC9E5,0xE1A3,0xE1C3,0xE1C3,0xD9C4,0xE1C3,0xD9C4,0xE1C3,0xD1A3,0xCDD6,0xFFDE,0xFFBD,0xBD74,0xD963,0xE1C4,
  0xE1C3,0xD9C4,0xE1C3,0xD9C4,0xE1C3,0xD9C4,0xE1A3,0xE1C3,0xB9E5,0xFC6F,0xFFFF,0xFFFF,0xFFFF,0xFFFF,0xFFFF,0xFFFF,
  0xFD73,0xA267,0xE9A3,0xE1C3,0xE1C3,0xD9C4,0xE1C3,0xD9C4,0xE1C3,0xD9C4,0xE1C3,0xD9C4,0xE1C3,0xD9C4,0xE1C3,0xD9C4,
  0xE1C3,0xD9C4,0xE1C3,0xD9C4,0xE1C3,0xD9C4,0xE1C3,0xD9C4,0xE1A3,0xD9A3,0xD982,0xD9C3,0xE1C3,0xD9C4,0xE1C3,0xD9C4,
  0xE1C3,0xD9C4,0xE1C3,0xD9C4,0xE1C3,0xD9C4,0xE1C3,0xD9C4,0xE1C3,0xD9C4,0xE1C3,0xD9C4,0xE1C3,0xD9C4,0xE1C3,0xD9C4,
  0xE1C3,0xD9C4,0xE1C3,0xD9C4,0xE1C3,0xD9C4,0xE1C3,0xD9C4,0xE1C3,0xD9A3,0xD5D5,0xFFDD,0xFFFF,0xFFFF,0xFFFF,0xFFFF,
  0xFFFF,0xFFFF,0xFFFF,0xFFFF,0xFFFF,0xFFFF,0xFFFF,0xFFFF,0xFFFF,0xFFFF,0xFFFF,0xFFFF,0xFFFF,0xFFFF,0xFFFF,0xFFFF,
  0xFFFF,0xFFFF,0xFFFF,0xFFFF,0xFFFF,0xFFFF,0xFFFF,0xFFFF,0xFFFF,0xFFFF,0xFFFF,0xFFFF,0xFFFF,0xFFFF,0xFFFF,0xFFFF,
  0xFFFF,0xFFFF,0xFFFF,0xFFFF,0xFFFF,0xFFFF,0xFFFF,0xFFFF,0xFFFF,0xFFFF,0xFFFF,0xFFBF,0xFF3C,0xF6DA,0xF679,0xFE99,
  0xEF1C,0xFF7D,0xFFFF,0xFFFF,0xFFFF,0xFFFF,0xFFFF,0xFFFF,0xFFFF,0xFFFF,0xFFFF,0xFFFF,0xFFFF,0xFFFF,0xFFFF,0xFFFF,
  0xFFFF,0xFFFF,0xFFFF,0xFFFF,0xFFFF,0xFFFF,0xFFFF,0xFFFF,0xFFFF,0xFFFF,0xFFFF,0xFFFF,0xFFFF,0xFFFF,0xFFFF,0xFFFF,
  0xFFFF,0xFFFF,0xFFFF,0xFFFF,0xFFFF,0xFFFF,0xFFFF,0xFFFF,0xFFFF,0xFFBF,0xDA87,0xC9C4,0xD9C4,0xE1A3,0xD9C4,0xE1A3,
  0xC9C4,0xF2C8,0xE491,0xE470,0xF3AC,0xC1E4,0xD9A3,0xE1A3,0xE1A3,0xE183,0xB1C5,0xFBCD,0xFFFF,0xFFFF,0xFFFF,0xFFFF,
  0xF7FF,0xFFFF,0xFDD5,0xA267,0xE1A3,0xE1A3,0xD9C4,0xD9A3,0xD9A3,0xE1A3,0xB1E5,0xFBED,0xFFFF,0xFFFF,0xFFFF,0xFFFF,
  0xFFFF,0xFFFF,0xFFBE,0xE679,0xD1C4,0xD9C3,0xD9C4,0xE1A3,0xD9C4,0xE1A3,0xD9C4,0xD982,0xCDB6,0xFF9E,0xFFFF,0xFFDF,
  0xE2C9,0xC9C4,0xD9C4,0xE1A3,0xD9C4,0xD9A3,0xD9C4,0xD9A3,0xD9A4,0xD962,0xB4F2,0xFF7C,0xFFFF,0xFFBF,0xEB2A,0xC1C4,
  0xD9A4,0xE1A3,0xD9C4,0xD9A3,0xD9C4,0xD9A3,0xD9A3,0xE1A3,0xAA06,0xFCB0,0xFFFF,0xFFFF,0xFFFF,0xFFFF,0xF7FF,0xFFFF,
  0xFE58,0xA2C9,0xE1A3,0xE1A3,0xD9C4,0xD9A3,0xD9C4,0xD9A3,0xD9C4,0xD9A3,0xD9C4,0xD9A3,0xD9C4,0xD9A3,0xD9C4,0xD9A3,
  0xD9C4,0xD9A3,0xD9C4,0xD9A3,0xD9C4,0xD9A3,0xD9C4,0xE1A3,0xC1E5,0xF30A,0xF40D,0xCA87,0xD9A3,0xE1A3,0xD9C4,0xD9A3,
  0xD9C4,0xD9A3,0xD9C4,0xD9A3,0xD9C4,0xD9A3,0xD9C4,0xD9A3,0xD9C4,0xD9A3,0xD9C4,0xD9A3,0xD9C4,0xD9A3,0xD9C4,0xD9A3,
  0xD9C4,0xD9A3,0xD9C4,0xD9A3,0xD9C4,0xD9A3,0xD9A3,0xE1A3,0xC1C5,0xEB09,0xF7DF,0xFFFF,0xFFFF,0xFFFF,0xFFFF,0xFFFF,
  0xFFFF,0xFFFF,0xFFFF,0xFFFF,0xFFFF,0xFFFF,0xFFFF,0xFFFF,0xFFFF,0xFFFF,0xFFFF,0xFFFF,0xFFFF,0xFFFF,0xFFFF,0xFFFF,
  0xFFFF,0xFFFF,0xFFFF,0xFFFF,0xFFFF,0xFFFF,0xFFFF,0xFFFF,0xFFFF,0xFFFF,0xFFFF,0xFFFF,0xFFFF,0xFFFF,0xFFFF,0xFFFF,
  0xFFFF,0xFFFF,0xFFFF,0xFFFF,0xFFFF,0xFFFF,0xFFFF,0xFFFF,0xFFFF,0xFFFF,0xFFFF,0xFFFF,0xFFFF,0xFFFF,0xFFFF,0xFFFF,
  0xFFFF,0xFFFF,0xFFFF,0xFFFF,0xFFFF,0xFFFF,0xFFFF,0xFFFF,0xFFFF,0xFFFF,0xFFFF,0xFFFF,0xFFFF,0xFFFF,0xFFFF,0xFFFF,
  0xFFFF,0xFFFF,0xFFFF,0xFFFF,0xFFFF,0xFFFF,0xFFFF,0xFFFF,0xFFFF,0xFFFF,0xFFFF,0xFFFF,0xFFFF,0xFFFF,0xFFFF,0xFFFF,
  0xFFFF,0xFFFF,0xFFFF,0xFFFF,0xFFFF,0xFFFF,0xFFFF,0xFFFF,0xFFDE,0xEF5C,0xE225,0xD1E4,0xE1C3,0xD9C3,0xE1A3,0xE1C3,
  0xB205,0xFCD0,0xFFFF,0xFFFF,0xFFBD,0xC5B5,0xEA87,0xD246,0xE1E4,0xE245,0xBB8C,0xFE17,0xFFFF,0xFFFF,0xFFFF,0xFFFF,
  0xFFFF,0xFFFF,0xFDF5,0x9A88,0xE162,0xE1A3,0xE1C3,0xD9C4,0xE1A3,0xD983,0xB42F,0xFF1A,0xFFFF,0xFFFF,0xFFFF,0xFFFF,
  0xFFFF,0xFFFF,0xFFBD,0xD617,0xD982,0xD9C4,0xE1C3,0xD9C3,0xE1A3,0xE1C4,0xD1C4,0xDA46,0xF73C,0xFFFF,0xFFFF,0xFFFF,
  0xF329,0xC1E4,0xE1A3,0xE1C3,0xE1C3,0xD9C4,0xE1C3,0xD9C4,0xE1A3,0xD983,0xAC2E,0xFF5B,0xF7FF,0xF7FF,0xFE36,0xA309,
  0xE182,0xE1C3,0xE1C3,0xD9C4,0xE1C3,0xD9C4,0xE1A3,0xE1C3,0xB9E5,0xFC4E,0xFFFF,0xFFFF,0xFFFF,0xFFFF,0xFFFF,0xFFFF,
  0xFF1A,0xA3CE,0xE182,0xE1C3,0xE1C3,0xD9C4,0xE1C3,0xD9C4,0xE1C3,0xD9C4,0xE182,0xD9A3,0xE1C3,0xD9C4,0xE1C3,0xD9C4,
  0xE1C3,0xD9C4,0xE1C3,0xD9C4,0xE1A3,0xE1C4,0xE1A3,0xD9A3,0xC4F2,0xFF7C,0xFFFF,0xE71B,0xEAA6,0xC9C4,0xE1A3,0xE1C3,
  0xE1A3,0xD9C4,0xE1C3,0xD9C4,0xE1C3,0xD9C4,0xE1C3,0xD9C4,0xE1C3,0xD9C4,0xE1C3,0xD9C4,0xE1A2,0xD9A3,0xE1A3,0xD9A3,
  0xE1C3,0xD9C4,0xE1C3,0xD9C4,0xE1C3,0xD9C4,0xE9A3,0xD9A3,0xA2EA,0xFE57,0xFFFF,0xFFFF,0xFFFF,0xFFFF,0xFFFF,0xFFFF,
  0xFFFF,0xFFFF,0xFFFF,0xFFFF,0xFFFF,0xFFFF,0xFFFF,0xFFFF,0xFFFF,0xFFFF,0xFFFF,0xFFFF,0xFFFF,0xFFFF,0xFFFF,0xFFFF,
  0xFFFF,0xFFFF,0xFFFF,0xFFFF,0xFFFF,0xFFFF,0xFFFF,0xFFFF,0xFFFF,0xFFFF,0xFFFF,0xFFFF,0xFFFF,0xFFFF,0xFFFF,0xFFFF,
  0xFFFF,0xFFFF,0xFFFF,0xFFFF,0xFFFF,0xFFFF,0xFFFF,0xFFFF,0xFFFF,0xFFFF,0xFFFF,0xFFFF,0xFFFF,0xFFFF,0xFFFF,0xFFFF,
  0xFFFF,0xFFFF,0xFFFF,0xFFFF,0xFFFF,0xFFFF,0xFFFF,0xFFFF,0xFFFF,0xFFFF,0xFFFF,0xFFFF,0xFFFF,0xFFFF,0xFFFF,0xFFFF,
  0xFFFF,0xFFFF,0xFFFF,0xFFFF,0xFFFF,0xFFFF,0xFFFF,0xFFFF,0xFFFF,0xFFFF,0xFFFF,0xFFFF,0xFFFF,0xFFFF,0xFFFF,0xFFFF,
  0xFFFF,0xFFFF,0xFFFF,0xFFFF,0xFFFF,0xFFFF,0xFFFF,0xFFFF,0xFFFF,0xEEFB,0xD9E5,0xD9C4,0xD9C4,0xD9A3,0xD9A4,0xE1A3,
  0xAA06,0xFCB0,0xFFFF,0xFFFF,0xFFFF,0xFFFF,0xFFBF,0xF73D,0xF73C,0xFF5C,0xFFFF,0xFFFF,0xFFFF,0xFFFF,0xFFFF,0xFFFF,
  0xFFFF,0xFFFF,0xFFBE,0xDE58,0xE2E9,0xC9E4,0xD982,0xE182,0xB288,0xFC8F,0xF7DF,0xFFFF,0xFFFF,0xFFFF,0xFFFF,0xFFFF,
  0xFFFF,0xFFFF,0xFFBE,0xE679,0xD1A4,0xD9A4,0xD9C4,0xE1A3,0xE1A3,0xE1A3,0xB1E5,0xFC4E,0xF7FF,0xFFFF,0xFFFF,0xFFFF,
  0xF38B,0xC1E4,0xD9C3,0xE1A3,0xD9C4,0xD9A3,0xD9C4,0xD9A3,0xE1A3,0xE182,0xA3EE,0xFF3A,0xF7FF,0xF7FF,0xFFDF,0xD617,
  0xD1A4,0xD9A3,0xD9C4,0xE1A3,0xD9C4,0xD9A3,0xD9C4,0xE1A3,0xC9E4,0xE246,0xEF5D,0xFFDF,0xFFFF,0xFFFF,0xFFFF,0xFFFF,
  0xFF9D,0xBD13,0xD182,0xE1A3,0xD9C4,0xE1A3,0xD9C4,0xD9A3,0xD1C4,0xD9C4,0xEB4A,0xD266,0xD9A3,0xE1A3,0xD9C4,0xD9A3,
  0xD9C4,0xD9A3,0xD9C4,0xD9A3,0xE1C3,0xE182,0xB9C4,0xF34A,0xF7DF,0xFFFF,0xF7FF,0xFFFF,0xFED9,0xB40E,0xD983,0xD982,
  0xD9C4,0xD9A3,0xD9C4,0xD9A3,0xD9C4,0xD9A3,0xD9C4,0xD9A3,0xD9C4,0xD9A3,0xD9C4,0xD983,0xD267,0xE2A7,0xE2A8,0xDA46,
  0xD9A3,0xE1A3,0xD9C4,0xD9A3,0xE1A4,0xE1A3,0xC9A4,0xE205,0xDE9A,0xFFDE,0xFFFF,0xFFFF,0xFFFF,0xFFFF,0xFFFF,0xFFFF,
  0xFFFF,0xFFFF,0xFFFF,0xFFFF,0xFFFF,0xFFFF,0xFFFF,0xFFFF,0xFFFF,0xFFFF,0xFFFF,0xFFFF,0xFFFF,0xFFFF,0xFFFF,0xFFFF,
  0xFFFF,0xFFFF,0xFFFF,0xFFFF,0xFFFF,0xFFFF,0xFFFF,0xFFFF,0xFFFF,0xFFFF,0xFFFF,0xFFFF,0xFFFF,0xFFFF,0xFFFF,0xFFFF,
  0xFFFF,0xFFFF,0xFFFF,0xFFFF,0xFFFF,0xFFFF,0xFFFF,0xFFFF,0xFFFF,0xFFFF,0xFFFF,0xFFFF,0xFFFF,0xFFFF,0xFFFF,0xFFFF,
  0xFFFF,0xFFFF,0xFFFF,0xFFFF,0xFFFF,0xFFFF,0xFFFF,0xFFFF,0xFFFF,0xFFFF,0xFFFF,0xFFFF,0xFFFF,0xFFFF,0xFFFF,0xFFFF,
  0xFFFF,0xFFFF,0xFFFF,0xFFFF,0xFFFF,0xFFFF,0xFFFF,0xFFFF,0xFFFF,0xFFFF,0xFFFF,0xFFFF,0xFFFF,0xFFFF,0xFFFF,0xFFFF,
  0xFFFF,0xFFFF,0xFFFF,0xFFFF,0xFFFF,0xFFFF,0xFFFF,0xFFFF,0xFFDE,0xE6DA,0xD9C3,0xD9C4,0xE1C3,0xD9C4,0xE9A3,0xE1C3,
  0xB205,0xFCD1,0xFFFF,0xFFFF,0xFFFF,0xFFFF,0xFFFF,0xFFFF,0xFFFF,0xFFFF,0xFFFF,0xFFFF,0xFFFF,0xFFFF,0xFFFF,0xFFFF,
  0xFFFF,0xFFFF,0xFFFF,0xFFFF,0xFF9D,0xE6B9,0xE533,0xEDB5,0xEF5C,0xFFFF,0xFFFF,0xFFFF,0xFFFF,0xFFFF,0xFFFF,0xFFFF,
  0xFFFF,0xFFFF,0xFFFF,0xFFDF,0xF309,0xC1C4,0xE182,0xE1A3,0xE182,0xD982,0xBC6F,0xFF3B,0xFFFF,0xFFFF,0xFFFF,0xFFFF,
  0xFCD0,0xAA26,0xE1A2,0xE1C3,0xE1A3,0xD9C4,0xE1C3,0xD9C4,0xE9A3,0xD983,0xABEE,0xFF3B,0xFFFF,0xFFFF,0xFFFF,0xFFFF,
  0xFC4E,0xB206,0xE9A3,0xE1C3,0xE1C3,0xD9C4,0xE1C3,0xD9C4,0xE1A3,0xD983,0xC4F2,0xFF9D,0xFFFF,0xFFFF,0xFFFF,0xFFFF,
  0xFFDE,0xEF1C,0xE225,0xD1C4,0xE1C3,0xD9C3,0xE9A3,0xE1A3,0xAA46,0xFD32,0xFFFE,0xDEFA,0xE286,0xC9C3,0xE162,0xE182,
  0xE182,0xD983,0xE182,0xD982,0xD1C4,0xE287,0xD553,0xFF3B,0xFFFF,0xFFFF,0xFFFF,0xFFFF,0xFFFF,0xFFFF,0xFD52,0xBB4A,
  0xE182,0xE1A3,0xE1C3,0xD9C3,0xE1C3,0xD9C4,0xE1C3,0xD9C3,0xE1A2,0xD9A3,0xC9A3,0xF32A,0xF75C,0xFFBE,0xFFBD,0xEF3C,
  0xF3AB,0xBA05,0xE162,0xE1A2,0xE182,0xD9A3,0xB3AC,0xFE77,0xFFFF,0xFFFF,0xFFFF,0xFFFF,0xFFFF,0xFFFF,0xFFFF,0xFFFF,
  0xFFFF,0xFFFF,0xFFFF,0xFFFF,0xFFFF,0xFFFF,0xFFFF,0xFFFF,0xFFFF,0xFFFF,0xFFFF,0xFFFF,0xFFFF,0xFFFF,0xFFFF,0xFFFF,
  0xFFFF,0xFFFF,0xFFFF,0xFFFF,0xFFFF,0xFFFF,0xFFFF,0xFFFF,0xFFFF,0xFFFF,0xFFFF,0xFFFF,0xFFFF,0xFFFF,0xFFFF,0xFFFF,
  0xFFFF,0xFFFF,0xFFFF,0xFFFF,0xFFFF,0xFFFF,0xFFFF,0xFFFF,0xFFFF,0xFFFF,0xFFFF,0xFFFF,0xFFFF,0xFFFF,0xFFFF,0xFFFF,
  0xFFFF,0xFFFF,0xFFFF,0xFFFF,0xFFFF,0xFFFF,0xFFFF,0xFFFF,0xFFFF,0xFFFF,0xFFFF,0xFFFF,0xFFFF,0xFFFF,0xFFFF,0xFFFF,
  0xFFFF,0xFFFF,0xFFFF,0xFFFF,0xFFFF,0xFFFF,0xFFFF,0xFFFF,0xFFFF,0xFFFF,0xFFFF,0xFFFF,0xFFFF,0xFFFF,0xFFFF,0xFFFF,
  0xFFFF,0xFFFF,0xFFFF,0xFFFF,0xFFFF,0xFFFF,0xFFFF,0xFFFF,0xFFDF,0xF73C,0xDA46,0xC9A3,0xD9A3,0xE1A3,0xE1A4,0xE1A3,
  0xA206,0xFD12,0xFFFF,0xFFFF,0xFFFF,0xFFFF,0xFFFF,0xFFFF,0xFFFF,0xFFFF,0xFFFF,0xFFFF,0xFFFF,0xFFFF,0xFFFF,0xFFFF,
  0xFFFF,0xFFFF,0xFFFF,0xFFDF,0xFFFF,0xFFFF,0xFFFF,0xFFFF,0xFFFF,0xFFFF,0xFFFF,0xFFFF,0xFFFF,0xFFFF,0xFFFF,0xFFFF,
  0xFFFF,0xFFFF,0xFFFF,0xFFFF,0xFEB9,0xB40E,0xDA88,0xE2A8,0xCB8D,0xFD12,0xFFFF,0xFFFF,0xFFFF,0xFFFF,0xFFFF,0xFFFF,
  0xFF5C,0xBCD1,0xD983,0xD962,0xD9A3,0xE182,0xD9A3,0xE182,0xD9A3,0xD962,0xCDD6,0xFFBD,0xFFFF,0xFFFF,0xF7FF,0xFFFF,
  0xFF3C,0xB430,0xD963,0xE1A3,0xD9C4,0xD9A3,0xD9C4,0xE1A4,0xE1A4,0xE1A3,0x9ACA,0xFE37,0xFFFF,0xFFFF,0xFFFF,0xFFFF,
  0xFFFF,0xFFFF,0xFD32,0xB287,0xD962,0xE162,0xD984,0xE1A4,0xBD13,0xFF7D,0xF7FF,0xFFFF,0xFF3B,0xD595,0xE42E,0xDBCC,
  0xDBAD,0xEBEE,0xDCB1,0xF553,0xE6BA,0xFF7D,0xFFFF,0xFFFF,0xFFFF,0xFFFF,0xFFFF,0xFFFF,0xFFFF,0xFFFF,0xFFFF,0xFFBE,
  0xFD12,0xC2E9,0xD983,0xD962,0xD983,0xD962,0xD963,0xE162,0xCA06,0xEAC8,0xCD95,0xFF5C,0xF7FF,0xFFFF,0xFFFF,0xFFFF,
  0xFFDE,0xE699,0xE40E,0xDB6B,0xCC2E,0xFD94,0xF7DF,0xFFFF,0xFFFF,0xFFFF,0xFFFF,0xFFFF,0xFFFF,0xFFFF,0xFFFF,0xFFFF,
  0xFFFF,0xFFFF,0xFFFF,0xFFFF,0xFFFF,0xFFFF,0xFFFF,0xFFFF,0xFFFF,0xFFFF,0xFFFF,0xFFFF,0xFFFF,0xFFFF,0xFFFF,0xFFFF,
  0xFFFF,0xFFFF,0xFFFF,0xFFFF,0xFFFF,0xFFFF,0xFFFF,0xFFFF,0xFFFF,0xFFFF,0xFFFF,0xFFFF,0xFFFF,0xFFFF,0xFFFF,0xFFFF,
  0xFFFF,0xFFFF,0xFFFF,0xFFFF,0xFFFF,0xFFFF,0xFFFF,0xFFFF,0xFFFF,0xFFFF,0xFFFF,0xFFFF,0xFFFF,0xFFFF,0xFFFF,0xFFFF,
  0xFFFF,0xFFFF,0xFFFF,0xFFFF,0xFFFF,0xFFFF,0xFFFF,0xFFFF,0xFFFF,0xFFFF,0xFFFF,0xFFFF,0xFFFF,0xFFFF,0xFFFF,0xFFFF,
  0xFFFF,0xFFFF,0xFFFF,0xFFFF,0xFFFF,0xFFFF,0xFFFF,0xFFFF,0xFFFF,0xFFFF,0xFFFF,0xFFFF,0xFFFF,0xFFFF,0xFFFF,0xFFFF,
  0xFFFF,0xFFFF,0xFFFF,0xFFFF,0xFFFF,0xFFFF,0xFFFF,0xFFFF,0xFFFF,0xFFFF,0xFDF6,0xB38C,0xE1A3,0xE1E4,0xE1C4,0xD9C4,
  0xB44F,0xFF1B,0xFFFF,0xFFFF,0xFFFF,0xFFFF,0xFFFF,0xFFFF,0xFFFF,0xFFFF,0xFFFF,0xFFFF,0xFFFF,0xFFFF,0xFFFF,0xFFFF,
  0xFFFF,0xFFFF,0xFFFF,0xFFFF,0xFFFF,0xFFFF,0xFFFF,0xFFFF,0xFFFF,0xFFFF,0xFFFF,0xFFFF,0xFFFF,0xFFFF,0xFFFF,0xFFFF,
  0xFFFF,0xFFFF,0xFFFF,0xFFFF,0xFFFF,0xFFFF,0xFFBE,0xF7DE,0xFFFF,0xFFFF,0xFFFF,0xFFFF,0xFFFF,0xFFFF,0xFFFF,0xFFFF,
  0xFFFF,0xFFFF,0xFD73,0xC3ED,0xE309,0xDB2A,0xE329,0xDB2A,0xC36B,0xF532,0xFFFF,0xFFFF,0xFFFF,0xFFFF,0xFFFF,0xFFFF,
  0xFFFF,0xF79E,0xEAC7,0xC1E4,0xE1A3,0xE1C4,0xE1C3,0xD9C4,0xE1A3,0xE1C3,0xB9E4,0xFC2E,0xFFFF,0xFFFF,0xFFFF,0xFFFF,
  0xFFFF,0xFFFF,0xFFFE,0xE71B,0xF4F2,0xDCB1,0xE554,0xFE99,0xFFFF,0xFFFF,0xFFFF,0xFFFF,0xFFFF,0xFFFF,0xFFFF,0xFFFF,
  0xFFFF,0xFFFF,0xFFFF,0xFFFF,0xFFFF,0xFFFF,0xFFFF,0xFFFF,0xFFFF,0xFFFF,0xFFFF,0xFFFF,0xFFFF,0xFFFF,0xFFFF,0xFFFF,
  0xFFFF,0xF7BE,0xF5F5,0xD4F2,0xE48F,0xE490,0xE4B1,0xED74,0xEEDB,0xFFBE,0xFFFF,0xFFFF,0xFFFF,0xFFFF,0xFFFF,0xFFFF,
  0xFFFF,0xFFFF,0xFFFF,0xFFFF,0xFFFF,0xFFFF,0xFFFF,0xFFFF,0xFFFF,0xFFFF,0xFFFF,0xFFFF,0xFFFF,0xFFFF,0xFFFF,0xFFFF,
  0xFFFF,0xFFFF,0xFFFF,0xFFFF,0xFFFF,0xFFFF,0xFFFF,0xFFFF,0xFFFF,0xFFFF,0xFFFF,0xFFFF,0xFFFF,0xFFFF,0xFFFF,0xFFFF,
  0xFFFF,0xFFFF,0xFFFF,0xFFFF,0xFFFF,0xFFFF,0xFFFF,0xFFFF,0xFFFF,0xFFFF,0xFFFF,0xFFFF,0xFFFF,0xFFFF,0xFFFF,0xFFFF,
  0xFFFF,0xFFFF,0xFFFF,0xFFFF,0xFFFF,0xFFFF,0xFFFF,0xFFFF,0xFFFF,0xFFFF,0xFFFF,0xFFFF,0xFFFF,0xFFFF,0xFFFF,0xFFFF,
  0xFFFF,0xFFFF,0xFFFF,0xFFFF,0xFFFF,0xFFFF,0xFFFF,0xFFFF,0xFFFF,0xFFFF,0xFFFF,0xFFFF,0xFFFF,0xFFFF,0xFFFF,0xFFFF,
  0xFFFF,0xFFFF,0xFFFF,0xFFFF,0xFFFF,0xFFFF,0xFFFF,0xFFFF,0xFFFF,0xFFFF,0xFFFF,0xFFFF,0xFFFF,0xFFFF,0xFFFF,0xFFFF,
  0xFFFF,0xFFFF,0xFFFF,0xFFFF,0xFFFF,0xFFFF,0xFFFF,0xFFFF,0xFFFF,0xFFFF,0xFFFF,0xFFBF,0xF6DA,0xF6BA,0xF6FB,0xFEDA,
  0xF7BF,0xFFDF,0xFFFF,0xFFFF,0xFFFF,0xFFFF,0xFFFF,0xFFFF,0xFFFF,0xFFFF,0xFFFF,0xFFFF,0xFFFF,0xFFFF,0xFFFF,0xFFFF,
  0xFFFF,0xFFFF,0xFFFF,0xFFFF,0xFFFF,0xFFFF,0xFFFF,0xFFFF,0xFFFF,0xFFFF,0xFFFF,0xFFFF,0xFFFF,0xFFFF,0xFFFF,0xFFFF,
  0xFFFF,0xFFFF,0xFFFF,0xFFFF,0xFFFF,0xFFFF,0xFFFF,0xFFFF,0xFFFF,0xFFFF,0xFFFF,0xFFFF,0xFFFF,0xFFFF,0xFFFF,0xFFFF,
  0xFFFF,0xFFFF,0xFFFF,0xFFFF,0xFFFF,0xFFFF,0xFFFF,0xFFDF,0xFFFF,0xFFFF,0xFFFF,0xFFFF,0xFFFF,0xFFFF,0xFFFF,0xFFFF,
  0xF7FF,0xFFFF,0xFE79,0xAB4B,0xD983,0xE1A3,0xD9C4,0xD9A3,0xD9C4,0xE1A3,0xC1E5,0xEAE9,0xFFFF,0xFFFF,0xFFFF,0xFFFF,
  0xFFFF,0xFFFF,0xFFFF,0xFFFF,0xFFFF,0xFFFF,0xFFFF,0xFFFF,0xFFFF,0xFFFF,0xFFFF,0xFFFF,0xFFFF,0xFFDF,0xFFFF,0xFFFF,
  0xFFFF,0xFFFF,0xFFFF,0xFFFF,0xFFFF,0xFFFF,0xFFFF,0xFFFF,0xFFFF,0xFFFF,0xFFFF,0xFFFF,0xFFFF,0xFFFF,0xFFFF,0xFFDF,
  0xFFFF,0xFFFF,0xFFFF,0xFFFF,0xFFFF,0xFFFF,0xFFFF,0xFFFF,0xFFFF,0xFFFF,0xFFFF,0xFFFF,0xFFFF,0xFFFF,0xFFFF,0xFFFF,
  0xFFFF,0xFFFF,0xFFFF,0xFFFF,0xFFFF,0xFFFF,0xFFFF,0xFFFF,0xFFFF,0xFFFF,0xFFFF,0xFFFF,0xFFFF,0xFFFF,0xFFFF,0xFFFF,
  0xFFFF,0xFFFF,0xFFFF,0xFFFF,0xFFFF,0xFFFF,0xFFFF,0xFFFF,0xFFFF,0xFFFF,0xFFFF,0xFFFF,0xFFFF,0xFFFF,0xFFFF,0xFFFF,
  0xFFFF,0xFFFF,0xFFFF,0xFFFF,0xFFFF,0xFFFF,0xFFFF,0xFFFF,0xFFFF,0xFFFF,0xFFFF,0xFFFF,0xFFFF,0xFFFF,0xFFFF,0xFFFF,
  0xFFFF,0xFFFF,0xFFFF,0xFFFF,0xFFFF,0xFFFF,0xFFFF,0xFFFF,0xFFFF,0xFFFF,0xFFFF,0xFFFF,0xFFFF,0xFFFF,0xFFFF,0xFFFF,
  0xFFFF,0xFFFF,0xFFFF,0xFFFF,0xFFFF,0xFFFF,0xFFFF,0xFFFF,0xFFFF,0xFFFF,0xFFFF,0xFFFF,0xFFFF,0xFFFF,0xFFFF,0xFFFF,
  0xFFFF,0xFFFF,0xFFFF,0xFFFF,0xFFFF,0xFFFF,0xFFFF,0xFFFF,0xFFFF,0xFFFF,0xFFFF,0xFFFF,0xFFFF,0xFFFF,0xFFFF,0xFFFF,
  0xFFFF,0xFFFF,0xFFFF,0xFFFF,0xFFFF,0xFFFF,0xFFFF,0xFFFF,0xFFFF,0xFFFF,0xFFFF,0xFFFF,0xFFFF,0xFFFF,0xFFFF,0xFFFF,
  0xFFFF,0xFFFF,0xFFFF,0xFFFF,0xFFFF,0xFFFF,0xFFFF,0xFFFF,0xFFFF,0xFFFF,0xFFFF,0xFFFF,0xFFFF,0xFFFF,0xFFFF,0xFFFF,
  0xFFFF,0xFFFF,0xFFFF,0xFFFF,0xFFFF,0xFFFF,0xFFFF,0xFFFF,0xFFFF,0xFFFF,0xFFFF,0xFFFF,0xFFFF,0xFFFF,0xFFFF,0xFFFF,
  0xFFFF,0xFFFF,0xFFFF,0xFFFF,0xFFFF,0xFFFF,0xFFFF,0xFFFF,0xFFFF,0xFFFF,0xFFFF,0xFFFF,0xFFFF,0xFFFF,0xFFFF,0xFFFF,
  0xFFFF,0xFFFF,0xFFFF,0xFFFF,0xFFFF,0xFFFF,0xFFFF,0xFFFF,0xFFFF,0xFFFF,0xFFFF,0xFFFF,0xFFFF,0xFFFF,0xFFFF,0xFFFF,
  0xFFFF,0xFFFF,0xFFFE,0xE71B,0xE245,0xC9C4,0xE1A3,0xE1C3,0xE1A3,0xE1C3,0xC1E4,0xEB8B,0xFFFF,0xFFFF,0xFFFF,0xFFFF,
  0xFFFF,0xFFFF,0xFFFF,0xFFFF,0xFFFF,0xFFFF,0xFFFF,0xFFFF,0xFFFF,0xFFFF,0xFFFF,0xFFFF,0xFFFF,0xFFFF,0xFFFF,0xFFFF,
  0xFFFF,0xFFFF,0xFFFF,0xFFFF,0xFFFF,0xFFFF,0xFFFF,0xFFFF,0xFFFF,0xFFFF,0xFFFF,0xFFFF,0xFFFF,0xFFFF,0xFFFF,0xFFFF,
  0xFFFF,0xFFFF,0xFFFF,0xFFFF,0xFFFF,0xFFFF,0xFFFF,0xFFFF,0xFFFF,0xFFFF,0xFFFF,0xFFFF,0xFFFF,0xFFFF,0xFFFF,0xFFFF,
  0xFFFF,0xFFFF,0xFFFF,0xFFFF,0xFFFF,0xFFFF,0xFFFF,0xFFFF,0xFFFF,0xFFFF,0xFFFF,0xFFFF,0xFFFF,0xFFFF,0xFFFF,0xFFFF,
  0xFFFF,0xFFFF,0xFFFF,0xFFFF,0xFFFF,0xFFFF,0xFFFF,0xFFFF,0xFFFF,0xFFFF,0xFFFF,0xFFFF,0xFFFF,0xFFFF,0xFFFF,0xFFFF,
  0xFFFF,0xFFFF,0xFFFF,0xFFFF,0xFFFF,0xFFFF,0xFFFF,0xFFFF,0xFFFF,0xFFFF,0xFFFF,0xFFFF,0xFFFF,0xFFFF,0xFFFF,0xFFFF,
  0xFFFF,0xFFFF,0xFFFF,0xFFFF,0xFFFF,0xFFFF,0xFFFF,0xFFFF,0xFFFF,0xFFFF,0xFFFF,0xFFFF,0xFFFF,0xFFFF,0xFFFF,0xFFFF,
  0xFFFF,0xFFFF,0xFFFF,0xFFFF,0xFFFF,0xFFFF,0xFFFF,0xFFFF,0xFFFF,0xFFFF,0xFFFF,0xFFFF,0xFFFF,0xFFFF,0xFFFF,0xFFFF,
  0xFFFF,0xFFFF,0xFFFF,0xFFFF,0xFFFF,0xFFFF,0xFFFF,0xFFFF,0xFFFF,0xFFFF,0xFFFF,0xFFFF,0xFFFF,0xFFFF,0xFFFF,0xFFFF,
  0xFFFF,0xFFFF,0xFFFF,0xFFFF,0xFFFF,0xFFFF,0xFFFF,0xFFFF,0xFFFF,0xFFFF,0xFFFF,0xFFFF,0xFFFF,0xFFFF,0xFFFF,0xFFFF,
  0xFFFF,0xFFFF,0xFFFF,0xFFFF,0xFFFF,0xFFFF,0xFFFF,0xFFFF,0xFFFF,0xFFFF,0xFFFF,0xFFFF,0xFFFF,0xFFFF,0xFFFF,0xFFFF,
  0xFFFF,0xFFFF,0xFFFF,0xFFFF,0xFFFF,0xFFFF,0xFFFF,0xFFFF,0xFFFF,0xFFFF,0xFFFF,0xFFFF,0xFFFF,0xFFFF,0xFFFF,0xFFFF,
  0xFFFF,0xFFFF,0xFFFF,0xFFFF,0xFFFF,0xFFFF,0xFFFF,0xFFFF,0xFFFF,0xFFFF,0xFFFF,0xFFFF,0xFFFF,0xFFFF,0xFFFF,0xFFFF,
  0xFFFF,0xFFFF,0xFFFF,0xFFFF,0xFFFF,0xFFFF,0xFFFF,0xFFFF,0xFFFF,0xFFFF,0xFFFF,0xFFFF,0xFFFF,0xFFFF,0xFFFF,0xFFFF,
  0xFFFF,0xFFFF,0xF7FF,0xFFFF,0xFEB9,0xBC4F,0xD9C4,0xD963,0xE1A3,0xE1A2,0xA226,0xFD32,0xF7FF,0xFFFF,0xFFFF,0xFFFF,
  0xFFFF,0xFFFF,0xFFFF,0xFFFF,0xFFFF,0xFFFF,0xFFFF,0xFFFF,0xFFFF,0xFFFF,0xFFFF,0xFFFF,0xFFFF,0xFFFF,0xFFFF,0xFFFF,
  0xFFFF,0xFFFF,0xFFFF,0xFFFF,0xFFFF,0xFFFF,0xFFFF,0xFFFF,0xFFFF,0xFFFF,0xFFFF,0xFFFF,0xFFFF,0xFFFF,0xFFFF,0xFFFF,
  0xFFFF,0xFFFF,0xFFFF,0xFFFF,0xFFFF,0xFFFF,0xFFFF,0xFFFF,0xFFFF,0xFFFF,0xFFFF,0xFFFF,0xFFFF,0xFFFF,0xFFFF,0xFFFF,
  0xFFFF,0xFFFF,0xFFFF,0xFFFF,0xFFFF,0xFFFF,0xFFFF,0xFFFF,0xFFFF,0xFFFF,0xFFFF,0xFFFF,0xFFFF,0xFFFF,0xFFFF,0xFFFF,
  0xFFFF,0xFFFF,0xFFFF,0xFFFF,0xFFFF,0xFFFF,0xFFFF,0xFFFF,0xFFFF,0xFFFF,0xFFFF,0xFFFF,0xFFFF,0xFFFF,0xFFFF,0xFFFF,
  0xFFFF,0xFFFF,0xFFFF,0xFFFF,0xFFFF,0xFFFF,0xFFFF,0xFFFF,0xFFFF,0xFFFF,0xFFFF,0xFFFF,0xFFFF,0xFFFF,0xFFFF,0xFFFF,
  0xFFFF,0xFFFF,0xFFFF,0xFFFF,0xFFFF,0xFFFF,0xFFFF,0xFFFF,0xFFFF,0xFFFF,0xFFFF,0xFFFF,0xFFFF,0xFFFF,0xFFFF,0xFFFF,
  0xFFFF,0xFFFF,0xFFFF,0xFFFF,0xFFFF,0xFFFF,0xFFFF,0xFFFF,0xFFFF,0xFFFF,0xFFFF,0xFFFF,0xFFFF,0xFFFF,0xFFFF,0xFFFF,
  0xFFFF,0xFFFF,0xFFFF,0xFFFF,0xFFFF,0xFFFF,0xFFFF,0xFFFF,0xFFFF,0xFFFF,0xFFFF,0xFFFF,0xFFFF,0xFFFF,0xFFFF,0xFFFF,
  0xFFFF,0xFFFF,0xFFFF,0xFFFF,0xFFFF,0xFFFF,0xFFFF,0xFFFF,0xFFFF,0xFFFF,0xFFFF,0xFFFF,0xFFFF,0xFFFF,0xFFFF,0xFFFF,
  0xFFFF,0xFFFF,0xFFFF,0xFFFF,0xFFFF,0xFFFF,0xFFFF,0xFFFF,0xFFFF,0xFFFF,0xFFFF,0xFFFF,0xFFFF,0xFFFF,0xFFFF,0xFFFF,
  0xFFFF,0xFFFF,0xFFFF,0xFFFF,0xFFFF,0xFFFF,0xFFFF,0xFFFF,0xFFFF,0xFFFF,0xFFFF,0xFFFF,0xFFFF,0xFFFF,0xFFFF,0xFFFF,
  0xFFFF,0xFFFF,0xFFFF,0xFFFF,0xFFFF,0xFFFF,0xFFFF,0xFFFF,0xFFFF,0xFFFF,0xFFFF,0xFFFF,0xFFFF,0xFFFF,0xFFFF,0xFFFF,
  0xFFFF,0xFFFF,0xFFFF,0xFFFF,0xFFFF,0xFFFF,0xFFFF,0xFFFF,0xFFFF,0xFFFF,0xFFFF,0xFFFF,0xFFFF,0xFFFF,0xFFFF,0xFFFF,
  0xFFFF,0xFFFF,0xFFFF,0xFFFF,0xFFFF,0xFFFF,0xFE37,0xC470,0xE204,0xD9E4,0xC4F2,0xFF5C,0xFFFF,0xFFFF,0xFFFF,0xFFFF,
  0xFFFF,0xFFFF,0xFFFF,0xFFFF,0xFFFF,0xFFFF,0xFFFF,0xFFFF,0xFFFF,0xFFFF,0xFFFF,0xFFFF,0xFFFF,0xFFFF,0xFFFF,0xFFFF,
  0xFFFF,0xFFFF,0xFFFF,0xFFFF,0xFFFF,0xFFFF,0xFFFF,0xFFFF,0xFFFF,0xFFFF,0xFFFF,0xFFFF,0xFFFF,0xFFFF,0xFFFF,0xFFFF,
  0xFFFF,0xFFFF,0xFFFF,0xFFFF,0xFFFF,0xFFFF,0xFFFF,0xFFFF,0xFFFF,0xFFFF,0xFFFF,0xFFFF,0xFFFF,0xFFFF,0xFFFF,0xFFFF,
  0xFFFF,0xFFFF,0xFFFF,0xFFFF,0xFFFF,0xFFFF,0xFFFF,0xFFFF,0xFFFF,0xFFFF,0xFFFF,0xFFFF,0xFFFF,0xFFFF,0xFFFF,0xFFFF,
  0xFFFF,0xFFFF,0xFFFF,0xFFFF,0xFFFF,0xFFFF,0xFFFF,0xFFFF,0xFFFF,0xFFFF,0xFFFF,0xFFFF,0xFFFF,0xFFFF,0xFFFF,0xFFFF,
  0xFFFF,0xFFFF,0xFFFF,0xFFFF,0xFFFF,0xFFFF,0xFFFF,0xFFFF,0xFFFF,0xFFFF,0xFFFF,0xFFFF,0xFFFF,0xFFFF,0xFFFF,0xFFFF,
  0xFFFF,0xFFFF,0xFFFF,0xFFFF,0xFFFF,0xFFFF,0xFFFF,0xFFFF,0xFFFF,0xFFFF,0xFFFF,0xFFFF,0xFFFF,0xFFFF,0xFFFF,0xFFFF,
  0xFFFF,0xFFFF,0xFFFF,0xFFFF,0xFFFF,0xFFFF,0xFFFF,0xFFFF,0xFFFF,0xFFFF,0xFFFF,0xFFFF,0xFFFF,0xFFFF,0xFFFF,0xFFFF,
  0xFFFF,0xFFFF,0xFFFF,0xFFFF,0xFFFF,0xFFFF,0xFFFF,0xFFFF,0xFFFF,0xFFFF,0xFFFF,0xFFFF,0xFFFF,0xFFFF,0xFFFF,0xFFFF,
  0xFFFF,0xFFFF,0xFFFF,0xFFFF,0xFFFF,0xFFFF,0xFFFF,0xFFFF,0xFFFF,0xFFFF,0xFFFF,0xFFFF,0xFFFF,0xFFFF,0xFFFF,0xFFFF,
  0xFFFF,0xFFFF,0xFFFF,0xFFFF,0xFFFF,0xFFFF,0xFFFF,0xFFFF,0xFFFF,0xFFFF,0xFFFF,0xFFFF,0xFFFF,0xFFFF,0xFFFF,0xFFFF,
  0xFFFF,0xFFFF,0xFFFF,0xFFFF,0xFFFF,0xFFFF,0xFFFF,0xFFFF,0xFFFF,0xFFFF,0xFFFF,0xFFFF,0xFFFF,0xFFFF,0xFFFF,0xFFFF,
  0xFFFF,0xFFFF,0xFFFF,0xFFFF,0xFFFF,0xFFFF,0xFFFF,0xFFFF,0xFFFF,0xFFFF,0xFFFF,0xFFFF,0xFFFF,0xFFFF,0xFFFF,0xFFFF,
  0xFFFF,0xFFFF,0xFFFF,0xFFFF,0xFFFF,0xFFFF,0xFFFF,0xFFFF,0xFFFF,0xFFFF,0xFFFF,0xFFFF,0xFFFF,0xFFFF,0xFFFF,0xFFFF,
  0xFFFF,0xFFFF,0xFFFF,0xFFFF,0xFFFF,0xFFFF,0xFFFF,0xFFFF,0xF73C,0xF6DB,0xFFFF,0xFFFF,0xFFFF,0xFFFF,0xFFFF,0xFFFF,
  0xFFFF,0xFFFF,0xFFFF,0xFFFF,0xFFFF,0xFFFF,0xFFFF,0xFFFF,0xFFFF,0xFFFF,0xFFFF,0xFFFF,0xFFFF,0xFFFF,0xFFFF,0xFFFF,
  0xFFFF,0xFFFF,0xFFFF,0xFFFF,0xFFFF,0xFFFF,0xFFFF,0xFFFF,0xFFFF,0xFFFF,0xFFFF,0xFFFF,0xFFFF,0xFFFF,0xFFFF,0xFFFF,
  0xFFFF,0xFFFF,0xFFFF,0xFFFF,0xFFFF,0xFFFF,0xFFFF,0xFFFF,0xFFFF,0xFFFF,0xFFFF,0xFFFF,0xFFFF,0xFFFF,0xFFFF,0xFFFF,
  0xFFFF,0xFFFF,0xFFFF,0xFFFF,0xFFFF,0xFFFF,0xFFFF,0xFFFF,0xFFFF,0xFFFF,0xFFFF,0xFFFF,0xFFFF,0xFFFF,0xFFFF,0xFFFF,
  0xFFFF,0xFFFF,0xFFFF,0xFFFF,0xFFFF,0xFFFF,0xFFFF,0xFFFF,0xFFFF,0xFFFF,0xFFFF,0xFFFF,0xFFFF,0xFFFF,0xFFFF,0xFFFF,
  0xFFFF,0xFFFF,0xFFFF,0xFFFF,0xFFFF,0xFFFF,0xFFFF,0xFFFF,0xFFFF,0xFFFF,0xFFFF,0xFFFF,0xFFFF,0xFFFF,0xFFFF,0xFFFF,
  0xFFFF,0xFFFF,0xFFFF,0xFFFF,0xFFFF,0xFFFF,0xFFFF,0xFFFF,0xFFFF,0xFFFF,0xFFFF,0xFFFF,0xFFFF,0xFFFF,0xFFFF,0xFFFF,
  0xFFFF,0xFFFF,0xFFFF,0xFFFF,0xFFFF,0xFFFF,0xFFFF,0xFFFF,0xFFFF,0xFFFF,0xFFFF,0xFFFF,0xFFFF,0xFFFF,0xFFFF,0xFFFF,
  0xFFFF,0xFFFF,0xFFFF,0xFFFF,0xFFFF,0xFFFF,0xFFFF,0xFFFF,0xFFFF,0xFFFF,0xFFFF,0xFFFF,0xFFFF,0xFFFF,0xFFFF,0xFFFF,
  0xFFFF,0xFFFF,0xFFFF,0xFFFF,0xFFFF,0xFFFF,0xFFFF,0xFFFF,0xFFFF,0xFFFF,0xFFFF,0xFFFF,0xFFFF,0xFFFF,0xFFFF,0xFFFF,
  0xFFFF,0xFFFF,0xFFFF,0xFFFF,0xFFFF,0xFFFF,0xFFFF,0xFFFF,0xFFFF,0xFFFF,0xFFFF,0xFFFF,0xFFFF,0xFFFF,0xFFFF,0xFFFF,
  0xFFFF,0xFFFF,0xFFFF,0xFFFF,0xFFFF,0xFFFF,0xFFFF,0xFFFF,0xFFFF,0xFFFF,0xFFFF,0xFFFF,0xFFFF,0xFFFF,0xFFFF,0xFFFF,
  0xFFFF,0xFFFF,0xFFFF,0xFFFF,0xFFFF,0xFFFF,0xFFFF,0xFFFF,0xFFFF,0xFFFF,0xFFFF,0xFFFF,0xFFFF,0xFFFF,0xFFFF,0xFFFF,
  0xFFFF,0xFFFF,0xFFFF,0xFFFF,0xFFFF,0xFFFF,0xFFFF,0xFFFF,0xFFFF,0xFFFF,0xFFFF,0xFFFF,0xFFFF,0xFFFF,0xFFFF,0xFFFF,
  0xFFFF,0xFFFF,0xFFFF,0xFFFF,0xFFFF,0xFFFF,0xFFFF,0xFFFF,0xFFFF,0xFFFF,0xFFFF,0xFFFF,0xFFFF,0xFFFF,0xFFFF,0xFFFF,
  0xFFFF,0xFFFF,0xFFFF,0xFFFF,0xFFFF,0xFFFF,0xFFFF,0xFFFF,0xFFFF,0xFFFF,0xFFFF,0xFFFF,0xFFFF,0xFFFF,0xFFFF,0xFFFF,
  0xFFFF,0xFFFF,0xFFFF,0xFFFF,0xFFFF,0xFFFF,0xFFFF,0xFFFF,0xFFFF,0xFFFF,0xFFFF,0xFFFF,0xFFFF,0xFFFF,0xFFFF,0xFFFF,
  0xFFFF,0xFFFF,0xFFFF,0xFFFF,0xFFFF,0xFFFF,0xFFFF,0xFFFF,0xFFFF,0xFFFF,0xFFFF,0xFFFF,0xFFFF,0xFFFF,0xFFFF,0xFFFF,
  0xFFFF,0xFFFF,0xFFFF,0xFFFF,0xFFFF,0xFFFF,0xFFFF,0xFFFF,0xFFFF,0xFFFF,0xFFFF,0xFFFF,0xFFFF,0xFFFF,0xFFFF,0xFFFF,
  0xFFFF,0xFFFF,0xFFFF,0xFFFF,0xFFFF,0xFFFF,0xFFFF,0xFFFF,0xFFFF,0xFFFF,0xFFFF,0xFFFF,0xFFFF,0xFFFF,0xFFFF,0xFFFF,
  0xFFFF,0xFFFF,0xFFFF,0xFFFF,0xFFFF,0xFFFF,0xFFFF,0xFFFF,0xFFFF,0xFFFF,0xFFFF,0xFFFF,0xFFFF,0xFFFF,0xFFFF,0xFFFF,
  0xFFFF,0xFFFF,0xFFFF,0xFFFF,0xFFFF,0xFFFF,0xFFFF,0xFFFF,0xFFFF,0xFFFF,0xFFFF,0xFFFF,0xFFFF,0xFFFF,0xFFFF,0xFFFF,
  0xFFFF,0xFFFF,0xFFFF,0xFFFF,0xFFFF,0xFFFF,0xFFFF,0xFFFF,0xFFFF,0xFFFF,0xFFFF,0xFFFF,0xFFFF,0xFFFF,0xFFFF,0xFFFF,
  0xFFFF,0xFFFF,0xFFFF,0xFFFF,0xFFFF,0xFFFF,0xFFFF,0xFFFF,0xFFFF,0xFFFF,0xFFFF,0xFFFF,0xFFFF,0xFFFF,0xFFFF,0xFFFF,
  0xFFFF,0xFFFF,0xFFFF,0xFFFF,0xFFFF,0xFFFF,0xFFFF,0xFFFF,0xFFFF,0xFFFF,0xFFFF,0xFFFF,0xFFFF,0xFFFF,0xFFFF,0xFFFF,
  0xFFFF,0xFFFF,0xFFFF,0xFFFF,0xFFFF,0xFFFF,0xFFFF,0xFFFF,0xFFFF,0xFFFF,0xFFFF,0xFFFF,0xFFFF,0xFFFF,0xFFFF,0xFFFF,
  0xFFFF,0xFFFF,0xFFFF,0xFFFF,0xFFFF,0xFFFF,0xFFFF,0xFFFF,0xFFFF,0xFFFF,0xFFFF,0xFFFF,0xFFFF,0xFFFF,0xFFFF,0xFFFF,
  0xFFFF,0xFFFF,0xFFFF,0xFFFF,0xFFFF,0xFFFF,0xFFFF,0xFFFF,0xFFFF,0xFFFF,0xFFFF,0xFFFF,0xFFFF,0xFFFF,0xFFFF,0xFFFF,
  0xFFFF,0xFFFF,0xFFFF,0xFFFF,0xFFFF,0xFFFF,0xFFFF,0xFFFF,0xFFFF,0xFFFF,0xFFFF,0xFFFF,0xFFFF,0xFFFF,0xFFFF,0xFFFF,
  0xFFFF,0xFFFF,0xFFFF,0xFFFF,0xFFFF,0xFFFF,0xFFFF,0xFFFF,0xFFFF,0xFFFF,0xFFFF,0xFFFF,0xFFFF,0xFFFF,0xFFFF,0xFFFF,
  0xFFFF,0xFFFF,0xFFFF,0xFFFF,0xFFFF,0xFFFF,0xFFFF,0xFFFF,0xFFFF,0xFFFF,0xFFFF,0xFFFF,0xFFFF,0xFFFF,0xFFFF,0xFFFF,
  0xFFFF,0xFFFF,0xFFFF,0xFFFF,0xFFFF,0xFFFF,0xFFFF,0xFFFF,0xFFFF,0xFFFF,0xFFFF,0xFFFF,0xFFFF,0xFFFF,0xFFFF,0xFFFF,
  0xFFFF,0xFFFF,0xFFFF,0xFFFF,0xFFFF,0xFFFF,0xFFFF,0xFFFF,0xFFFF,0xFFFF,0xFFFF,0xFFFF,0xFFFF,0xFFFF,0xFFFF,0xFFFF,
  0xFFFF,0xFFFF,0xFFFF,0xFFFF,0xFFFF,0xFFFF,0xFFFF,0xFFFF,0xFFFF,0xFFFF,0xFFFF,0xFFFF,0xFFFF,0xFFFF,0xFFFF,0xFFFF,
  0xFFFF,0xFFFF,0xFFFF,0xFFFF,0xFFFF,0xFFFF,0xFFFF,0xFFFF,0xFFFF,0xFFFF,0xFFFF,0xFFFF,0xFFFF,0xFFFF,0xFFFF,0xFFFF,
  0xFFFF,0xFFFF,0xFFFF,0xFFFF,0xFFFF,0xFFFF,0xFFFF,0xFFFF,0xFFFF,0xFFFF,0xFFFF,0xFFFF,0xFFFF,0xFFFF,0xFFFF,0xFFFF,
  0xFFFF,0xFFFF,0xFFFF,0xFFFF,0xFFFF,0xFFFF,0xFFFF,0xFFFF,0xFFFF,0xFFFF,0xFFFF,0xFFFF,0xFFFF,0xFFFF,0xFFFF,0xFFFF,
  0xFFFF,0xFFFF,0xFFFF,0xFFFF,0xFFFF,0xFFFF,0xFFFF,0xFFFF,0xFFFF,0xFFFF,0xFFFF,0xFFFF,0xFFFF,0xFFFF,0xFFFF,0xFFFF,
  0xFFFF,0xFFFF,0xFFFF,0xFFFF,0xFFFF,0xFFFF,0xFFFF,0xFFFF,0xFFFF,0xFFFF,0xFFFF,0xFFFF,0xFFFF,0xFFFF,0xFFFF,0xFFFF,
  0xFFFF,0xFFFF,0xFFFF,0xFFFF,0xFFFF,0xFFFF,0xFFFF,0xFFFF,0xFFFF,0xFFFF,0xFFFF,0xFFFF,0xFFFF,0xFFFF,0xFFFF,0xFFFF,
  0xFFFF,0xFFFF,0xFFFF,0xFFFF,0xFFFF,0xFFFF,0xFFFF,0xFFFF,0xFFFF,0xFFFF,0xFFFF,0xFFFF,0xFFFF,0xFFFF,0xFFFF,0xFFFF,
  0xFFFF,0xFFFF,0xFFFF,0xFFFF,0xFFFF,0xFFFF,0xFFFF,0xFFFF,0xFFFF,0xFFFF,0xFFFF,0xFFFF,0xFFFF,0xFFFF,0xFFFF,0xFFFF,
  0xFFFF,0xFFFF,0xFFFF,0xFFFF,0xFFFF,0xFFFF,0xFFFF,0xFFFF,0xFFFF,0xFFFF,0xFFFF,0xFFFF,0xFFFF,0xFFFF,0xFFFF,0xFFFF,
  0xFFFF,0xFFFF,0xFFFF,0xFFFF,0xFFFF,0xFFFF,0xFFFF,0xFFFF,0xFFFF,0xFFFF,0xFFFF,0xFFFF,0xFFFF,0xFFFF,0xFFFF,0xFFFF,
  0xFFFF,0xFFFF,0xFFFF,0xFFFF,0xFFFF,0xFFFF,0xFFFF,0xFFFF,0xFFFF,0xFFFF,0xFFFF,0xFFFF,0xFFFF,0xFFFF,0xFFFF,0xFFFF,
  0xFFFF,0xFFFF,0xFFFF,0xFFFF,0xFFFF,0xFFFF,0xFFFF,0xFFFF,0xFFFF,0xFFFF,0xFFFF,0xFFFF,0xFFFF,0xFFFF,0xFFFF,0xFFFF,
  0xFFFF,0xFFFF,0xFFFF,0xFFFF,0xFFFF,0xFFFF,0xFFFF,0xFFFF,0xFFFF,0xFFFF,0xFFFF,0xFFFF,0xFFFF,0xFFFF,0xFFFF,0xFFFF,
  0xFFFF,0xFFFF,0xFFFF,0xFFFF,0xFFFF,0xFFFF,0xFFFF,0xFFFF,0xFFFF,0xFFFF,0xFFFF,0xFFFF,0xFFFF,0xFFFF,0xFFFF,0xFFFF,
  0xFFFF,0xFFFF,0xFFFF,0xFFFF,0xFFFF,0xFFFF,0xFFFF,0xFFFF,0xFFFF,0xFFFF,0xFFFF,0xFFFF,0xFFFF,0xFFFF,0xFFFF,0xFFFF,
  0xFFFF,0xFFFF,0xFFFF,0xFFFF,0xFFFF,0xFFFF,0xFFFF,0xFFFF,0xFFFF,0xFFFF,0xFFFF,0xFFFF,0xFFFF,0xFFFF,0xFFFF,0xFFFF,
  0xFFFF,0xFFFF,0xFFFF,0xFFFF,0xFFFF,0xFFFF,0xFFFF,0xFFFF,0xFFFF,0xFFFF,0xFFFF,0xFFFF,0xFFFF,0xFFFF,0xFFFF,0xFFFF,
  0xFFFF,0xFFFF,0xFFFF,0xFFFF,0xFFFF,0xFFFF,0xFFFF,0xFFFF,0xFFFF,0xFFFF,0xFFFF,0xFFFF,0xFFFF,0xFFFF,0xFFFF,0xFFFF,
  0xFFFF,0xFFFF,0xFFFF,0xFFFF,0xFFFF,0xFFFF,0xFFFF,0xFFFF,0xFFFF,0xFFFF,0xFFFF,0xFFFF,0xFFFF,0xFFFF,0xFFFF,0xFFFF,
  0xFFFF,0xFFFF,0xFFFF,0xFFFF,0xFFFF,0xFFFF,0xFFFF,0xFFFF,0xFFFF,0xFFFF,0xFFFF,0xFFFF,0xFFFF,0xFFFF,0xFFFF,0xFFFF,
  0xFFFF,0xFFFF,0xFFFF,0xFFFF,0xFFFF,0xFFFF,0xFFFF,0xFFFF,0xFFFF,0xFFFF,0xFFFF,0xFFFF,0xFFFF,0xFFFF,0xFFFF,0xFFFF,
  0xFFFF,0xFFFF,0xFFFF,0xFFFF,0xFFFF,0xFFFF,0xFFFF,0xFFFF,0xFFFF,0xFFFF,0xFFFF,0xFFFF,0xFFFF,0xFFFF,0xFFFF,0xFFFF,
  0xFFFF,0xFFFF,0xFFFF,0xFFFF,0xFFFF,0xFFFF,0xFFFF,0xFFFF,0xFFFF,0xFFFF,0xFFFF,0xFFFF,0xFFFF,0xFFFF,0xFFFF,0xFFFF,
  0xFFFF,0xFFFF,0xFFFF,0xFFFF,0xFFFF,0xFFFF,0xFFFF,0xFFFF,0xFFFF,0xFFFF,0xFFFF,0xFFFF,0xFFFF,0xFFFF,0xFFFF,0xFFFF,
  0xFFFF,0xFFFF,0xFFFF,0xFFFF,0xFFFF,0xFFFF,0xFFFF,0xFFFF,0xFFFF,0xFFFF,0xFFFF,0xFFFF,0xFFFF,0xFFFF,0xFFFF,0xFFFF,
  0xFFFF,0xFFFF,0xFFFF,0xFFFF,0xFFFF,0xFFFF,0xFFFF,0xFFFF,0xFFFF,0xFFFF,0xFFFF,0xFFFF,0xFFFF,0xFFFF,0xFFFF,0xFFFF,
  0xFFFF,0xFFFF,0xFFFF,0xFFFF,0xFFFF,0xFFFF,0xFFFF,0xFFFF,0xFFFF,0xFFFF,0xFFFF,0xFFFF,0xFFFF,0xFFFF,0xFFFF,0xFFFF,
  0xFFFF,0xFFFF,0xFFFF,0xFFFF,0xFFFF,0xFFFF,0xFFFF,0xFFFF,0xFFFF,0xFFFF,0xFFFF,0xFFFF,0xFFFF,0xFFFF,0xFFFF,0xFFFF,
  0xFFFF,0xFFFF,0xFFFF,0xFFFF,0xFFFF,0xFFFF,0xFFFF,0xFFFF,0xFFFF,0xFFFF,0xFFFF,0xFFFF,0xFFFF,0xFFFF,0xFFFF,0xFFFF,
  0xFFFF,0xFFFF,0xFFFF,0xFFFF,0xFFFF,0xFFFF,0xFFFF,0xFFFF,0xFFFF,0xFFFF,0xFFFF,0xFFFF,0xFFFF,0xFFFF,0xFFFF,0xFFFF,
  0xFFFF,0xFFFF,0xFFFF,0xFFFF,0xFFFF,0xFFFF,0xFFFF,0xFFFF,0xFFFF,0xFFFF,0xFFFF,0xFFFF,0xFFFF,0xFFFF,0xFFFF,0xFFFF,
  0xFFFF,0xFFFF,0xFFFF,0xFFFF,0xFFFF,0xFFFF,0xFFFF,0xFFFF,0xFFFF,0xFFFF,0xFFFF,0xFFFF,0xFFFF,0xFFFF,0xFFFF,0xFFFF,
  0xFFFF,0xFFFF,0xFFFF,0xFFFF,0xFFFF,0xFFFF,0xFFFF,0xFFFF,0xFFFF,0xFFFF,0xFFFF,0xFFFF,0xFFFF,0xFFFF,0xFFFF,0xFFFF,
  0xFFFF,0xFFFF,0xFFFF,0xFFFF,0xFFFF,0xFFFF,0xFFFF,0xFFFF,0xFFFF,0xFFFF,0xFFFF,0xFFFF,0xFFFF,0xFFFF,0xFFFF,0xFFFF,
  0xFFFF,0xFFFF,0xFFFF,0xFFFF,0xFFFF,0xFFFF,0xFFFF,0xFFFF,0xFFFF,0xFFFF,0xFFFF,0xFFFF,0xFFFF,0xFFFF,0xFFFF,0xFFFF,
  0xFFFF,0xFFFF,0xFFFF,0xFFFF,0xFFFF,0xFFFF,0xFFFF,0xFFFF,0xFFFF,0xFFFF,0xFFFF,0xFFFF,0xFFFF,0xFFFF,0xFFFF,0xFFFF,
  0xFFFF,0xFFFF,0xFFFF,0xFFFF,0xFFFF,0xFFFF,0xFFFF,0xFFFF,0xFFFF,0xFFFF,0xFFFF,0xFFFF,0xFFFF,0xFFFF,0xFFFF,0xFFFF,
  0xFFFF,0xFFFF,0xFFFF,0xFFFF,0xFFFF,0xFFFF,0xFFFF,0xFFFF,0xFFFF,0xFFFF,0xFFFF,0xFFFF,0xFFFF,0xFFFF,0xFFFF,0xFFFF,
  0xFFFF,0xFFFF,0xFFFF,0xFFFF,0xFFFF,0xFFFF,0xFFFF,0xFFFF,0xFFFF,0xFFFF,0xFFFF,0xFFFF,0xFFFF,0xFFFF,0xFFFF,0xFFFF,
  0xFFFF,0xFFFF,0xFFFF,0xFFFF,0xFFFF,0xFFFF,0xFFFF,0xFFFF,0xFFFF,0xFFFF,0xFFFF,0xFFFF,0xFFFF,0xFFFF,0xFFFF,0xFFFF,
  0xFFFF,0xFFFF,0xFFFF,0xFFFF,0xFFFF,0xFFFF,0xFFFF,0xFFFF,0xFFFF,0xFFFF,0xFFFF,0xFFFF,0xFFFF,0xFFFF,0xFFFF,0xFFFF,
  0xFFFF,0xFFFF,0xFFFF,0xFFFF,0xFFFF,0xFFFF,0xFFFF,0xFFFF,0xFFFF,0xFFFF,0xFFFF,0xFFFF,0xFFFF,0xFFFF,0xFFFF,0xFFFF,
  0xFFFF,0xFFFF,0xFFFF,0xFFFF,0xFFFF,0xFFFF,0xFFFF,0xFFFF,0xFFFF,0xFFFF,0xFFFF,0xFFFF,0xFFFF,0xFFFF,0xFFFF,0xFFFF,
  0xFFFF,0xFFFF,0xFFFF,0xFFFF,0xFFFF,0xFFFF,0xFFFF,0xFFFF,0xFFFF,0xFFFF,0xFFFF,0xFFFF,0xFFFF,0xFFFF,0xFFFF,0xFFFF,
  0xFFFF,0xFFFF,0xFFFF,0xFFFF,0xFFFF,0xFFFF,0xFFFF,0xFFFF,0xFFFF,0xFFFF,0xFFFF,0xFFFF,0xFFFF,0xFFFF,0xFFFF,0xFFFF,
  0xFFFF,0xFFFF,0xFFFF,0xFFFF,0xFFFF,0xFFFF,0xFFFF,0xFFFF,0xFFFF,0xFFFF,0xFFFF,0xFFFF,0xFFFF,0xFFFF,0xFFFF,0xFFFF,
  0xFFFF,0xFFFF,0xFFFF,0xFFFF,0xFFFF,0xFFFF,0xFFFF,0xFFFF,0xFFFF,0xFFFF,0xFFFF,0xFFFF,0xFFFF,0xFFFF,0xFFFF,0xFFFF,
  0xFFFF,0xFFFF,0xFFFF,0xFFFF,0xFFFF,0xFFFF,0xFFFF,0xFFFF,0xFFFF,0xFFFF,0xFFFF,0xFFFF,0xFFFF,0xFFFF,0xFFFF,0xFFFF,
  0xFFFF,0xFFFF,0xFFFF,0xFFFF,0xFFFF,0xFFFF,0xFFFF,0xFFFF,0xFFFF,0xFFFF,0xFFFF,0xFFFF,0xFFFF,0xFFFF,0xFFFF,0xFFFF,
  0xFFFF,0xFFFF,0xFFFF,0xFFFF,0xFFFF,0xFFFF,0xFFFF,0xFFFF,0xFFFF,0xFFFF,0xFFFF,0xFFFF,0xFFFF,0xFFFF,0xFFFF,0xFFFF,
  0xFFFF,0xFFFF,0xFFFF,0xFFFF,0xFFFF,0xFFFF,0xFFFF,0xFFFF,0xFFFF,0xFFFF,0xFFFF,0xFFFF,0xFFFF,0xFFFF,0xFFFF,0xFFFF,
  0xFFFF,0xFFFF,0xFFFF,0xFFFF,0xFFFF,0xFFFF,0xFFFF,0xFFFF,0xFFFF,0xFFFF,0xFFFF,0xFFFF,0xFFFF,0xFFFF,0xFFFF,0xFFFF,
  0xFFFF,0xFFFF,0xFFFF,0xFFFF,0xFFFF,0xFFFF,0xFFFF,0xFFFF,0xFFFF,0xFFFF,0xFFFF,0xFFFF,0xFFFF,0xFFFF,0xFFFF,0xFFFF,
  0xFFFF,0xFFFF,0xFFFF,0xFFFF,0xFFFF,0xFFFF,0xFFFF,0xFFFF,0xFFFF,0xFFFF,0xFFFF,0xFFFF,0xFFFF,0xFFFF,0xFFFF,0xFFFF,
  0xFFFF,0xFFFF,0xFFFF,0xFFFF,0xFFFF,0xFFFF,0xFFFF,0xFFFF,0xFFFF,0xFFFF,0xFFFF,0xFFFF,0xFFFF,0xFFFF,0xFFFF,0xFFFF,
  0xFFFF,0xFFFF,0xFFFF,0xFFFF,0xFFFF,0xFFFF,0xFFFF,0xFFFF,0xFFFF,0xFFFF,0xFFFF,0xFFFF,0xFFFF,0xFFFF,0xFFFF,0xFFFF,
  0xFFFF,0xFFFF,0xFFFF,0xFFFF,0xFFFF,0xFFFF,0xFFFF,0xFFFF,0xFFFF,0xFFFF,0xFFFF,0xFFFF,0xFFFF,0xFFFF,0xFFFF,0xFFFF,
  0xFFFF,0xFFFF,0xFFFF,0xFFFF,0xFFFF,0xFFFF,0xFFFF,0xFFFF,0xFFFF,0xFFFF,0xFFFF,0xFFFF,0xFFFF,0xFFFF,0xFFFF,0xFFFF,
  0xFFFF,0xFFFF,0xFFFF,0xFFFF,0xFFFF,0xFFFF,0xFFFF,0xFFFF,0xFFFF,0xFFFF,0xFFFF,0xFFFF,0xFFFF,0xFFFF,0xFFFF,0xFFFF,
  0xFFFF,0xFFFF,0xFFFF,0xFFFF,0xFFFF,0xFFFF,0xFFFF,0xFFFF,0xFFFF,0xFFFF,0xFFFF,0xFFFF,0xFFFF,0xFFFF,0xFFFF,0xFFFF,
  0xFFFF,0xFFFF,0xFFFF,0xFFFF,0xFFFF,0xFFFF,0xFFFF,0xFFFF,0xFFFF,0xFFFF,0xFFFF,0xFFFF,0xFFFF,0xFFFF,0xFFFF,0xFFFF,
  0xFFFF,0xFFFF,0xFFFF,0xFFFF,0xFFFF,0xFFFF,0xFFFF,0xFFFF,0xFFFF,0xFFFF,0xFFFF,0xFFFF,0xFFFF,0xFFFF,0xFFFF,0xFFFF,
  0xFFFF,0xFFFF,0xFFFF,0xFFFF,0xFFFF,0xFFFF,0xFFFF,0xFFFF,0xFFFF,0xFFFF,0xFFFF,0xFFFF,0xFFFF,0xFFFF,0xFFFF,0xFFFF,
  0xFFFF,0xFFFF,0xFFFF,0xFFFF,0xFFFF,0xFFFF,0xFFFF,0xFFFF,0xFFFF,0xFFFF,0xFFFF,0xFFFF,0xFFFF,0xFFFF,0xFFFF,0xFFFF,
  0xFFFF,0xFFFF,0xFFFF,0xFFFF,0xFFFF,0xFFFF,0xFFFF,0xFFFF,0xFFFF,0xFFFF,0xFFFF,0xFFFF,0xFFFF,0xFFFF,0xFFFF,0xFFFF,
  0xFFFF,0xFFFF,0xFFFF,0xFFFF,0xFFFF,0xFFFF,0xFFFF,0xFFFF,0xFFFF,0xFFFF,0xFFFF,0xFFFF,0xFFFF,0xFFFF,0xFFFF,0xFFFF,
  0xFFFF,0xFFFF,0xFFFF,0xFFFF,0xFFFF,0xFFFF,0xFFFF,0xFFFF,0xFFFF,0xFFFF,0xFFFF,0xFFFF,0xFFFF,0xFFFF,0xFFFF,0xFFFF,
  0xFFFF,0xFFFF,0xFFFF,0xFFFF,0xFFFF,0xFFFF,0xFFFF,0xFFFF,0xFFFF,0xFFFF,0xFFFF,0xFFFF,0xFFFF,0xFFFF,0xFFFF,0xFFFF,
  0xFFFF,0xFFFF,0xFFFF,0xFFFF,0xFFFF,0xFFFF,0xFFFF,0xFFFF,0xFFFF,0xFFFF,0xFFFF,0xFFFF,0xFFFF,0xFFFF,0xFFFF,0xFFFF,
  0xFFFF,0xFFFF,0xFFFF,0xFFFF,0xFFFF,0xFFFF,0xFFFF,0xFFFF,0xFFFF,0xFFFF,0xFFFF,0xFFFF,0xFFFF,0xFFFF,0xFFFF,0xFFFF,
  0xFFFF,0xFFFF,0xFFFF,0xFFFF,0xFFFF,0xFFFF,0xFFFF,0xFFFF,0xFFFF,0xFFFF,0xFFFF,0xFFFF,0xFFFF,0xFFFF,0xFFFF,0xFFFF,
  0xFFFF,0xFFFF,0xFFFF,0xFFFF,0xFFFF,0xFFFF,0xFFFF,0xFFFF,0xFFFF,0xFFFF,0xFFFF,0xFFFF,0xFFFF,0xFFFF,0xFFFF,0xFFFF,
  0xFFFF,0xFFFF,0xFFFF,0xFFFF,0xFFFF,0xFFFF,0xFFFF,0xFFFF,0xFFFF,0xFFFF,0xFFFF,0xFFFF,0xFFFF,0xFFFF,0xFFFF,0xFFFF,
  0xFFFF,0xFFFF,0xFFFF,0xFFFF,0xFFFF,0xFFFF,0xFFFF,0xFFFF,0xFFFF,0xFFFF,0xFFFF,0xFFFF,0xFFFF,0xFFFF,0xFFFF,0xFFFF,
  0xFFFF,0xFFFF,0xFFFF,0xFFFF,0xFFFF,0xFFFF,0xFFFF,0xFFFF,0xFFFF,0xFFFF,0xFFFF,0xFFFF,0xFFFF,0xFFFF,0xFFFF,0xFFFF,
  0xFFFF,0xFFFF,0xFFFF,0xFFFF,0xFFFF,0xFFFF,0xFFFF,0xFFFF,0xFFFF,0xFFFF,0xFFFF,0xFFFF,0xFFFF,0xFFFF,0xFFFF,0xFFFF,
  0xFFFF,0xFFFF,0xFFFF,0xFFFF,0xFFFF,0xFFFF,0xFFFF,0xFFFF,0xFFFF,0xFFFF,0xFFFF,0xFFFF,0xFFFF,0xFFFF,0xFFFF,0xFFFF,
  0xFFFF,0xFFFF,0xFFFF,0xFFFF,0xFFFF,0xFFFF,0xFFFF,0xFFFF,0xFFFF,0xFFFF,0xFFFF,0xFFFF,0xFFFF,0xFFFF,0xFFFF,0xFFFF,
  0xFFFF,0xFFFF,0xFFFF,0xFFFF,0xFFFF,0xFFFF,0xFFFF,0xFFFF,0xFFFF,0xFFFF,0xFFFF,0xFFFF,0xFFFF,0xFFFF,0xFFFF,0xFFFF,
  0xFFFF,0xFFFF,0xFFFF,0xFFFF,0xFFFF,0xFFFF,0xFFFF,0xFFFF,0xFFFF,0xFFFF,0xFFFF,0xFFFF,0xFFFF,0xFFFF,0xFFFF,0xFFFF,
  0xFFFF,0xFFFF,0xFFFF,0xFFFF,0xFFFF,0xFFFF,0xFFFF,0xFFFF,0xFFFF,0xFFFF,0xFFFF,0xFFFF,0xFFFF,0xFFFF,0xFFFF,0xFFFF,
  0xFFFF,0xFFFF,0xFFFF,0xFFFF,0xFFFF,0xFFFF,0xFFFF,0xFFFF,0xFFFF,0xFFFF,0xFFFF,0xFFFF,0xFFFF,0xFFFF,0xFFFF,0xFFFF,
  0xFFFF,0xFFFF,0xFFFF,0xFFFF,0xFFFF,0xFFFF,0xFFFF,0xFFFF,0xFFFF,0xFFFF,0xFFFF,0xFFFF,0xFFFF,0xFFFF,0xFFFF,0xFFFF,
  0xFFFF,0xFFFF,0xFFFF,0xFFFF,0xFFFF,0xFFFF,0xFFFF,0xFFFF,0xFFFF,0xFFFF,0xFFFF,0xFFFF,0xFFFF,0xFFFF,0xFFFF,0xFFFF,
  0xFFFF,0xFFFF,0xFFFF,0xFFFF,0xFFFF,0xFFFF,0xFFFF,0xFFFF,0xFFFF,0xFFFF,0xFFFF,0xFFFF,0xFFFF,0xFFFF,0xFFFF,0xFFFF,
  0xFFFF,0xFFFF,0xFFFF,0xFFFF,0xFFFF,0xFFFF,0xFFFF,0xFFFF,0xFFFF,0xFFFF,0xFFFF,0xFFFF,0xFFFF,0xFFFF,0xFFFF,0xFFFF,
  0xFFFF,0xFFFF,0xFFFF,0xFFFF,0xFFFF,0xFFFF,0xFFFF,0xFFFF,0xFFFF,0xFFFF,0xFFFF,0xFFFF,0xFFFF,0xFFFF,0xFFFF,0xFFFF,
  0xFFFF,0xFFFF,0xFFFF,0xFFFF,0xFFFF,0xFFFF,0xFFFF,0xFFFF,0xFFFF,0xFFFF,0xFFFF,0xFFFF,0xFFFF,0xFFFF,0xFFFF,0xFFFF,
  0xFFFF,0xFFFF,0xFFFF,0xFFFF,0xFFFF,0xFFFF,0xFFFF,0xFFFF,0xFFFF,0xFFFF,0xFFFF,0xFFFF,0xFFFF,0xFFFF,0xFFFF,0xFFFF,
  0xFFFF,0xFFFF,0xFFFF,0xFFFF,0xFFFF,0xFFFF,0xFFFF,0xFFFF,0xFFFF,0xFFFF,0xFFFF,0xFFFF,0xFFFF,0xFFFF,0xFFFF,0xFFFF,
  0xFFFF,0xFFFF,0xFFFF,0xFFFF,0xFFFF,0xFFFF,0xFFFF,0xFFFF,0xFFFF,0xFFFF,0xFFFF,0xFFFF,0xFFFF,0xFFFF,0xFFFF,0xFFFF,
  0xFFFF,0xFFFF,0xFFFF,0xFFFF,0xFFFF,0xFFFF,0xFFFF,0xFFFF,0xFFFF,0xFFFF,0xFFFF,0xFFFF,0xFFFF,0xFFFF,0xFFFF,0xFFFF,
  0xFFFF,0xFFFF,0xFFFF,0xFFFF,0xFFFF,0xFFFF,0xFFFF,0xFFFF,0xFFFF,0xFFFF,0xFFFF,0xFFFF,0xFFFF,0xFFFF,0xFFFF,0xFFFF,
  0xFFFF,0xFFFF,0xFFFF,0xFFFF,0xFFFF,0xFFFF,0xFFFF,0xFFFF,0xFFFF,0xFFFF,0xFFFF,0xFFFF,0xFFFF,0xFFFF,0xFFFF,0xFFFF,
  0xFFFF,0xFFFF,0xFFFF,0xFFFF,0xFFFF,0xFFFF,0xFFFF,0xFFFF,0xFFFF,0xFFFF,0xFFFF,0xFFFF,0xFFFF,0xFFFF,0xFFFF,0xFFFF,
  0xFFFF,0xFFFF,0xFFFF,0xFFFF,0xFFFF,0xFFFF,0xFFFF,0xFFFF,0xFFFF,0xFFFF,0xFFFF,0xFFFF,0xFFFF,0xFFFF,0xFFFF,0xFFFF,
  0xFFFF,0xFFFF,0xFFFF,0xFFFF,0xFFFF,0xFFFF,0xFFFF,0xFFFF,0xFFFF,0xFFFF,0xFFFF,0xFFFF,0xFFFF,0xFFFF,0xFFFF,0xFFFF,
  0xFFFF,0xFFFF,0xFFFF,0xFFFF,0xFFFF,0xFFFF,0xFFFF,0xFFFF,0xFFFF,0xFFFF,0xFFFF,0xFFFF,0xFFFF,0xFFFF,0xFFFF,0xFFFF,
  0xFFFF,0xFFFF,0xFFFF,0xFFFF,0xFFFF,0xFFFF,0xFFFF,0xFFFF,0xFFFF,0xFFFF,0xFFFF,0xFFFF,0xFFFF,0xFFFF,0xFFFF,0xFFFF,
  0xFFFF,0xFFFF,0xFFFF,0xFFFF,0xFFFF,0xFFFF,0xFFFF,0xFFFF,0xFFFF,0xFFFF,0xFFFF,0xFFFF,0xFFFF,0xFFFF,0xFFFF,0xFFFF,
  0xFFFF,0xFFFF,0xFFFF,0xFFFF,0xFFFF,0xFFFF,0xFFFF,0xFFFF,0xFFFF,0xFFFF,0xFFFF,0xFFFF,0xFFFF,0xFFFF,0xFFFF,0xFFFF,
  0xFFFF,0xFFFF,0xFFFF,0xFFFF,0xFFFF,0xFFFF,0xFFFF,0xFFFF,0xFFFF,0xFFFF,0xFFFF,0xFFFF,0xFFFF,0xFFFF,0xFFFF,0xFFFF,
  0xFFFF,0xFFFF,0xFFFF,0xFFFF,0xFFFF,0xFFFF,0xFFFF,0xFFFF,0xFFFF,0xFFFF,0xFFFF,0xFFFF,0xFFFF,0xFFFF,0xFFFF,0xFFFF,
  0xFFFF,0xFFFF,0xFFFF,0xFFFF,0xFFFF,0xFFFF,0xFFFF,0xFFFF,0xFFFF,0xFFFF,0xFFFF,0xFFFF,0xFFFF,0xFFFF,0xFFFF,0xFFFF,
  0xFFFF,0xFFFF,0xFFFF,0xFFFF,0xFFFF,0xFFFF,0xFFFF,0xFFFF,0xFFFF,0xFFFF,0xFFFF,0xFFFF,0xFFFF,0xFFFF,0xFFFF,0xFFFF,
  0xFFFF,0xFFFF,0xFFFF,0xFFFF,0xFFFF,0xFFFF,0xFFFF,0xFFFF,0xFFFF,0xFFFF,0xFFFF,0xFFFF,0xFFFF,0xFFFF,0xFFFF,0xFFFF,
  0xFFFF,0xFFFF,0xFFFF,0xFFFF,0xFFFF,0xFFFF,0xFFFF,0xFFFF,0xFFFF,0xFFFF,0xFFFF,0xFFFF,0xFFFF,0xFFFF,0xFFFF,0xFFFF,
  0xFFFF,0xFFFF,0xFFFF,0xFFFF,0xFFFF,0xFFFF,0xFFFF,0xFFFF,0xFFFF,0xFFFF,0xFFFF,0xFFFF,0xFFFF,0xFFFF,0xFFFF,0xFFFF,
  0xFFFF,0xFFFF,0xFFFF,0xFFFF,0xFFFF,0xFFFF,0xFFFF,0xFFFF,0xFFFF,0xFFFF,0xFFFF,0xFFFF,0xFFFF,0xFFFF,0xFFFF,0xFFFF,
  0xFFFF,0xFFFF,0xFFFF,0xFFFF,0xFFFF,0xFFFF,0xFFFF,0xFFFF,0xFFFF,0xFFFF,0xFFFF,0xFFFF,0xFFFF,0xFFFF,0xFFFF,0xFFFF,
  0xFFFF,0xFFFF,0xFFFF,0xFFFF,0xFFFF,0xFFFF,0xFFFF,0xFFFF,0xFFFF,0xFFFF,0xFFFF,0xFFFF,0xFFFF,0xFFFF,0xFFFF,0xFFFF,
  0xFFFF,0xFFFF,0xFFFF,0xFFFF,0xFFFF,0xFFFF,0xFFFF,0xFFFF,0xFFFF,0xFFFF,0xFFFF,0xFFFF,0xFFFF,0xFFFF,0xFFFF,0xFFFF,
  0xFFFF,0xFFFF,0xFFFF,0xFFFF,0xFFFF,0xFFFF,0xFFFF,0xFFFF,0xFFFF,0xFFFF,0xFFFF,0xFFFF,0xFFFF,0xFFFF,0xFFFF,0xFFFF,
  0xFFFF,0xFFFF,0xFFFF,0xFFFF,0xFFFF,0xFFFF,0xFFFF,0xFFFF,0xFFFF,0xFFFF,0xFFFF,0xFFFF,0xFFFF,0xFFFF,0xFFFF,0xFFFF,
  0xFFFF,0xFFFF,0xFFFF,0xFFFF,0xFFFF,0xFFFF,0xFFFF,0xFFFF,0xFFFF,0xFFFF,0xFFFF,0xFFFF,0xFFFF,0xFFFF,0xFFFF,0xFFFF,
  0xFFFF,0xFFFF,0xFFFF,0xFFFF,0xFFFF,0xFFFF,0xFFFF,0xFFFF,0xFFFF,0xFFFF,0xFFFF,0xFFFF,0xFFFF,0xFFFF,0xFFFF,0xFFFF,
  0xFFFF,0xFFFF,0xFFFF,0xFFFF,0xFFFF,0xFFFF,0xFFFF,0xFFFF,0xFFFF,0xFFFF,0xFFFF,0xFFFF,0xFFFF,0xFFFF,0xFFFF,0xFFFF,
  0xFFFF,0xFFFF,0xFFFF,0xFFFF,0xFFFF,0xFFFF,0xFFFF,0xFFFF,0xFFFF,0xFFFF,0xFFFF,0xFFFF,0xFFFF,0xFFFF,0xFFFF,0xFFFF,
  0xFFFF,0xFFFF,0xFFFF,0xFFFF,0xFFFF,0xFFFF,0xFFFF,0xFFFF,0xFFFF,0xFFFF,0xFFFF,0xFFFF,0xFFFF,0xFFFF,0xFFFF,0xFFFF,
  0xFFFF,0xFFFF,0xFFFF,0xFFFF,0xFFFF,0xFFFF,0xFFFF,0xFFFF,0xFFFF,0xFFFF,0xFFFF,0xFFFF,0xFFFF,0xFFFF,0xFFFF,0xFFFF,
  0xFFFF,0xFFFF,0xFFFF,0xFFFF,0xFFFF,0xFFFF,0xFFFF,0xFFFF,0xFFFF,0xFFFF,0xFFFF,0xFFFF,0xFFFF,0xFFFF,0xFFFF,0xFFFF,
  0xFFFF,0xFFFF,0xFFFF,0xFFFF,0xFFFF,0xFFFF,0xFFFF,0xFFFF,0xFFFF,0xFFFF,0xFFFF,0xFFFF,0xFFFF,0xFFFF,0xFFFF,0xFFFF,
  0xFFFF,0xFFFF,0xFFFF,0xFFFF,0xFFFF,0xFFFF,0xFFFF,0xFFFF,0xFFFF,0xFFFF,0xFFFF,0xFFFF,0xFFFF,0xFFFF,0xFFFF,0xFFFF,
  0xFFFF,0xFFFF,0xFFFF,0xFFFF,0xFFFF,0xFFFF,0xFFFF,0xFFFF,0xFFFF,0xFFFF,0xFFFF,0xFFFF,0xFFFF,0xFFFF,0xFFFF,0xFFFF,
  0xFFFF,0xFFFF,0xFFFF,0xFFFF,0xFFFF,0xFFFF,0xFFFF,0xFFFF,0xFFFF,0xFFFF,0xFFFF,0xFFFF,0xFFFF,0xFFFF,0xFFFF,0xFFFF,
  0xFFFF,0xFFFF,0xFFFF,0xFFFF,0xFFFF,0xFFFF,0xFFFF,0xFFFF,0xFFFF,0xFFFF,0xFFFF,0xFFFF,0xFFFF,0xFFFF,0xFFFF,0xFFFF,
  0xFFFF,0xFFFF,0xFFFF,0xFFFF,0xFFFF,0xFFFF,0xFFFF,0xFFFF,0xFFFF,0xFFFF,0xFFFF,0xFFFF,0xFFFF,0xFFFF,0xFFFF,0xFFFF,
  0xFFFF,0xFFFF,0xFFFF,0xFFFF,0xFFFF,0xFFFF,0xFFFF,0xFFFF,0xFFFF,0xFFFF,0xFFFF,0xFFFF,0xFFFF,0xFFFF,0xFFFF,0xFFFF,
  0xFFFF,0xFFFF,0xFFFF,0xFFFF,0xFFFF,0xFFFF,0xFFFF,0xFFFF,0xFFFF,0xFFFF,0xFFFF,0xFFFF,0xFFFF,0xFFFF,0xFFFF,0xFFFF,
  0xFFFF,0xFFFF,0xFFFF,0xFFFF,0xFFFF,0xFFFF,0xFFFF,0xFFFF,0xFFFF,0xFFFF,0xFFFF,0xFFFF,0xFFFF,0xFFFF,0xFFFF,0xFFFF,
  0xFFFF,0xFFFF,0xFFFF,0xFFFF,0xFFFF,0xFFFF,0xFFFF,0xFFFF,0xFFFF,0xFFFF,0xFFFF,0xFFFF,0xFFFF,0xFFFF,0xFFFF,0xFFFF,
  0xFFFF,0xFFFF,0xFFFF,0xFFFF,0xFFFF,0xFFFF,0xFFFF,0xFFFF,0xFFFF,0xFFFF,0xFFFF,0xFFFF,0xFFFF,0xFFFF,0xFFFF,0xFFFF,
  0xFFFF,0xFFFF,0xFFFF,0xFFFF,0xFFFF,0xFFFF,0xFFFF,0xFFFF,0xFFFF,0xFFFF,0xFFFF,0xFFFF,0xFFFF,0xFFFF,0xFFFF,0xFFFF,
  0xFFFF,0xFFFF,0xFFFF,0xFFFF,0xFFFF,0xFFFF,0xFFFF,0xFFFF,0xFFFF,0xFFFF,0xFFFF,0xFFFF,0xFFFF,0xFFFF,0xFFFF,0xFFFF,
  0xFFFF,0xFFFF,0xFFFF,0xFFFF,0xFFFF,0xFFFF,0xFFFF,0xFFFF,0xFFFF,0xFFFF,0xFFFF,0xFFFF,0xFFFF,0xFFFF,0xFFFF,0xFFFF,
  0xFFFF,0xFFFF,0xFFFF,0xFFFF,0xFFFF,0xFFFF,0xFFFF,0xFFFF,0xFFFF,0xFFFF,0xFFFF,0xFFFF,0xFFFF,0xFFFF,0xFFFF,0xFFFF,
  0xFFFF,0xFFFF,0xFFFF,0xFFFF,0xFFFF,0xFFFF,0xFFFF,0xFFFF,0xFFFF,0xFFFF,0xFFFF,0xFFFF,0xFFFF,0xFFFF,0xFFFF,0xFFFF,
  0xFFFF,0xFFFF,0xFFFF,0xFFFF,0xFFFF,0xFFFF,0xFFFF,0xFFFF,0xFFFF,0xFFFF,0xFFFF,0xFFFF,0xFFFF,0xFFFF,0xFFFF,0xFFFF,
  0xFFFF,0xFFFF,0xFFFF,0xFFFF,0xFFFF,0xFFFF,0xFFFF,0xFFFF,0xFFFF,0xFFFF,0xFFFF,0xFFFF,0xFFFF,0xFFFF,0xFFFF,0xFFFF,
  0xFFFF,0xFFFF,0xFFFF,0xFFFF,0xFFFF,0xFFFF,0xFFFF,0xFFFF,0xFFFF,0xFFFF,0xFFFF,0xFFFF,0xFFFF,0xFFFF,0xFFFF,0xFFFF,
  0xFFFF,0xFFFF,0xFFFF,0xFFFF,0xFFFF,0xFFFF,0xFFFF,0xFFFF,0xFFFF,0xFFFF,0xFFFF,0xFFFF,0xFFFF,0xFFFF,0xFFFF,0xFFFF,
  0xFFFF,0xFFFF,0xFFFF,0xFFFF,0xFFFF,0xFFFF,0xFFFF,0xFFFF,0xFFFF,0xFFFF,0xFFFF,0xFFFF,0xFFFF,0xFFFF,0xFFFF,0xFFFF,
  0xFFFF,0xFFFF,0xFFFF,0xFFFF,0xFFFF,0xFFFF,0xFFFF,0xFFFF,0xFFFF,0xFFFF,0xFFFF,0xFFFF,0xFFFF,0xFFFF,0xFFFF,0xFFFF,
  0xFFFF,0xFFFF,0xFFFF,0xFFFF,0xFFFF,0xFFFF,0xFFFF,0xFFFF,0xFFFF,0xFFFF,0xFFFF,0xFFFF,0xFFFF,0xFFFF,0xFFFF,0xFFFF,
  0xFFFF,0xFFFF,0xFFFF,0xFFFF,0xFFFF,0xFFFF,0xFFFF,0xFFFF,0xFFFF,0xFFFF,0xFFFF,0xFFFF,0xFFFF,0xFFFF,0xFFFF,0xFFFF,
  0xFFFF,0xFFFF,0xFFFF,0xFFFF,0xFFFF,0xFFFF,0xFFFF,0xFFFF,0xFFFF,0xFFFF,0xFFFF,0xFFFF,0xFFFF,0xFFFF,0xFFFF,0xFFFF,
  0xFFFF,0xFFFF,0xFFFF,0xFFFF,0xFFFF,0xFFFF,0xFFFF,0xFFFF,0xFFFF,0xFFFF,0xFFFF,0xFFFF,0xFFFF,0xFFFF,0xFFFF,0xFFFF,
  0xFFFF,0xFFFF,0xFFFF,0xFFFF,0xFFFF,0xFFFF,0xFFFF,0xFFFF,0xFFFF,0xFFFF,0xFFFF,0xFFFF,0xFFFF,0xFFFF,0xFFFF,0xFFFF,
  0xFFFF,0xFFFF,0xFFFF,0xFFFF,0xFFFF,0xFFFF,0xFFFF,0xFFFF,0xFFFF,0xFFFF,0xFFFF,0xFFFF,0xFFFF,0xFFFF,0xFFFF,0xFFFF,
  0xFFFF,0xFFFF,0xFFFF,0xFFFF,0xFFFF,0xFFFF,0xFFFF,0xFFFF,0xFFFF,0xFFFF,0xFFFF,0xFFFF,0xFFFF,0xFFFF,0xFFFF,0xFFFF,
  0xFFFF,0xFFFF,0xFFFF,0xFFFF,0xFFFF,0xFFFF,0xFFFF,0xFFFF,0xFFFF,0xFFFF,0xFFFF,0xFFFF,0xFFFF,0xFFFF,0xFFFF,0xFFFF,
  0xFFFF,0xFFFF,0xFFFF,0xFFFF,0xFFFF,0xFFFF,0xFFFF,0xFFFF,0xFFFF,0xFFFF,0xFFFF,0xFFFF,0xFFFF,0xFFFF,0xFFFF,0xFFFF,
  0xFFFF,0xFFFF,0xFFFF,0xFFFF,0xFFFF,0xFFFF,0xFFFF,0xFFFF,0xFFFF,0xFFFF,0xFFFF,0xFFFF,0xFFFF,0xFFFF,0xFFFF,0xFFFF,
  0xFFFF,0xFFFF,0xFFFF,0xFFFF,0xFFFF,0xFFFF,0xFFFF,0xFFFF,0xFFFF,0xFFFF,0xFFFF,0xFFFF,0xFFFF,0xFFFF,0xFFFF,0xFFFF,
  0xFFFF,0xFFFF,0xFFFF,0xFFFF,0xFFFF,0xFFFF,0xFFFF,0xFFFF,0xFFFF,0xFFFF,0xFFFF,0xFFFF,0xFFFF,0xFFFF,0xFFFF,0xFFFF,
  0xFFFF,0xFFFF,0xFFFF,0xFFFF,0xFFFF,0xFFFF,0xFFFF,0xFFFF,0xFFFF,0xFFFF,0xFFFF,0xFFFF,0xFFFF,0xFFFF,0xFFFF,0xFFFF,
  0xFFFF,0xFFFF,0xFFFF,0xFFFF,0xFFFF,0xFFFF,0xFFFF,0xFFFF,0xFFFF,0xFFFF,0xFFFF,0xFFFF,0xFFFF,0xFFFF,0xFFFF,0xFFFF,
  0xFFFF,0xFFFF,0xFFFF,0xFFFF,0xFFFF,0xFFFF,0xFFFF,0xFFFF,0xFFFF,0xFFFF,0xFFFF,0xFFFF,0xFFFF,0xFFFF,0xFFFF,0xFFFF,
  0xFFFF,0xFFFF,0xFFFF,0xFFFF,0xFFFF,0xFFFF,0xFFFF,0xFFFF,0xFFFF,0xFFFF,0xFFFF,0xFFFF,0xFFFF,0xFFFF,0xFFFF,0xFFFF,
  0xFFFF,0xFFFF,0xFFFF,0xFFFF,0xFFFF,0xFFFF,0xFFFF,0xFFFF,0xFFFF,0xFFFF,0xFFFF,0xFFFF,0xFFFF,0xFFFF,0xFFFF,0xFFFF,
  0xFFFF,0xFFFF,0xFFFF,0xFFFF,0xFFFF,0xFFFF,0xFFFF,0xFFFF,0xFFFF,0xFFFF,0xFFFF,0xFFFF,0xFFFF,0xFFFF,0xFFFF,0xFFFF,
  0xFFFF,0xFFFF,0xFFFF,0xFFFF,0xFFFF,0xFFFF,0xFFFF,0xFFFF,0xFFFF,0xFFFF,0xFFFF,0xFFFF,0xFFFF,0xFFFF,0xFFFF,0xFFFF,
  0xFFFF,0xFFFF,0xFFFF,0xFFFF,0xFFFF,0xFFFF,0xFFFF,0xFFFF,0xFFFF,0xFFFF,0xFFFF,0xFFFF,0xFFFF,0xFFFF,0xFFFF,0xFFFF,
  0xFFFF,0xFFFF,0xFFFF,0xFFFF,0xFFFF,0xFFFF,0xFFFF,0xFFFF,0xFFFF,0xFFFF,0xFFFF,0xFFFF,0xFFFF,0xFFFF,0xFFFF,0xFFFF,
  0xFFFF,0xFFFF,0xFFFF,0xFFFF,0xFFFF,0xFFFF,0xFFFF,0xFFFF,0xFFFF,0xFFFF,0xFFFF,0xFFFF,0xFFFF,0xFFFF,0xFFFF,0xFFFF,
  0xFFFF,0xFFFF,0xFFFF,0xFFFF,0xFFFF,0xFFFF,0xFFFF,0xFFFF,0xFFFF,0xFFFF,0xFFFF,0xFFFF,0xFFFF,0xFFFF,0xFFFF,0xFFFF,
  0xFFFF,0xFFFF,0xFFFF,0xFFFF,0xFFFF,0xFFFF,0xFFFF,0xFFFF,0xFFFF,0xFFFF,0xFFFF,0xFFFF,0xFFFF,0xFFFF,0xFFFF,0xFFFF,
  0xFFFF,0xFFFF,0xFFFF,0xFFFF,0xFFFF,0xFFFF,0xFFFF,0xFFFF,0xFFFF,0xFFFF,0xFFFF,0xFFFF,0xFFFF,0xFFFF,0xFFFF,0xFFFF,
  0xFFFF,0xFFFF,0xFFFF,0xFFFF,0xFFFF,0xFFFF,0xFFFF,0xFFFF,0xFFFF,0xFFFF,0xFFFF,0xFFFF,0xFFFF,0xFFFF,0xFFFF,0xFFFF,
  0xFFFF,0xFFFF,0xFFFF,0xFFFF,0xFFFF,0xFFFF,0xFFFF,0xFFFF,0xFFFF,0xFFFF,0xFFFF,0xFFFF,0xFFFF,0xFFFF,0xFFFF,0xFFFF,
  0xFFFF,0xFFFF,0xFFFF,0xFFFF,0xFFFF,0xFFFF,0xFFFF,0xFFFF,0xFFFF,0xFFFF,0xFFFF,0xFFFF,0xFFFF,0xFFFF,0xFFFF,0xFFFF,
  0xFFFF,0xFFFF,0xFFFF,0xFFFF,0xFFFF,0xFFFF,0xFFFF,0xFFFF,0xFFFF,0xFFFF,0xFFFF,0xFFFF,0xFFFF,0xFFFF,0xFFFF,0xFFFF,
  0xFFFF,0xFFFF,0xFFFF,0xFFFF,0xFFFF,0xFFFF,0xFFFF,0xFFFF,0xFFFF,0xFFFF,0xFFFF,0xFFFF,0xFFFF,0xFFFF,0xFFFF,0xFFFF,
  0xFFFF,0xFFFF,0xFFFF,0xFFFF,0xFFFF,0xFFFF,0xFFFF,0xFFFF,0xFFFF,0xFFFF,0xFFFF,0xFFFF,0xFFFF,0xFFFF,0xFFFF,0xFFFF,
  0xFFFF,0xFFFF,0xFFFF,0xFFFF,0xFFFF,0xFFFF,0xFFFF,0xFFFF,0xFFFF,0xFFFF,0xFFFF,0xFFFF,0xFFFF,0xFFFF,0xFFFF,0xFFFF,
  0xFFFF,0xFFFF,0xFFFF,0xFFFF,0xFFFF,0xFFFF,0xFFFF,0xFFFF,0xFFFF,0xFFFF,0xFFFF,0xFFFF,0xFFFF,0xFFFF,0xFFFF,0xFFFF,
  0xFFFF,0xFFFF,0xFFFF,0xFFFF,0xFFFF,0xFFFF,0xFFFF,0xFFFF,0xFFFF,0xFFFF,0xFFFF,0xFFFF,0xFFFF,0xFFFF,0xFFFF,0xFFFF,
  0xFFFF,0xFFFF,0xFFFF,0xFFFF,0xFFFF,0xFFFF,0xFFFF,0xFFFF,0xFFFF,0xFFFF,0xFFFF,0xFFFF,0xFFFF,0xFFFF,0xFFFF,0xFFFF,
  0xFFFF,0xFFFF,0xFFFF,0xFFFF,0xFFFF,0xFFFF,0xFFFF,0xFFFF,0xFFFF,0xFFFF,0xFFFF,0xFFFF,0xFFFF,0xFFFF,0xFFFF,0xFFFF,
  0xFFFF,0xFFFF,0xFFFF,0xFFFF,0xFFFF,0xFFFF,0xFFFF,0xFFFF,0xFFFF,0xFFFF,0xFFFF,0xFFFF,0xFFFF,0xFFFF,0xFFFF,0xFFFF,
  0xFFFF,0xFFFF,0xFFFF,0xFFFF,0xFFFF,0xFFFF,0xFFFF,0xFFFF,0xFFFF,0xFFFF,0xFFFF,0xFFFF,0xFFFF,0xFFFF,0xFFFF,0xFFFF,
  0xFFFF,0xFFFF,0xFFFF,0xFFFF,0xFFFF,0xFFFF,0xFFFF,0xFFFF,0xFFFF,0xFFFF,0xFFFF,0xFFFF,0xFFFF,0xFFFF,0xFFFF,0xFFFF,
  0xFFFF,0xFFFF,0xFFFF,0xFFFF,0xFFFF,0xFFFF,0xFFFF,0xFFFF,0xFFFF,0xFFFF,0xFFFF,0xFFFF,0xFFFF,0xFFFF,0xFFFF,0xFFFF,
  0xFFFF,0xFFFF,0xFFFF,0xFFFF,0xFFFF,0xFFFF,0xFFFF,0xFFFF,0xFFFF,0xFFFF,0xFFFF,0xFFFF,0xFFFF,0xFFFF,0xFFFF,0xFFFF,
  0xFFFF,0xFFFF,0xFFFF,0xFFFF,0xFFFF,0xFFFF,0xFFFF,0xFFFF,0xFFFF,0xFFFF,0xFFFF,0xFFFF,0xFFFF,0xFFFF,0xFFFF,0xFFFF,
  0xFFFF,0xFFFF,0xFFFF,0xFFFF,0xFFFF,0xFFFF,0xFFFF,0xFFFF,0xFFFF,0xFFFF,0xFFFF,0xFFFF,0xFFFF,0xFFFF,0xFFFF,0xFFFF,
  0xFFFF,0xFFFF,0xFFFF,0xFFFF,0xFFFF,0xFFFF,0xFFFF,0xFFFF,0xFFFF,0xFFFF,0xFFFF,0xFFFF,0xFFFF,0xFFFF,0xFFFF,0xFFFF,
  0xFFFF,0xFFFF,0xFFFF,0xFFFF,0xFFFF,0xFFFF,0xFFFF,0xFFFF,0xFFFF,0xFFFF,0xFFFF,0xFFFF,0xFFFF,0xFFFF,0xFFFF,0xFFFF,
  0xFFFF,0xFFFF,0xFFFF,0xFFFF,0xFFFF,0xFFFF,0xFFFF,0xFFFF,0xFFFF,0xFFFF,0xFFFF,0xFFFF,0xFFFF,0xFFFF,0xFFFF,0xFFFF,
  0xFFFF,0xFFFF,0xFFFF,0xFFFF,0xFFFF,0xFFFF,0xFFFF,0xFFFF,0xFFFF,0xFFFF,0xFFFF,0xFFFF,0xFFFF,0xFFFF,0xFFFF,0xFFFF,
  0xFFFF,0xFFFF,0xFFFF,0xFFFF,0xFFFF,0xFFFF,0xFFFF,0xFFFF,0xFFFF,0xFFFF,0xFFFF,0xFFFF,0xFFFF,0xFFFF,0xFFFF,0xFFFF,
  0xFFFF,0xFFFF,0xFFFF,0xFFFF,0xFFFF,0xFFFF,0xFFFF,0xFFFF,0xFFFF,0xFFFF,0xFFFF,0xFFFF,0xFFFF,0xFFFF,0xFFFF,0xFFFF,
  0xFFFF,0xFFFF,0xFFFF,0xFFFF,0xFFFF,0xFFFF,0xFFFF,0xFFFF,0xFFFF,0xFFFF,0xFFFF,0xFFFF,0xFFFF,0xFFFF,0xFFFF,0xFFFF,
  0xFFFF,0xFFFF,0xFFFF,0xFFFF,0xFFFF,0xFFFF,0xFFFF,0xFFFF,0xFFFF,0xFFFF,0xFFFF,0xFFFF,0xFFFF,0xFFFF,0xFFFF,0xFFFF,
  0xFFFF,0xFFFF,0xFFFF,0xFFFF,0xFFFF,0xFFFF,0xFFFF,0xFFFF,0xFFFF,0xFFFF,0xFFFF,0xFFFF,0xFFFF,0xFFFF,0xFFFF,0xFFFF,
  0xFFFF,0xFFFF,0xFFFF,0xFFFF,0xFFFF,0xFFFF,0xFFFF,0xFFFF,0xFFFF,0xFFFF,0xFFFF,0xFFFF,0xFFFF,0xFFFF,0xFFFF,0xFFFF,
  0xFFFF,0xFFFF,0xFFFF,0xFFFF,0xFFFF,0xFFFF,0xFFFF,0xFFFF,0xFFFF,0xFFFF,0xFFFF,0xFFFF,0xFFFF,0xFFFF,0xFFFF,0xFFFF,
  0xFFFF,0xFFFF,0xFFFF,0xFFFF,0xFFFF,0xFFFF,0xFFFF,0xFFFF,0xFFFF,0xFFFF,0xFFFF,0xFFFF,0xFFFF,0xFFFF,0xFFFF,0xFFFF,
  0xFFFF,0xFFFF,0xFFFF,0xFFFF,0xFFFF,0xFFFF,0xFFFF,0xFFFF,0xFFFF,0xFFFF,0xFFFF,0xFFFF,0xFFFF,0xFFFF,0xFFFF,0xFFFF,
  0xFFFF,0xFFFF,0xFFFF,0xFFFF,0xFFFF,0xFFFF,0xFFFF,0xFFFF,0xFFFF,0xFFFF,0xFFFF,0xFFFF,0xFFFF,0xFFFF,0xFFFF,0xFFFF,
  0xFFFF,0xFFFF,0xFFFF,0xFFFF,0xFFFF,0xFFFF,0xFFFF,0xFFFF,0xFFFF,0xFFFF,0xFFFF,0xFFFF,0xFFFF,0xFFFF,0xFFFF,0xFFFF,
  0xFFFF,0xFFFF,0xFFFF,0xFFFF,0xFFFF,0xFFFF,0xFFFF,0xFFFF,0xFFFF,0xFFFF,0xFFFF,0xFFFF,0xFFFF,0xFFFF,0xFFFF,0xFFFF,
  0xFFFF,0xFFFF,0xFFFF,0xFFFF,0xFFFF,0xFFFF,0xFFFF,0xFFFF,0xFFFF,0xFFFF,0xFFFF,0xFFFF,0xFFFF,0xFFFF,0xFFFF,0xFFFF,
  0xFFFF,0xFFFF,0xFFFF,0xFFFF,0xFFFF,0xFFFF,0xFFFF,0xFFFF,0xFFFF,0xFFFF,0xFFFF,0xFFFF,0xFFFF,0xFFFF,0xFFFF,0xFFFF,
  0xFFFF,0xFFFF,0xFFFF,0xFFFF,0xFFFF,0xFFFF,0xFFFF,0xFFFF,0xFFFF,0xFFFF,0xFFFF,0xFFFF,0xFFFF,0xFFFF,0xFFFF,0xFFFF,
  0xFFFF,0xFFFF,0xFFFF,0xFFFF,0xFFFF,0xFFFF,0xFFFF,0xFFFF,0xFFFF,0xFFFF,0xFFFF,0xFFFF,0xFFFF,0xFFFF,0xFFFF,0xFFFF,
  0xFFFF,0xFFFF,0xFFFF,0xFFFF,0xFFFF,0xFFFF,0xFFFF,0xFFFF,0xFFFF,0xFFFF,0xFFFF,0xFFFF,0xFFFF,0xFFFF,0xFFFF,0xFFFF,
  0xFFFF,0xFFFF,0xFFFF,0xFFFF,0xFFFF,0xFFFF,0xFFFF,0xFFFF,0xFFFF,0xFFFF,0xFFFF,0xFFFF,0xFFFF,0xFFFF,0xFFFF,0xFFFF,
  0xFFFF,0xFFFF,0xFFFF,0xFFFF,0xFFFF,0xFFFF,0xFFFF,0xFFFF,0xFFFF,0xFFFF,0xFFFF,0xFFFF,0xFFFF,0xFFFF,0xFFFF,0xFFFF,
  0xFFFF,0xFFFF,0xFFFF,0xFFFF,0xFFFF,0xFFFF,0xFFFF,0xFFFF,0xFFFF,0xFFFF,0xFFFF,0xFFFF,0xFFFF,0xFFFF,0xFFFF,0xFFFF,
  0xFFFF,0xFFFF,0xFFFF,0xFFFF,0xFFFF,0xFFFF,0xFFFF,0xFFFF,0xFFFF,0xFFFF,0xFFFF,0xFFFF,0xFFFF,0xFFFF,0xFFFF,0xFFFF,
  0xFFFF,0xFFFF,0xFFFF,0xFFFF,0xFFFF,0xFFFF,0xFFFF,0xFFFF,0xFFFF,0xFFFF,0xFFFF,0xFFFF,0xFFFF,0xFFFF,0xFFFF,0xFFFF,
  0xFFFF,0xFFFF,0xFFFF,0xFFFF,0xFFFF,0xFFFF,0xFFFF,0xFFFF,0xFFFF,0xFFFF,0xFFFF,0xFFFF,0xFFFF,0xFFFF,0xFFFF,0xFFFF,
  0xFFFF,0xFFFF,0xFFFF,0xFFFF,0xFFFF,0xFFFF,0xFFFF,0xFFFF,0xFFFF,0xFFFF,0xFFFF,0xFFFF,0xFFFF,0xFFFF,0xFFFF,0xFFFF,
  0xFFFF,0xFFFF,0xFFFF,0xFFFF,0xFFFF,0xFFFF,0xFFFF,0xFFFF,0xFFFF,0xFFFF,0xFFFF,0xFFFF,0xFFFF,0xFFFF,0xFFFF,0xFFFF,
  0xFFFF,0xFFFF,0xFFFF,0xFFFF,0xFFFF,0xFFFF,0xFFFF,0xFFFF,0xFFFF,0xFFFF,0xFFFF,0xFFFF,0xFFFF,0xFFFF,0xFFFF,0xFFFF,
  0xFFFF,0xFFFF,0xFFFF,0xFFFF,0xFFFF,0xFFFF,0xFFFF,0xFFFF,0xFFFF,0xFFFF,0xFFFF,0xFFFF,0xFFFF,0xFFFF,0xFFFF,0xFFFF,
  0xFFFF,0xFFFF,0xFFFF,0xFFFF,0xFFFF,0xFFFF,0xFFFF,0xFFFF,0xFFFF,0xFFFF,0xFFFF,0xFFFF,0xFFFF,0xFFFF,0xFFFF,0xFFFF,
  0xFFFF,0xFFFF,0xFFFF,0xFFFF,0xFFFF,0xFFFF,0xFFFF,0xFFFF,0xFFFF,0xFFFF,0xFFFF,0xFFFF,0xFFFF,0xFFFF,0xFFFF,0xFFFF,
  0xFFFF,0xFFFF,0xFFFF,0xFFFF,0xFFFF,0xFFFF,0xFFFF,0xFFFF,0xFFFF,0xFFFF,0xFFFF,0xFFFF,0xFFFF,0xFFFF,0xFFFF,0xFFFF,
  0xFFFF,0xFFFF,0xFFFF,0xFFFF,0xFFFF,0xFFFF,0xFFFF,0xFFFF,0xFFFF,0xFFFF,0xFFFF,0xFFFF,0xFFFF,0xFFFF,0xFFFF,0xFFFF,
  0xFFFF,0xFFFF,0xFFFF,0xFFFF,0xFFFF,0xFFFF,0xFFFF,0xFFFF,0xFFFF,0xFFFF,0xFFFF,0xFFFF,0xFFFF,0xFFFF,0xFFFF,0xFFFF,
  0xFFFF,0xFFFF,0xFFFF,0xFFFF,0xFFFF,0xFFFF,0xFFFF,0xFFFF,0xFFFF,0xFFFF,0xFFFF,0xFFFF,0xFFFF,0xFFFF,0xFFFF,0xFFFF,
  0xFFFF,0xFFFF,0xFFFF,0xFFFF,0xFFFF,0xFFFF,0xFFFF,0xFFFF,0xFFFF,0xFFFF,0xFFFF,0xFFFF,0xFFFF,0xFFFF,0xFFFF,0xFFFF,
  0xFFFF,0xFFFF,0xFFFF,0xFFFF,0xFFFF,0xFFFF,0xFFFF,0xFFFF,0xFFFF,0xFFFF,0xFFFF,0xFFFF,0xFFFF,0xFFFF,0xFFFF,0xFFFF,
  0xFFFF,0xFFFF,0xFFFF,0xFFFF,0xFFFF,0xFFFF,0xFFFF,0xFFFF,0xFFFF,0xFFFF,0xFFFF,0xFFFF,0xFFFF,0xFFFF,0xFFFF,0xFFFF,
  0xFFFF,0xFFFF,0xFFFF,0xFFFF,0xFFFF,0xFFFF,0xFFFF,0xFFFF,0xFFFF,0xFFFF,0xFFFF,0xFFFF,0xFFFF,0xFFFF,0xFFFF,0xFFFF,
  0xFFFF,0xFFFF,0xFFFF,0xFFFF,0xFFFF,0xFFFF,0xFFFF,0xFFFF,0xFFFF,0xFFFF,0xFFFF,0xFFFF,0xFFFF,0xFFFF,0xFFFF,0xFFFF,
  0xFFFF,0xFFFF,0xFFFF,0xFFFF,0xFFFF,0xFFFF,0xFFFF,0xFFFF,0xFFFF,0xFFFF,0xFFFF,0xFFFF,0xFFFF,0xFFFF,0xFFFF,0xFFFF,
  0xFFFF,0xFFFF,0xFFFF,0xFFFF,0xFFFF,0xFFFF,0xFFFF,0xFFFF,0xFFFF,0xFFFF,0xFFFF,0xFFFF,0xFFFF,0xFFFF,0xFFFF,0xFFFF,
  0xFFFF,0xFFFF,0xFFFF,0xFFFF,0xFFFF,0xFFFF,0xFFFF,0xFFFF,0xFFFF,0xFFFF,0xFFFF,0xFFFF,0xFFFF,0xFFFF,0xFFFF,0xFFFF,
  0xFFFF,0xFFFF,0xFFFF,0xFFFF,0xFFFF,0xFFFF,0xFFFF,0xFFFF,0xFFFF,0xFFFF,0xFFFF,0xFFFF,0xFFFF,0xFFFF,0xFFFF,0xFFFF,
  0xFFFF,0xFFFF,0xFFFF,0xFFFF,0xFFFF,0xFFFF,0xFFFF,0xFFFF,0xFFFF,0xFFFF,0xFFFF,0xFFFF,0xFFFF,0xFFFF,0xFFFF,0xFFFF,
  0xFFFF,0xFFFF,0xFFFF,0xFFFF,0xFFFF,0xFFFF,0xFFFF,0xFFFF,0xFFFF,0xFFFF,0xFFFF,0xFFFF,0xFFFF,0xFFFF,0xFFFF,0xFFFF,
  0xFFFF,0xFFFF,0xFFFF,0xFFFF,0xFFFF,0xFFFF,0xFFFF,0xFFFF,0xFFFF,0xFFFF,0xFFFF,0xFFFF,0xFFFF,0xFFFF,0xFFFF,0xFFFF,
  0xFFFF,0xFFFF,0xFFFF,0xFFFF,0xFFFF,0xFFFF,0xFFFF,0xFFFF,0xFFFF,0xFFFF,0xFFFF,0xFFFF,0xFFFF,0xFFFF,0xFFFF,0xFFFF,
  0xFFFF,0xFFFF,0xFFFF,0xFFFF,0xFFFF,0xFFFF,0xFFFF,0xFFFF,0xFFFF,0xFFFF,0xFFFF,0xFFFF,0xFFFF,0xFFFF,0xFFFF,0xFFFF,
  0xFFFF,0xFFFF,0xFFFF,0xFFFF,0xFFFF,0xFFFF,0xFFFF,0xFFFF,0xFFFF,0xFFFF,0xFFFF,0xFFFF,0xFFFF,0xFFFF,0xFFFF,0xFFFF,
  0xFFFF,0xFFFF,0xFFFF,0xFFFF,0xFFFF,0xFFFF,0xFFFF,0xFFFF,0xFFFF,0xFFFF,0xFFFF,0xFFFF,0xFFFF,0xFFFF,0xFFFF,0xFFFF,
  0xFFFF,0xFFFF,0xFFFF,0xFFFF,0xFFFF,0xFFFF,0xFFFF,0xFFFF,0xFFFF,0xFFFF,0xFFFF,0xFFFF,0xFFFF,0xFFFF,0xFFFF,0xFFFF,
  0xFFFF,0xFFFF,0xFFFF,0xFFFF,0xFFFF,0xFFFF,0xFFFF,0xFFFF,0xFFFF,0xFFFF,0xFFFF,0xFFFF,0xFFFF,0xFFFF,0xFFFF,0xFFFF,
  0xFFFF,0xFFFF,0xFFFF,0xFFFF,0xFFFF,0xFFFF,0xFFFF,0xFFFF,0xFFFF,0xFFFF,0xFFFF,0xFFFF,0xFFFF,0xFFFF,0xFFFF,0xFFFF,
  0xFFFF,0xFFFF,0xFFFF,0xFFFF,0xFFFF,0xFFFF,0xFFFF,0xFFFF,0xFFFF,0xFFFF,0xFFFF,0xFFFF,0xFFFF,0xFFFF,0xFFFF,0xFFFF,
  0xFFFF,0xFFFF,0xFFFF,0xFFFF,0xFFFF,0xFFFF,0xFFFF,0xFFFF,0xFFFF,0xFFFF,0xFFFF,0xFFFF,0xFFFF,0xFFFF,0xFFFF,0xFFFF,
  0xFFFF,0xFFFF,0xFFFF,0xFFFF,0xFFFF,0xFFFF,0xFFFF,0xFFFF,0xFFFF,0xFFFF,0xFFFF,0xFFFF,0xFFFF,0xFFFF,0xFFFF,0xFFFF,
  0xFFFF,0xFFFF,0xFFFF,0xFFFF,0xFFFF,0xFFFF,0xFFFF,0xFFFF,0xFFFF,0xFFFF,0xFFFF,0xFFFF,0xFFFF,0xFFFF,0xFFFF,0xFFFF,
  0xFFFF,0xFFFF,0xFFFF,0xFFFF,0xFFFF,0xFFFF,0xFFFF,0xFFFF,0xFFFF,0xFFFF,0xFFFF,0xFFFF,0xFFFF,0xFFFF,0xFFFF,0xFFFF,
  0xFFFF,0xFFFF,0xFFFF,0xFFFF,0xFFFF,0xFFFF,0xFFFF,0xFFFF,0xFFFF,0xFFFF,0xFFFF,0xFFFF,0xFFFF,0xFFFF,0xFFFF,0xFFFF,
  0xFFFF,0xFFFF,0xFFFF,0xFFFF,0xFFFF,0xFFFF,0xFFFF,0xFFFF,0xFFFF,0xFFFF,0xFFFF,0xFFFF,0xFFFF,0xFFFF,0xFFFF,0xFFFF,
  0xFFFF,0xFFFF,0xFFFF,0xFFFF,0xFFFF,0xFFFF,0xFFFF,0xFFFF,0xFFFF,0xFFFF,0xFFFF,0xFFFF,0xFFFF,0xFFFF,0xFFFF,0xFFFF,
  0xFFFF,0xFFFF,0xFFFF,0xFFFF,0xFFFF,0xFFFF,0xFFFF,0xFFFF,0xFFFF,0xFFFF,0xFFFF,0xFFFF,0xFFFF,0xFFFF,0xFFFF,0xFFFF,
  0xFFFF,0xFFFF,0xFFFF,0xFFFF,0xFFFF,0xFFFF,0xFFFF,0xFFFF,0xFFFF,0xFFFF,0xFFFF,0xFFFF,0xFFFF,0xFFFF,0xFFFF,0xFFFF,
  0xFFFF,0xFFFF,0xFFFF,0xFFFF,0xFFFF,0xFFFF,0xFFFF,0xFFFF,0xFFFF,0xFFFF,0xFFFF,0xFFFF,0xFFFF,0xFFFF,0xFFFF,0xFFFF,
  0xFFFF,0xFFFF,0xFFFF,0xFFFF,0xFFFF,0xFFFF,0xFFFF,0xFFFF,0xFFFF,0xFFFF,0xFFFF,0xFFFF,0xFFFF,0xFFFF,0xFFFF,0xFFFF,
  0xFFFF,0xFFFF,0xFFFF,0xFFFF,0xFFFF,0xFFFF,0xFFFF,0xFFFF,0xFFFF,0xFFFF,0xFFFF,0xFFFF,0xFFFF,0xFFFF,0xFFFF,0xFFFF,
  0xFFFF,0xFFFF,0xFFFF,0xFFFF,0xFFFF,0xFFFF,0xFFFF,0xFFFF,0xFFFF,0xFFFF,0xFFFF,0xFFFF,0xFFFF,0xFFFF,0xFFFF,0xFFFF,
  0xFFFF,0xFFFF,0xFFFF,0xFFFF,0xFFFF,0xFFFF,0xFFFF,0xFFFF,0xFFFF,0xFFFF,0xFFFF,0xFFFF,0xFFFF,0xFFFF,0xFFFF,0xFFFF,
  0xFFFF,0xFFFF,0xFFFF,0xFFFF,0xFFFF,0xFFFF,0xFFFF,0xFFFF,0xFFFF,0xFFFF,0xFFFF,0xFFFF,0xFFFF,0xFFFF,0xFFFF,0xFFFF,
  0xFFFF,0xFFFF,0xFFFF,0xFFFF,0xFFFF,0xFFFF,0xFFFF,0xFFFF,0xFFFF,0xFFFF,0xFFFF,0xFFFF,0xFFFF,0xFFFF,0xFFFF,0xFFFF,
  0xFFFF,0xFFFF,0xFFFF,0xFFFF,0xFFFF,0xFFFF,0xFFFF,0xFFFF,0xFFFF,0xFFFF,0xFFFF,0xFFFF,0xFFFF,0xFFFF,0xFFFF,0xFFFF,
  0xFFFF,0xFFFF,0xFFFF,0xFFFF,0xFFFF,0xFFFF,0xFFFF,0xFFFF,0xFFFF,0xFFFF,0xFFFF,0xFFFF,0xFFFF,0xFFFF,0xFFFF,0xFFFF,
  0xFFFF,0xFFFF,0xFFFF,0xFFFF,0xFFFF,0xFFFF,0xFFFF,0xFFFF,0xFFFF,0xFFFF,0xFFFF,0xFFFF,0xFFFF,0xFFFF,0xFFFF,0xFFFF,
  0xFFFF,0xFFFF,0xFFFF,0xFFFF,0xFFFF,0xFFFF,0xFFFF,0xFFFF,0xFFFF,0xFFFF,0xFFFF,0xFFFF,0xFFFF,0xFFFF,0xFFFF,0xFFFF,
  0xFFFF,0xFFFF,0xFFFF,0xFFFF,0xFFFF,0xFFFF,0xFFFF,0xFFFF,0xFFFF,0xFFFF,0xFFFF,0xFFFF,0xFFFF,0xFFFF,0xFFFF,0xFFFF,
  0xFFFF,0xFFFF,0xFFFF,0xFFFF,0xFFFF,0xFFFF,0xFFFF,0xFFFF,0xFFFF,0xFFFF,0xFFFF,0xFFFF,0xFFFF,0xFFFF,0xFFFF,0xFFFF,
  0xFFFF,0xFFFF,0xFFFF,0xFFFF,0xFFFF,0xFFFF,0xFFFF,0xFFFF,0xFFFF,0xFFFF,0xFFFF,0xFFFF,0xFFFF,0xFFFF,0xFFFF,0xFFFF,
  0xFFFF,0xFFFF,0xFFFF,0xFFFF,0xFFFF,0xFFFF,0xFFFF,0xFFFF,0xFFFF,0xFFFF,0xFFFF,0xFFFF,0xFFFF,0xFFFF,0xFFFF,0xFFFF,
  0xFFFF,0xFFFF,0xFFFF,0xFFFF,0xFFFF,0xFFFF,0xFFFF,0xFFFF,0xFFFF,0xFFFF,0xFFFF,0xFFFF,0xFFFF,0xFFFF,0xFFFF,0xFFFF,
  0xFFFF,0xFFFF,0xFFFF,0xFFFF,0xFFFF,0xFFFF,0xFFFF,0xFFFF,0xFFFF,0xFFFF,0xFFFF,0xFFFF,0xFFFF,0xFFFF,0xFFFF,0xFFFF,
  0xFFFF,0xFFFF,0xFFFF,0xFFFF,0xFFFF,0xFFFF,0xFFFF,0xFFFF,0xFFFF,0xFFFF,0xFFFF,0xFFFF,0xFFFF,0xFFFF,0xFFFF,0xFFFF,
  0xFFFF,0xFFFF,0xFFFF,0xFFFF,0xFFFF,0xFFFF,0xFFFF,0xFFFF,0xFFFF,0xFFFF,0xFFFF,0xFFFF,0xFFFF,0xFFFF,0xFFFF,0xFFFF,
  0xFFFF,0xFFFF,0xFFFF,0xFFFF,0xFFFF,0xFFFF,0xFFFF,0xFFFF,0xFFFF,0xFFFF,0xFFFF,0xFFFF,0xFFFF,0xFFFF,0xFFFF,0xFFFF,
  0xFFFF,0xFFFF,0xFFFF,0xFFFF,0xFFFF,0xFFFF,0xFFFF,0xFFFF,0xFFFF,0xFFFF,0xFFFF,0xFFFF,0xFFFF,0xFFFF,0xFFFF,0xFFFF,
  0xFFFF,0xFFFF,0xFFFF,0xFFFF,0xFFFF,0xFFFF,0xFFFF,0xFFFF,0xFFFF,0xFFFF,0xFFFF,0xFFFF,0xFFFF,0xFFFF,0xFFFF,0xFFFF,
  0xFFFF,0xFFFF,0xFFFF,0xFFFF,0xFFFF,0xFFFF,0xFFFF,0xFFFF,0xFFFF,0xFFFF,0xFFFF,0xFFFF,0xFFFF,0xFFFF,0xFFFF,0xFFFF,
  0xFFFF,0xFFFF,0xFFFF,0xFFFF,0xFFFF,0xFFFF,0xFFFF,0xFFFF,0xFFFF,0xFFFF,0xFFFF,0xFFFF,0xFFFF,0xFFFF,0xFFFF,0xFFFF,
  0xFFFF,0xFFFF,0xFFFF,0xFFFF,0xFFFF,0xFFFF,0xFFFF,0xFFFF,0xFFFF,0xFFFF,0xFFFF,0xFFFF,0xFFFF,0xFFFF,0xFFFF,0xFFFF,
  0xFFFF,0xFFFF,0xFFFF,0xFFFF,0xFFFF,0xFFFF,0xFFFF,0xFFFF,0xFFFF,0xFFFF,0xFFFF,0xFFFF,0xFFFF,0xFFFF,0xFFFF,0xFFFF,
  0xFFFF,0xFFFF,0xFFFF,0xFFFF,0xFFFF,0xFFFF,0xFFFF,0xFFFF,0xFFFF,0xFFFF,0xFFFF,0xFFFF,0xFFFF,0xFFFF,0xFFFF,0xFFFF,
  0xFFFF,0xFFFF,0xFFFF,0xFFFF,0xFFFF,0xFFFF,0xFFFF,0xFFFF,0xFFFF,0xFFFF,0xFFFF,0xFFFF,0xFFFF,0xFFFF,0xFFFF,0xFFFF,
  0xFFFF,0xFFFF,0xFFFF,0xFFFF,0xFFFF,0xFFFF,0xFFFF,0xFFFF,0xFFFF,0xFFFF,0xFFFF,0xFFFF,0xFFFF,0xFFFF,0xFFFF,0xFFFF,
  0xFFFF,0xFFFF,0xFFFF,0xFFFF,0xFFFF,0xFFFF,0xFFFF,0xFFFF,0xFFFF,0xFFFF,0xFFFF,0xFFFF,0xFFFF,0xFFFF,0xFFFF,0xFFFF,
  0xFFFF,0xFFFF,0xFFFF,0xFFFF,0xFFFF,0xFFFF,0xFFFF,0xFFFF,0xFFFF,0xFFFF,0xFFFF,0xFFFF,0xFFFF,0xFFFF,0xFFFF,0xFFFF,
  0xFFFF,0xFFFF,0xFFFF,0xFFFF,0xFFFF,0xFFFF,0xFFFF,0xFFFF,0xFFFF,0xFFFF,0xFFFF,0xFFFF,0xFFFF,0xFFFF,0xFFFF,0xFFFF,
  0xFFFF,0xFFFF,0xFFFF,0xFFFF,0xFFFF,0xFFFF,0xFFFF,0xFFFF,0xFFFF,0xFFFF,0xFFFF,0xFFFF,0xFFFF,0xFFFF,0xFFFF,0xFFFF,
  0xFFFF,0xFFFF,0xFFFF,0xFFFF,0xFFFF,0xFFFF,0xFFFF,0xFFFF,0xFFFF,0xFFFF,0xFFFF,0xFFFF,0xFFFF,0xFFFF,0xFFFF,0xFFFF,
  0xFFFF,0xFFFF,0xFFFF,0xFFFF,0xFFFF,0xFFFF,0xFFFF,0xFFFF,0xFFFF,0xFFFF,0xFFFF,0xFFFF,0xFFFF,0xFFFF,0xFFFF,0xFFFF,
  0xFFFF,0xFFFF,0xFFFF,0xFFFF,0xFFFF,0xFFFF,0xFFFF,0xFFFF,0xFFFF,0xFFFF,0xFFFF,0xFFFF,0xFFFF,0xFFFF,0xFFFF,0xFFFF,
  0xFFFF,0xFFFF,0xFFFF,0xFFFF,0xFFFF,0xFFFF,0xFFFF,0xFFFF,0xFFFF,0xFFFF,0xFFFF,0xFFFF,0xFFFF,0xFFFF,0xFFFF,0xFFFF,
  0xFFFF,0xFFFF,0xFFFF,0xFFFF,0xFFFF,0xFFFF,0xFFFF,0xFFFF,0xFFFF,0xFFFF,0xFFFF,0xFFFF,0xFFFF,0xFFFF,0xFFFF,0xFFFF,
  0xFFFF,0xFFFF,0xFFFF,0xFFFF,0xFFFF,0xFFFF,0xFFFF,0xFFFF,0xFFFF,0xFFFF,0xFFFF,0xFFFF,0xFFFF,0xFFFF,0xFFFF,0xFFFF,
  0xFFFF,0xFFFF,0xFFFF,0xFFFF,0xFFFF,0xFFFF,0xFFFF,0xFFFF,0xFFFF,0xFFFF,0xFFFF,0xFFFF,0xFFFF,0xFFFF,0xFFFF,0xFFFF,
  0xFFFF,0xFFFF,0xFFFF,0xFFFF,0xFFFF,0xFFFF,0xFFFF,0xFFFF,0xFFFF,0xFFFF,0xFFFF,0xFFFF,0xFFFF,0xFFFF,0xFFFF,0xFFFF,
  0xFFFF,0xFFFF,0xFFFF,0xFFFF,0xFFFF,0xFFFF,0xFFFF,0xFFFF,0xFFFF,0xFFFF,0xFFFF,0xFFFF,0xFFFF,0xFFFF,0xFFFF,0xFFFF,
  0xFFFF,0xFFFF,0xFFFF,0xFFFF,0xFFFF,0xFFFF,0xFFFF,0xFFFF,0xFFFF,0xFFFF,0xFFFF,0xFFFF,0xFFFF,0xFFFF,0xFFFF,0xFFFF,
  0xFFFF,0xFFFF,0xFFFF,0xFFFF,0xFFFF,0xFFFF,0xFFFF,0xFFFF,0xFFFF,0xFFFF,0xFFFF,0xFFFF,0xFFFF,0xFFFF,0xFFFF,0xFFFF,
  0xFFFF,0xFFFF,0xFFFF,0xFFFF,0xFFFF,0xFFFF,0xFFFF,0xFFFF,0xFFFF,0xFFFF,0xFFFF,0xFFFF,0xFFFF,0xFFFF,0xFFFF,0xFFFF,
  0xFFFF,0xFFFF,0xFFFF,0xFFFF,0xFFFF,0xFFFF,0xFFFF,0xFFFF,0xFFFF,0xFFFF,0xFFFF,0xFFFF,0xFFFF,0xFFFF,0xFFFF,0xFFFF,
  0xFFFF,0xFFFF,0xFFFF,0xFFFF,0xFFFF,0xFFFF,0xFFFF,0xFFFF,0xFFFF,0xFFFF,0xFFFF,0xFFFF,0xFFFF,0xFFFF,0xFFFF,0xFFFF,
  0xFFFF,0xFFFF,0xFFFF,0xFFFF,0xFFFF,0xFFFF,0xFFFF,0xFFFF,0xFFFF,0xFFFF,0xFFFF,0xFFFF,0xFFFF,0xFFFF,0xFFFF,0xFFFF,
  0xFFFF,0xFFFF,0xFFFF,0xFFFF,0xFFFF,0xFFFF,0xFFFF,0xFFFF,0xFFFF,0xFFFF,0xFFFF,0xFFFF,0xFFFF,0xFFFF,0xFFFF,0xFFFF,
  0xFFFF,0xFFFF,0xFFFF,0xFFFF,0xFFFF,0xFFFF,0xFFFF,0xFFFF,0xFFFF,0xFFFF,0xFFFF,0xFFFF,0xFFFF,0xFFFF,0xFFFF,0xFFFF,
  0xFFFF,0xFFFF,0xFFFF,0xFFFF,0xFFFF,0xFFFF,0xFFFF,0xFFFF,0xFFFF,0xFFFF,0xFFFF,0xFFFF,0xFFFF,0xFFFF,0xFFFF,0xFFFF,
  0xFFFF,0xFFFF,0xFFFF,0xFFFF,0xFFFF,0xFFFF,0xFFFF,0xFFFF,0xFFFF,0xFFFF,0xFFFF,0xFFFF,0xFFFF,0xFFFF,0xFFFF,0xFFFF,
  0xFFFF,0xFFFF,0xFFFF,0xFFFF,0xFFFF,0xFFFF,0xFFFF,0xFFFF,0xFFFF,0xFFFF,0xFFFF,0xFFFF,0xFFFF,0xFFFF,0xFFFF,0xFFFF,
  0xFFFF,0xFFFF,0xFFFF,0xFFFF,0xFFFF,0xFFFF,0xFFFF,0xFFFF,0xFFFF,0xFFFF,0xFFFF,0xFFFF,0xFFFF,0xFFFF,0xFFFF,0xFFFF,
  0xFFFF,0xFFFF,0xFFFF,0xFFFF,0xFFFF,0xFFFF,0xFFFF,0xFFFF,0xFFFF,0xFFFF,0xFFFF,0xFFFF,0xFFFF,0xFFFF,0xFFFF,0xFFFF,
  0xFFFF,0xFFFF,0xFFFF,0xFFFF,0xFFFF,0xFFFF,0xFFFF,0xFFFF,0xFFFF,0xFFFF,0xFFFF,0xFFFF,0xFFFF,0xFFFF,0xFFFF,0xFFFF,
  0xFFFF,0xFFFF,0xFFFF,0xFFFF,0xFFFF,0xFFFF,0xFFFF,0xFFFF,0xFFFF,0xFFFF,0xFFFF,0xFFFF,0xFFFF,0xFFFF,0xFFFF,0xFFFF,
  0xFFFF,0xFFFF,0xFFFF,0xFFFF,0xFFFF,0xFFFF,0xFFFF,0xFFFF,0xFFFF,0xFFFF,0xFFFF,0xFFFF,0xFFFF,0xFFFF,0xFFFF,0xFFFF,
  0xFFFF,0xFFFF,0xFFFF,0xFFFF,0xFFFF,0xFFFF,0xFFFF,0xFFFF,0xFFFF,0xFFFF,0xFFFF,0xFFFF,0xFFFF,0xFFFF,0xFFFF,0xFFFF,
  0xFFFF,0xFFFF,0xFFFF,0xFFFF,0xFFFF,0xFFFF,0xFFFF,0xFFFF,0xFFFF,0xFFFF,0xFFFF,0xFFFF,0xFFFF,0xFFFF,0xFFFF,0xFFFF,
  0xFFFF,0xFFFF,0xFFFF,0xFFFF,0xFFFF,0xFFFF,0xFFFF,0xFFFF,0xFFFF,0xFFFF,0xFFFF,0xFFFF,0xFFFF,0xFFFF,0xFFFF,0xFFFF,
  0xFFFF,0xFFFF,0xFFFF,0xFFFF,0xFFFF,0xFFFF,0xFFFF,0xFFFF,0xFFFF,0xFFFF,0xFFFF,0xFFFF,0xFFFF,0xFFFF,0xFFFF,0xFFFF,
  0xFFFF,0xFFFF,0xFFFF,0xFFFF,0xFFFF,0xFFFF,0xFFFF,0xFFFF,0xFFFF,0xFFFF,0xFFFF,0xFFFF,0xFFFF,0xFFFF,0xFFFF,0xFFFF,
  0xFFFF,0xFFFF,0xFFFF,0xFFFF,0xFFFF,0xFFFF,0xFFFF,0xFFFF,0xFFFF,0xFFFF,0xFFFF,0xFFFF,0xFFFF,0xFFFF,0xFFFF,0xFFFF,
  0xFFFF,0xFFFF,0xFFFF,0xFFFF,0xFFFF,0xFFFF,0xFFFF,0xFFFF,0xFFFF,0xFFFF,0xFFFF,0xFFFF,0xFFFF,0xFFFF,0xFFFF,0xFFFF,
  0xFFFF,0xFFFF,0xFFFF,0xFFFF,0xFFFF,0xFFFF,0xFFFF,0xFFFF,0xFFFF,0xFFFF,0xFFFF,0xFFFF,0xFFFF,0xFFFF,0xFFFF,0xFFFF,
  0xFFFF,0xFFFF,0xFFFF,0xFFFF,0xFFFF,0xFFFF,0xFFFF,0xFFFF,0xFFFF,0xFFFF,0xFFFF,0xFFFF,0xFFFF,0xFFFF,0xFFFF,0xFFFF,
  0xFFFF,0xFFFF,0xFFFF,0xFFFF,0xFFFF,0xFFFF,0xFFFF,0xFFFF,0xFFFF,0xFFFF,0xFFFF,0xFFFF,0xFFFF,0xFFFF,0xFFFF,0xFFFF,
  0xFFFF,0xFFFF,0xFFFF,0xFFFF,0xFFFF,0xFFFF,0xFFFF,0xFFFF,0xFFFF,0xFFFF,0xFFFF,0xFFFF,0xFFFF,0xFFFF,0xFFFF,0xFFFF,
  0xFFFF,0xFFFF,0xFFFF,0xFFFF,0xFFFF,0xFFFF,0xFFFF,0xFFFF,0xFFFF,0xFFFF,0xFFFF,0xFFFF,0xFFFF,0xFFFF,0xFFFF,0xFFFF,
  0xFFFF,0xFFFF,0xFFFF,0xFFFF,0xFFFF,0xFFFF,0xFFFF,0xFFFF,0xFFFF,0xFFFF,0xFFFF,0xFFFF,0xFFFF,0xFFFF,0xFFFF,0xFFFF,
  0xFFFF,0xFFFF,0xFFFF,0xFFFF,0xFFFF,0xFFFF,0xFFFF,0xFFFF,0xFFFF,0xFFFF,0xFFFF,0xFFFF,0xFFFF,0xFFFF,0xFFFF,0xFFFF,
  0xFFFF,0xFFFF,0xFFFF,0xFFFF,0xFFFF,0xFFFF,0xFFFF,0xFFFF,0xFFFF,0xFFFF,0xFFFF,0xFFFF,0xFFFF,0xFFFF,0xFFFF,0xFFFF,
  0xFFFF,0xFFFF,0xFFFF,0xFFFF,0xFFFF,0xFFFF,0xFFFF,0xFFFF,0xFFFF,0xFFFF,0xFFFF,0xFFFF,0xFFFF,0xFFFF,0xFFFF,0xFFFF,
  0xFFFF,0xFFFF,0xFFFF,0xFFFF,0xFFFF,0xFFFF,0xFFFF,0xFFFF,0xFFFF,0xFFFF,0xFFFF,0xFFFF,0xFFFF,0xFFFF,0xFFFF,0xFFFF,
  0xFFFF,0xFFFF,0xFFFF,0xFFFF,0xFFFF,0xFFFF,0xFFFF,0xFFFF,0xFFFF,0xFFFF,0xFFFF,0xFFFF,0xFFFF,0xFFFF,0xFFFF,0xFFFF,
  0xFFFF,0xFFFF,0xFFFF,0xFFFF,0xFFFF,0xFFFF,0xFFFF,0xFFFF,0xFFFF,0xFFFF,0xFFFF,0xFFFF,0xFFFF,0xFFFF,0xFFFF,0xFFFF,
  0xFFFF,0xFFFF,0xFFFF,0xFFFF,0xFFFF,0xFFFF,0xFFFF,0xFFFF,0xFFFF,0xFFFF,0xFFFF,0xFFFF,0xFFFF,0xFFFF,0xFFFF,0xFFFF,
  0xFFFF,0xFFFF,0xFFFF,0xFFFF,0xFFFF,0xFFFF,0xFFFF,0xFFFF,0xFFFF,0xFFFF,0xFFFF,0xFFFF,0xFFFF,0xFFFF,0xFFFF,0xFFFF,
  0xFFFF,0xFFFF,0xFFFF,0xFFFF,0xFFFF,0xFFFF,0xFFFF,0xFFFF,0xFFFF,0xFFFF,0xFFFF,0xFFFF,0xFFFF,0xFFFF,0xFFFF,0xFFFF,
  0xFFFF,0xFFFF,0xFFFF,0xFFFF,0xFFFF,0xFFFF,0xFFFF,0xFFFF,0xFFFF,0xFFFF,0xFFFF,0xFFFF,0xFFFF,0xFFFF,0xFFFF,0xFFFF,
  0xFFFF,0xFFFF,0xFFFF,0xFFFF,0xFFFF,0xFFFF,0xFFFF,0xFFFF,0xFFFF,0xFFFF,0xFFFF,0xFFFF,0xFFFF,0xFFFF,0xFFFF,0xFFFF,
  0xFFFF,0xFFFF,0xFFFF,0xFFFF,0xFFFF,0xFFFF,0xFFFF,0xFFFF,0xFFFF,0xFFFF,0xFFFF,0xFFFF,0xFFFF,0xFFFF,0xFFFF,0xFFFF,
  0xFFFF,0xFFFF,0xFFFF,0xFFFF,0xFFFF,0xFFFF,0xFFFF,0xFFFF,0xFFFF,0xFFFF,0xFFFF,0xFFFF,0xFFFF,0xFFFF,0xFFFF,0xFFFF,
  0xFFFF,0xFFFF,0xFFFF,0xFFFF,0xFFFF,0xFFFF,0xFFFF,0xFFFF,0xFFFF,0xFFFF,0xFFFF,0xFFFF,0xFFFF,0xFFFF,0xFFFF,0xFFFF,
  0xFFFF,0xFFFF,0xFFFF,0xFFFF,0xFFFF,0xFFFF,0xFFFF,0xFFFF,0xFFFF,0xFFFF,0xFFFF,0xFFFF,0xFFFF,0xFFFF,0xFFFF,0xFFFF,
  0xFFFF,0xFFFF,0xFFFF,0xFFFF,0xFFFF,0xFFFF,0xFFFF,0xFFFF,0xFFFF,0xFFFF,0xFFFF,0xFFFF,0xFFFF,0xFFFF,0xFFFF,0xFFFF,
  0xFFFF,0xFFFF,0xFFFF,0xFFFF,0xFFFF,0xFFFF,0xFFFF,0xFFFF,0xFFFF,0xFFFF,0xFFFF,0xFFFF,0xFFFF,0xFFFF,0xFFFF,0xFFFF,
  0xFFFF,0xFFFF,0xFFFF,0xFFFF,0xFFFF,0xFFFF,0xFFFF,0xFFFF,0xFFFF,0xFFFF,0xFFFF,0xFFFF,0xFFFF,0xFFFF,0xFFFF,0xFFFF,
  0xFFFF,0xFFFF,0xFFFF,0xFFFF,0xFFFF,0xFFFF,0xFFFF,0xFFFF,0xFFFF,0xFFFF,0xFFFF,0xFFFF,0xFFFF,0xFFFF,0xFFFF,0xFFFF,
  0xFFFF,0xFFFF,0xFFFF,0xFFFF,0xFFFF,0xFFFF,0xFFFF,0xFFFF,0xFFFF,0xFFFF,0xFFFF,0xFFFF,0xFFFF,0xFFFF,0xFFFF,0xFFFF,
  0xFFFF,0xFFFF,0xFFFF,0xFFFF,0xFFFF,0xFFFF,0xFFFF,0xFFFF,0xFFFF,0xFFFF,0xFFFF,0xFFFF,0xFFFF,0xFFFF,0xFFFF,0xFFFF,
  0xFFFF,0xFFFF,0xFFFF,0xFFFF,0xFFFF,0xFFFF,0xFFFF,0xFFFF,0xFFFF,0xFFFF,0xFFFF,0xFFFF,0xFFFF,0xFFFF,0xFFFF,0xFFFF,
  0xFFFF,0xFFFF,0xFFFF,0xFFFF,0xFFFF,0xFFFF,0xFFFF,0xFFFF,0xFFFF,0xFFFF,0xFFFF,0xFFFF,0xFFFF,0xFFFF,0xFFFF,0xFFFF,
};
